"name","name_cbs","pos","team_cbs","positionRank_cbs","overallRank_cbs","passAtt_cbs","passComp_cbs","passYds_cbs","passTds_cbs","passInt_cbs","passCompPct_cbs","passYdsPerAtt_cbs","rushAtt_cbs","rushYds_cbs","rushYdsPerAtt_cbs","rushTds_cbs","rec_cbs","recYds_cbs","recYdsPerRec_cbs","recTds_cbs","twoPts_cbs","fumbles_cbs","pts_cbs"
"PEYTONMANNING","Peyton Manning","QB","DEN",1,1,636.5,433.5,5330.5,44.5,12,68.1,8.4,19.5,4,0.2,0,NA,NA,NA,NA,NA,3,443
"AARONRODGERS","Aaron Rodgers","QB","GB",2,2,549.5,365,4659,37,7.5,66.4,8.5,50,210,4.2,2,NA,NA,NA,NA,NA,2,407
"DREWBREES","Drew Brees","QB","NO",3,3,645,426,5131.5,39,14,66,8,30.5,50.5,1.7,0.5,NA,NA,NA,NA,NA,1.5,404
"MATTHEWSTAFFORD","Matthew Stafford","QB","DET",4,4,644,398,5025,36.5,16.5,61.8,7.8,33.5,85.5,2.6,1,NA,NA,NA,NA,NA,2.5,384
"TOMBRADY","Tom Brady","QB","NE",5,5,637.5,400.5,4711,33.5,13,62.8,7.4,31,31.5,1,1.5,NA,NA,NA,NA,NA,3,358
"MATTRYAN","Matt Ryan","QB","ATL",6,6,638,422,4801.5,31.5,12,66.1,7.5,28,64.5,2.3,1,NA,NA,NA,NA,NA,2,355
"TONYROMO","Tony Romo","QB","DAL",7,7,644.5,410,4629,33.5,15.5,63.6,7.2,24,43.5,1.8,1,NA,NA,NA,NA,NA,2.5,349
"NICKFOLES","Nick Foles","QB","PHI",7,7,563.5,366.5,4502.5,30.5,13,65,8,55,205,3.7,2,NA,NA,NA,NA,NA,3,349
"ANDREWLUCK","Andrew Luck","QB","IND",7,7,578,361.5,4320,28,10.5,62.5,7.5,60.5,306.5,5.1,3.5,NA,NA,NA,NA,NA,3,349
"COLINKAEPERNICK","Colin Kaepernick","QB","SF",10,10,488.5,292.5,3870.5,26,12,59.9,7.9,85,473,5.6,4.5,NA,NA,NA,NA,NA,2,340
"JAYCUTLER","Jay Cutler","QB","CHI",11,11,560.5,356,4187,31.5,13.5,63.5,7.5,28.5,143.5,5,1.5,NA,NA,NA,NA,NA,3,330
"BENROETHLISBERGER","Ben Roethlisberger","QB","PIT",12,12,608.5,390,4471,30,14,64.1,7.3,29,89.5,3.1,1,NA,NA,NA,NA,NA,3.5,327
"PHILIPRIVERS","Philip Rivers","QB","SD",13,13,560.5,377,4566.5,29.5,14,67.3,8.1,28.5,56.5,2,0,NA,NA,NA,NA,NA,3.5,319
"RUSSELLWILSON","Russell Wilson","QB","SEA",14,14,463,287.5,3708,25.5,10,62.1,8,88,430.5,4.9,2.5,NA,NA,NA,NA,NA,3,318
"CARSONPALMER","Carson Palmer","QB","ARI",15,15,566.5,357,4461.5,32,20,63,7.9,22.5,8,0.4,0,NA,NA,NA,NA,NA,3.5,317
"CAMNEWTON","Cam Newton","QB","CAR",16,16,503,303.5,3735.5,22,15,60.3,7.4,100,521,5.2,5,NA,NA,NA,NA,NA,3,312
"ROBERTGRIFFIN","Robert Griffin III","QB","WAS",17,17,448,278.5,3546,24.5,10,62.2,7.9,81.5,444,5.4,3.5,NA,NA,NA,NA,NA,2.5,311
"ANDYDALTON","Andy Dalton","QB","CIN",18,18,538.5,335,3913.5,29,15.5,62.2,7.3,50.5,147,2.9,1.5,NA,NA,NA,NA,NA,3,300
"RYANTANNEHILL","Ryan Tannehill","QB","MIA",19,19,598.5,364.5,4243,23.5,16.5,60.9,7.1,50.5,242.5,4.8,1.5,NA,NA,NA,NA,NA,3.5,288
"ALEXSMITH","Alex Smith","QB","KC",20,20,540.5,326.5,3659,24.5,13.5,60.4,6.8,60.5,284.5,4.7,1.5,NA,NA,NA,NA,NA,3.5,282
"JOEFLACCO","Joe Flacco","QB","BAL",21,21,564,343.5,4023.5,25.5,17,60.9,7.1,31,87.5,2.8,0.5,NA,NA,NA,NA,NA,3.5,273
"ELIMANNING","Eli Manning","QB","NYG",22,22,521.5,328.5,3951.5,26,15.5,63,7.6,24,23,1,0,NA,NA,NA,NA,NA,2,270
"JAKELOCKER","Jake Locker","QB","TEN",23,23,458.5,279,3378.5,21.5,11,60.9,7.4,51.5,294.5,5.7,3,NA,NA,NA,NA,NA,2,269
"JOSHMCCOWN","Josh McCown","QB","TB",24,24,488.5,293.5,3528,25,14.5,60.1,7.2,30,109.5,3.6,1.5,NA,NA,NA,NA,NA,3,260
"JAMAALCHARLES","Jamaal Charles","RB","KC",1,25,NA,NA,NA,NA,NA,NA,NA,260,1274,4.9,10,66.5,606.5,9.1,4,NA,2,251
"LESEANMCCOY","LeSean McCoy","RB","PHI",2,26,NA,NA,NA,NA,NA,NA,NA,287.5,1475.5,5.1,10.5,40.5,379.5,9.4,2.5,NA,2,244
"MATTFORTE","Matt Forte","RB","CHI",3,27,NA,NA,NA,NA,NA,NA,NA,279,1304,4.7,8,64.5,532,8.2,3.5,NA,2,234
"CALVINJOHNSON","Calvin Johnson","WR","DET",1,28,NA,NA,NA,NA,NA,NA,NA,NA,NA,NA,NA,94,1584,16.9,12.5,NA,1,224
"EJMANUEL","EJ Manuel","QB","BUF",25,29,449,268.5,2959.5,18,14.5,59.8,6.6,84,338.5,4,1.5,NA,NA,NA,NA,NA,3.5,219
"GENOSMITH","Geno Smith","QB","NYJ",26,30,473,286,3126.5,17.5,14.5,60.5,6.6,43,222,5.2,3,NA,NA,NA,NA,NA,3,218
"ADRIANPETERSON","Adrian Peterson","RB","MIN",4,31,NA,NA,NA,NA,NA,NA,NA,295,1367.5,4.6,10.5,44.5,288.5,6.5,1.5,NA,2.5,217
"SHAUNHILL","Shaun Hill","QB","STL",27,32,439,263,3337,18.5,16,59.9,7.6,29,99.5,3.4,1.5,NA,NA,NA,NA,NA,1.5,215
"JOHNNYMANZIEL","Johnny Manziel","QB","CLE",28,33,349.5,207.5,2538.5,15.5,11.5,59.4,7.3,78.5,397.5,5.1,3.5,NA,NA,NA,NA,NA,2.5,211
"DEMARYIUSTHOMAS","Demaryius Thomas","WR","DEN",2,33,NA,NA,NA,NA,NA,NA,NA,NA,NA,NA,NA,95,1453,15.3,12.5,NA,0.5,211
"EDDIELACY","Eddie Lacy","RB","GB",5,35,NA,NA,NA,NA,NA,NA,NA,273,1280,4.7,10.5,36,254,7.1,1,NA,1,205
"DEMARCOMURRAY","DeMarco Murray","RB","DAL",6,36,NA,NA,NA,NA,NA,NA,NA,238,1188,5,9,54,403,7.5,1,NA,2,200
"MONTEEBALL","Montee Ball","RB","DEN",7,37,NA,NA,NA,NA,NA,NA,NA,256.5,1190.5,4.6,10,43,319,7.4,1.5,NA,2.5,198
"GIOVANIBERNARD","Giovani Bernard","RB","CIN",8,38,NA,NA,NA,NA,NA,NA,NA,243,1173.5,4.8,6,55.5,497,9,2,NA,2.5,196
"DEZBRYANT","Dez Bryant","WR","DAL",3,39,NA,NA,NA,NA,NA,NA,NA,NA,NA,NA,NA,97,1354,14,11.5,NA,1,194
"JIMMYGRAHAM","Jimmy Graham","TE","NO",1,39,NA,NA,NA,NA,NA,NA,NA,NA,NA,NA,NA,87.5,1213.5,13.9,13.5,NA,0,194
"JULIOJONES","Julio Jones","WR","ATL",4,41,NA,NA,NA,NA,NA,NA,NA,NA,NA,NA,NA,90.5,1357.5,15,10.5,NA,0.5,190
"RYANFITZPATRICK","Ryan Fitzpatrick","QB","HOU",29,42,443.5,271.5,2999.5,17.5,15.5,61.2,6.8,28.5,122,4.3,0.5,NA,NA,NA,NA,NA,2.5,189
"MATTSCHAUB","Matt Schaub","QB","OAK",30,43,473.5,279,3118,17.5,14,58.9,6.6,24,24.5,1,0,NA,NA,NA,NA,NA,2.5,188
"AJGREEN","A.J. Green","WR","CIN",5,44,NA,NA,NA,NA,NA,NA,NA,NA,NA,NA,NA,91,1311,14.4,10.5,NA,0,186
"DOUGMARTIN","Doug Martin","RB","TB",9,45,NA,NA,NA,NA,NA,NA,NA,280.5,1222.5,4.4,7.5,40,284.5,7.1,1.5,NA,2,184
"BRANDONMARSHALL","Brandon Marshall","WR","CHI",6,45,NA,NA,NA,NA,NA,NA,NA,NA,NA,NA,NA,105.5,1290.5,12.2,10.5,NA,0,184
"JORDYNELSON","Jordy Nelson","WR","GB",7,47,NA,NA,NA,NA,NA,NA,NA,NA,NA,NA,NA,80,1276,15.9,10.5,NA,0.5,181
"ALFREDMORRIS","Alfred Morris","RB","WAS",10,48,NA,NA,NA,NA,NA,NA,NA,268.5,1296,4.8,9.5,16,124,7.8,0,NA,2.5,180
"MARSHAWNLYNCH","Marshawn Lynch","RB","SEA",11,49,NA,NA,NA,NA,NA,NA,NA,270,1193,4.4,9,24,180.5,7.5,1,NA,2,178
"ZACSTACY","Zac Stacy","RB","STL",12,50,NA,NA,NA,NA,NA,NA,NA,283,1194,4.2,8.5,31.5,197,6.3,1,NA,2,176
"LEVEONBELL","Le'Veon Bell","RB","PIT",12,50,NA,NA,NA,NA,NA,NA,NA,257,1109,4.3,7,42.5,345,8.1,1,NA,1,176
"TEDDYBRIDGEWATER","Teddy Bridgewater","QB","MIN",31,52,308,190.5,2404.5,13.5,9,61.9,7.8,38.5,170,4.4,2.5,NA,NA,NA,NA,NA,1.5,173
"ARIANFOSTER","Arian Foster","RB","HOU",14,52,NA,NA,NA,NA,NA,NA,NA,260,1121.5,4.3,5.5,42,346.5,8.2,2,NA,2,173
"ANTONIOBROWN","Antonio Brown","WR","PIT",8,54,NA,NA,NA,NA,NA,NA,NA,NA,NA,NA,NA,102.5,1345,13.1,7.5,NA,0.5,172
"ALSHONJEFFERY","Alshon Jeffery","WR","CHI",9,55,NA,NA,NA,NA,NA,NA,NA,NA,NA,NA,NA,82.5,1300.5,15.8,8,NA,1,171
"ANDREELLINGTON","Andre Ellington","RB","ARI",15,56,NA,NA,NA,NA,NA,NA,NA,199,985,4.9,4.5,54.5,485,8.9,2,NA,1.5,168
"TOBYGERHART","Toby Gerhart","RB","JAC",16,57,NA,NA,NA,NA,NA,NA,NA,281.5,1153.5,4.1,6.5,35,242,6.9,1,NA,1.5,167
"RANDALLCOBB","Randall Cobb","WR","GB",10,57,NA,NA,NA,NA,NA,NA,NA,NA,NA,NA,NA,86.5,1172.5,13.6,8,NA,1,167
"MICHAELCRABTREE","Michael Crabtree","WR","SF",11,59,NA,NA,NA,NA,NA,NA,NA,NA,NA,NA,NA,82.5,1204.5,14.6,8.5,NA,1,162
"LARRYFITZGERALD","Larry Fitzgerald","WR","ARI",12,60,NA,NA,NA,NA,NA,NA,NA,NA,NA,NA,NA,84,1096,13,10,NA,0,161
"RYANMATHEWS","Ryan Mathews","RB","SD",17,61,NA,NA,NA,NA,NA,NA,NA,263,1134,4.3,7,24,162,6.8,1,NA,1.5,159
"SHANEVEREEN","Shane Vereen","RB","NE",18,62,NA,NA,NA,NA,NA,NA,NA,147,666,4.5,3,64.5,598,9.3,5,NA,0.5,158
"VINCENTJACKSON","Vincent Jackson","WR","TB",13,62,NA,NA,NA,NA,NA,NA,NA,NA,NA,NA,NA,73.5,1176.5,16,8,NA,0,158
"JOIQUEBELL","Joique Bell","RB","DET",19,64,NA,NA,NA,NA,NA,NA,NA,202.5,905,4.5,7.5,44,351.5,8,1,NA,2.5,155
"ANDREJOHNSON","Andre Johnson","WR","HOU",14,65,NA,NA,NA,NA,NA,NA,NA,NA,NA,NA,NA,94,1281.5,13.6,5.5,NA,0,154
"ROBGRONKOWSKI","Rob Gronkowski","TE","NE",2,65,NA,NA,NA,NA,NA,NA,NA,NA,NA,NA,NA,76,988.5,13,10.5,NA,0,154
"REGGIEBUSH","Reggie Bush","RB","DET",20,67,NA,NA,NA,NA,NA,NA,NA,193.5,915.5,4.7,3.5,47,425,9,3,NA,2.5,152
"CORDARRELLEPATTERSON","Cordarrelle Patterson","WR","MIN",15,68,NA,NA,NA,NA,NA,NA,NA,NA,NA,NA,NA,68,982,14.4,6.5,NA,0,150
"JULIUSTHOMAS","Julius Thomas","TE","DEN",3,69,NA,NA,NA,NA,NA,NA,NA,NA,NA,NA,NA,77,957,12.4,10.5,NA,0.5,149
"CJSPILLER","C.J. Spiller","RB","BUF",21,70,NA,NA,NA,NA,NA,NA,NA,214.5,1047.5,4.9,4.5,38,280.5,7.4,1.5,NA,2.5,148
"KEENANALLEN","Keenan Allen","WR","SD",16,71,NA,NA,NA,NA,NA,NA,NA,NA,NA,NA,NA,69.5,1071,15.4,8.5,NA,1,147
"RAYRICE","Ray Rice","RB","BAL",22,72,NA,NA,NA,NA,NA,NA,NA,188.5,857,4.5,5.5,43.5,371,8.5,1.5,NA,2,146
"EMMANUELSANDERS","Emmanuel Sanders","WR","DEN",17,72,NA,NA,NA,NA,NA,NA,NA,NA,NA,NA,NA,76.5,1088.5,14.2,7.5,NA,0,146
"FRANKGORE","Frank Gore","RB","SF",23,74,NA,NA,NA,NA,NA,NA,NA,233.5,1048.5,4.5,7.5,15.5,127.5,8.2,0,NA,1,145
"BISHOPSANKEY","Bishop Sankey","RB","TEN",23,74,NA,NA,NA,NA,NA,NA,NA,229.5,1024.5,4.5,5.5,29,233.5,8.1,1,NA,2,145
"MICHAELFLOYD","Michael Floyd","WR","ARI",18,74,NA,NA,NA,NA,NA,NA,NA,NA,NA,NA,NA,79,1108,14,7,NA,0,145
"RODDYWHITE","Roddy White","WR","ATL",18,74,NA,NA,NA,NA,NA,NA,NA,NA,NA,NA,NA,86,1093.5,12.7,7.5,NA,0.5,145
"PIERREGARCON","Pierre Garcon","WR","WAS",20,78,NA,NA,NA,NA,NA,NA,NA,NA,NA,NA,NA,81,1149.5,14.2,6,NA,0,144
"RASHADJENNINGS","Rashad Jennings","RB","NYG",25,79,NA,NA,NA,NA,NA,NA,NA,215,937,4.4,5.5,40,304,7.6,1,NA,2.5,142
"VICTORCRUZ","Victor Cruz","WR","NYG",21,80,NA,NA,NA,NA,NA,NA,NA,NA,NA,NA,NA,79.5,1077,13.5,7,NA,0.5,141
"CHADHENNE","Chad Henne","QB","JAC",32,81,362.5,208.5,2435.5,12,10,57.5,6.7,20.5,46.5,2.3,0,NA,NA,NA,NA,NA,2,140
"BENTATE","Ben Tate","RB","CLE",26,81,NA,NA,NA,NA,NA,NA,NA,233,1052,4.5,7,25.5,159.5,6.3,0,NA,3,140
"CHRISJOHNSON","Chris Johnson","RB","NYJ",27,83,NA,NA,NA,NA,NA,NA,NA,243.5,1004.5,4.1,4.5,36,271,7.5,1,NA,2.5,138
"STEVANRIDLEY","Stevan Ridley","RB","NE",27,83,NA,NA,NA,NA,NA,NA,NA,228,994.5,4.4,8,7.5,49.5,6.6,0,NA,2,138
"GOLDENTATE","Golden Tate","WR","DET",22,85,NA,NA,NA,NA,NA,NA,NA,NA,NA,NA,NA,70.5,1015.5,14.4,7,NA,1,135
"TORREYSMITH","Torrey Smith","WR","BAL",23,86,NA,NA,NA,NA,NA,NA,NA,NA,NA,NA,NA,64,1066,16.7,6,NA,0.5,133
"DESEANJACKSON","DeSean Jackson","WR","WAS",24,87,NA,NA,NA,NA,NA,NA,NA,NA,NA,NA,NA,57.5,959.5,16.7,7.5,NA,0.5,132
"MARQUESCOLSTON","Marques Colston","WR","NO",25,88,NA,NA,NA,NA,NA,NA,NA,NA,NA,NA,NA,75.5,990.5,13.1,6.5,NA,0,130
"PERCYHARVIN","Percy Harvin","WR","SEA",25,88,NA,NA,NA,NA,NA,NA,NA,NA,NA,NA,NA,67.5,853,12.6,6.5,NA,0.5,130
"TERRANCEWILLIAMS","Terrance Williams","WR","DAL",27,90,NA,NA,NA,NA,NA,NA,NA,NA,NA,NA,NA,64,949,14.8,7,NA,0.5,129
"JULIANEDELMAN","Julian Edelman","WR","NE",28,91,NA,NA,NA,NA,NA,NA,NA,NA,NA,NA,NA,82,990,12.1,6,NA,0,128
"TRENTRICHARDSON","Trent Richardson","RB","IND",29,92,NA,NA,NA,NA,NA,NA,NA,215.5,810,3.8,5.5,38.5,302,7.8,1,NA,3,127
"FREDJACKSON","Fred Jackson","RB","BUF",30,93,NA,NA,NA,NA,NA,NA,NA,169.5,718,4.2,6,39.5,342.5,8.7,0.5,NA,1.5,126
"KENDALLWRIGHT","Kendall Wright","WR","TEN",29,93,NA,NA,NA,NA,NA,NA,NA,NA,NA,NA,NA,88.5,1064,12,5,NA,1,126
"PIERRETHOMAS","Pierre Thomas","RB","NO",31,95,NA,NA,NA,NA,NA,NA,NA,155,633,4.1,2.5,61.5,433.5,7,3.5,NA,1,125
"KELVINBENJAMIN","Kelvin Benjamin","WR","CAR",30,95,NA,NA,NA,NA,NA,NA,NA,NA,NA,NA,NA,61,914.5,15,7,NA,1,125
"MAURICEJONESDREW","Maurice Jones-Drew","RB","OAK",32,97,NA,NA,NA,NA,NA,NA,NA,219.5,867.5,4,4.5,33,252,7.6,0.5,NA,1,124
"MIKEWALLACE","Mike Wallace","WR","MIA",31,97,NA,NA,NA,NA,NA,NA,NA,NA,NA,NA,NA,70,985.5,14.1,5.5,NA,0.5,124
"JEREMYMACLIN","Jeremy Maclin","WR","PHI",32,99,NA,NA,NA,NA,NA,NA,NA,NA,NA,NA,NA,71,956.5,13.5,6,NA,0.5,122
"VERNONDAVIS","Vernon Davis","TE","SF",4,99,NA,NA,NA,NA,NA,NA,NA,NA,NA,NA,NA,60.5,781,12.9,9,NA,0.5,122
"TERRANCEWEST","Terrance West","RB","CLE",33,101,NA,NA,NA,NA,NA,NA,NA,182,813,4.5,5.5,23,199,8.7,0.5,NA,0,121
"ANDREWILLIAMS","Andre Williams","RB","NYG",33,101,NA,NA,NA,NA,NA,NA,NA,175,785.5,4.5,8,8,65,8.1,0,NA,0.5,121
"JASONWITTEN","Jason Witten","TE","DAL",5,101,NA,NA,NA,NA,NA,NA,NA,NA,NA,NA,NA,80.5,897.5,11.1,6.5,NA,0,121
"TYHILTON","T.Y. Hilton","WR","IND",33,104,NA,NA,NA,NA,NA,NA,NA,NA,NA,NA,NA,65.5,917,14,6,NA,0.5,120
"ERICDECKER","Eric Decker","WR","NYJ",34,105,NA,NA,NA,NA,NA,NA,NA,NA,NA,NA,NA,66.5,936.5,14.1,6,NA,1,119
"RUEBENRANDLE","Rueben Randle","WR","NYG",35,106,NA,NA,NA,NA,NA,NA,NA,NA,NA,NA,NA,62,851,13.7,7,NA,1,118
"WESWELKER","Wes Welker","WR","DEN",36,107,NA,NA,NA,NA,NA,NA,NA,NA,NA,NA,NA,68,865.5,12.7,6.5,NA,0.5,117
"BRANDINCOOKS","Brandin Cooks","WR","NO",36,107,NA,NA,NA,NA,NA,NA,NA,NA,NA,NA,NA,60.5,899,14.9,6,NA,1,117
"DENNISPITTA","Dennis Pitta","TE","BAL",6,107,NA,NA,NA,NA,NA,NA,NA,NA,NA,NA,NA,65.5,828,12.6,7,NA,0,117
"LAMARMILLER","Lamar Miller","RB","MIA",35,110,NA,NA,NA,NA,NA,NA,NA,174,798,4.6,5,27.5,217.5,7.9,0.5,NA,1,116
"KNOWSHONMORENO","Knowshon Moreno","RB","MIA",36,111,NA,NA,NA,NA,NA,NA,NA,158.5,675,4.3,4.5,36,288,8,1.5,NA,1,115
"SAMMYWATKINS","Sammy Watkins","WR","BUF",38,112,NA,NA,NA,NA,NA,NA,NA,NA,NA,NA,NA,55,841,15.3,6.5,NA,1,114
"REGGIEWAYNE","Reggie Wayne","WR","IND",38,112,NA,NA,NA,NA,NA,NA,NA,NA,NA,NA,NA,72.5,925.5,12.8,5,NA,0,114
"JUSTINHUNTER","Justin Hunter","WR","TEN",38,112,NA,NA,NA,NA,NA,NA,NA,NA,NA,NA,NA,52.5,849,16.2,6,NA,0,114
"STEVENJACKSON","Steven Jackson","RB","ATL",37,115,NA,NA,NA,NA,NA,NA,NA,178,722,4.1,5.5,28.5,179.5,6.3,1,NA,1,113
"JORDANCAMERON","Jordan Cameron","TE","CLE",7,115,NA,NA,NA,NA,NA,NA,NA,NA,NA,NA,NA,74.5,892,12,5.5,NA,0.5,113
"BERNARDPIERCE","Bernard Pierce","RB","BAL",38,117,NA,NA,NA,NA,NA,NA,NA,176.5,768,4.4,5.5,18,138.5,7.7,0.5,NA,0,111
"DEVONTAFREEMAN","Devonta Freeman","RB","ATL",38,117,NA,NA,NA,NA,NA,NA,NA,127,633,5,3.5,41.5,355.5,8.6,1.5,NA,1,111
"MIKEEVANS","Mike Evans","WR","TB",41,117,NA,NA,NA,NA,NA,NA,NA,NA,NA,NA,NA,53.5,787.5,14.7,7,NA,1,111
"JORDANREED","Jordan Reed","TE","WAS",8,120,NA,NA,NA,NA,NA,NA,NA,NA,NA,NA,NA,64.5,780,12.1,6.5,NA,0,108
"CARLOSHYDE","Carlos Hyde","RB","SF",40,121,NA,NA,NA,NA,NA,NA,NA,166.5,737.5,4.4,6,14.5,107,7.4,0.5,NA,1,107
"DANNYWOODHEAD","Danny Woodhead","RB","SD",40,121,NA,NA,NA,NA,NA,NA,NA,79.5,347,4.4,1.5,62.5,565,9,4,NA,1,107
"KYLERUDOLPH","Kyle Rudolph","TE","MIN",9,121,NA,NA,NA,NA,NA,NA,NA,NA,NA,NA,NA,63.5,727.5,11.5,7,NA,0,107
"ZACHERTZ","Zach Ertz","TE","PHI",9,121,NA,NA,NA,NA,NA,NA,NA,NA,NA,NA,NA,63,769,12.2,6.5,NA,0.5,107
"DEANGELOWILLIAMS","DeAngelo Williams","RB","CAR",42,125,NA,NA,NA,NA,NA,NA,NA,171.5,728,4.2,4,25,203.5,8.1,1,NA,1.5,104
"GREGOLSEN","Greg Olsen","TE","CAR",11,126,NA,NA,NA,NA,NA,NA,NA,NA,NA,NA,NA,70.5,794,11.3,5.5,NA,0.5,103
"RILEYCOOPER","Riley Cooper","WR","PHI",42,127,NA,NA,NA,NA,NA,NA,NA,NA,NA,NA,NA,54,794.5,14.7,5.5,NA,1,102
"JEREMYHILL","Jeremy Hill","RB","CIN",43,128,NA,NA,NA,NA,NA,NA,NA,157.5,706.5,4.5,5.5,10.5,75.5,7.2,0.5,NA,0.5,101
"JARRETTBOYKIN","Jarrett Boykin","WR","GB",43,128,NA,NA,NA,NA,NA,NA,NA,NA,NA,NA,NA,57.5,776.5,13.5,5.5,NA,0.5,101
"BLAKEBORTLES","Blake Bortles","QB","JAC",33,130,218,131.5,1506.5,9,6.5,60.3,6.9,20.5,73.5,3.6,1.5,NA,NA,NA,NA,NA,2,100
"DWAYNEBOWE","Dwayne Bowe","WR","KC",44,130,NA,NA,NA,NA,NA,NA,NA,NA,NA,NA,NA,63.5,799.5,12.6,5,NA,0.5,100
"HAKEEMNICKS","Hakeem Nicks","WR","IND",44,130,NA,NA,NA,NA,NA,NA,NA,NA,NA,NA,NA,49.5,763,15.4,5.5,NA,0.5,100
"DOUGBALDWIN","Doug Baldwin","WR","SEA",46,133,NA,NA,NA,NA,NA,NA,NA,NA,NA,NA,NA,57.5,804.5,14,4.5,NA,0.5,99
"CHRISTINEMICHAEL","Christine Michael","RB","SEA",44,134,NA,NA,NA,NA,NA,NA,NA,147.5,723,4.9,4.5,11,93,8.5,0.5,NA,1,97
"JORDANMATTHEWS","Jordan Matthews","WR","PHI",47,134,NA,NA,NA,NA,NA,NA,NA,NA,NA,NA,NA,48.5,758.5,15.6,5,NA,0.5,97
"MARKINGRAM","Mark Ingram","RB","NO",45,136,NA,NA,NA,NA,NA,NA,NA,156,695,4.5,5.5,11.5,77.5,6.7,0,NA,1,96
"HARRYDOUGLAS","Harry Douglas","WR","ATL",48,136,NA,NA,NA,NA,NA,NA,NA,NA,NA,NA,NA,67.5,834,12.4,3.5,NA,0.5,96
"HEATHMILLER","Heath Miller","TE","PIT",12,136,NA,NA,NA,NA,NA,NA,NA,NA,NA,NA,NA,61,699,11.5,6,NA,1,96
"ANQUANBOLDIN","Anquan Boldin","WR","SF",49,139,NA,NA,NA,NA,NA,NA,NA,NA,NA,NA,NA,60.5,751.5,12.4,5,NA,0.5,95
"LADARIUSGREEN","Ladarius Green","TE","SD",13,139,NA,NA,NA,NA,NA,NA,NA,NA,NA,NA,NA,47.5,703,14.8,5.5,NA,0,95
"MARTELLUSBENNETT","Martellus Bennett","TE","CHI",14,141,NA,NA,NA,NA,NA,NA,NA,NA,NA,NA,NA,60.5,722.5,11.9,5,NA,0.5,94
"ANTONIOGATES","Antonio Gates","TE","SD",14,141,NA,NA,NA,NA,NA,NA,NA,NA,NA,NA,NA,65.5,732.5,11.2,5,NA,0.5,94
"RODSTREATER","Rod Streater","WR","OAK",50,143,NA,NA,NA,NA,NA,NA,NA,NA,NA,NA,NA,58,766,13.2,4.5,NA,1,93
"KENNYSTILLS","Kenny Stills","WR","NO",51,144,NA,NA,NA,NA,NA,NA,NA,NA,NA,NA,NA,40.5,685,16.9,5.5,NA,0.5,92
"DEANDREHOPKINS","DeAndre Hopkins","WR","HOU",51,144,NA,NA,NA,NA,NA,NA,NA,NA,NA,NA,NA,59,747,12.7,4.5,NA,0.5,92
"MATTCASSEL","Matt Cassel","QB","MIN",34,146,208,125,1535,9,7,60.1,7.4,10.5,38,3.6,0,NA,NA,NA,NA,NA,1,91
"LEGARRETTEBLOUNT","LeGarrette Blount","RB","PIT",46,146,NA,NA,NA,NA,NA,NA,NA,146,645,4.4,5.5,14.5,110,7.6,0,NA,1.5,91
"DARRENSPROLES","Darren Sproles","RB","PHI",47,148,NA,NA,NA,NA,NA,NA,NA,67,287.5,4.3,1.5,64.5,522,8.1,3,NA,0.5,90
"CHRISIVORY","Chris Ivory","RB","NYJ",47,148,NA,NA,NA,NA,NA,NA,NA,161.5,695,4.3,5,3,16,5.3,0,NA,1.5,90
"SHONNGREENE","Shonn Greene","RB","TEN",47,148,NA,NA,NA,NA,NA,NA,NA,147,630.5,4.3,5.5,11,81.5,7.4,0,NA,1,90
"CECILSHORTS","Cecil Shorts","WR","JAC",53,151,NA,NA,NA,NA,NA,NA,NA,NA,NA,NA,NA,56.5,762,13.5,3.5,NA,0,89
"CHARLESCLAY","Charles Clay","TE","MIA",16,152,NA,NA,NA,NA,NA,NA,NA,NA,NA,NA,NA,52.5,634.5,12.1,5,NA,1,87
"KENBRELLTHOMPKINS","Kenbrell Thompkins","WR","NE",54,153,NA,NA,NA,NA,NA,NA,NA,NA,NA,NA,NA,46,701.5,15.2,4,NA,0,86
"STEVESMITH","Steve Smith","WR","BAL",54,153,NA,NA,NA,NA,NA,NA,NA,NA,NA,NA,NA,54,690.5,12.8,4,NA,0,86
"MARQISELEE","Marqise Lee","WR","JAC",54,153,NA,NA,NA,NA,NA,NA,NA,NA,NA,NA,NA,46.5,678,14.6,4.5,NA,1,86
"GREGJENNINGS","Greg Jennings","WR","MIN",57,156,NA,NA,NA,NA,NA,NA,NA,NA,NA,NA,NA,54,668,12.4,4.5,NA,0.5,85
"MARKUSWHEATON","Markus Wheaton","WR","PIT",58,157,NA,NA,NA,NA,NA,NA,NA,NA,NA,NA,NA,45,683.5,15.2,4,NA,0.5,83
"DELANIEWALKER","Delanie Walker","TE","TEN",17,157,NA,NA,NA,NA,NA,NA,NA,NA,NA,NA,NA,58,605.5,10.4,5.5,NA,1,83
"DWAYNEALLEN","Dwayne Allen","TE","IND",17,157,NA,NA,NA,NA,NA,NA,NA,NA,NA,NA,NA,47.5,591.5,12.5,5.5,NA,0,83
"ERICEBRON","Eric Ebron","TE","DET",19,160,NA,NA,NA,NA,NA,NA,NA,NA,NA,NA,NA,42.5,573.5,13.5,5.5,NA,0,82
"KENNYBRITT","Kenny Britt","WR","STL",59,161,NA,NA,NA,NA,NA,NA,NA,NA,NA,NA,NA,47,649,13.8,4,NA,0,81
"JAMESJONES","James Jones","WR","OAK",59,161,NA,NA,NA,NA,NA,NA,NA,NA,NA,NA,NA,51.5,648.5,12.6,4,NA,0,81
"MICHAELVICK","Michael Vick","QB","NYJ",35,163,160,96,1046,6.5,4.5,60,6.5,33.5,176.5,5.3,1.5,NA,NA,NA,NA,NA,1.5,80
"MARVINJONES","Marvin Jones","WR","CIN",61,163,NA,NA,NA,NA,NA,NA,NA,NA,NA,NA,NA,42,606.5,14.4,5,NA,1,80
"TRAVISKELCE","Travis Kelce","TE","KC",20,165,NA,NA,NA,NA,NA,NA,NA,NA,NA,NA,NA,44,614,14,4.5,NA,0.5,79
"DARRENMCFADDEN","Darren McFadden","RB","OAK",50,166,NA,NA,NA,NA,NA,NA,NA,121.5,502,4.1,3.5,26.5,195,7.4,1,NA,2,78
"JERRICHOCOTCHERY","Jerricho Cotchery","WR","CAR",62,166,NA,NA,NA,NA,NA,NA,NA,NA,NA,NA,NA,48.5,649.5,13.4,4,NA,1.5,78
"ANDREWHAWKINS","Andrew Hawkins","WR","CLE",63,168,NA,NA,NA,NA,NA,NA,NA,NA,NA,NA,NA,54,637,11.8,3.5,NA,0,77
"DEXTERMCCLUSTER","Dexter McCluster","RB","TEN",51,169,NA,NA,NA,NA,NA,NA,NA,72.5,325,4.5,1,49.5,433.5,8.8,2,NA,1.5,76
"JONATHANGRIMES","Jonathan Grimes","RB","HOU",51,169,NA,NA,NA,NA,NA,NA,NA,114,510.5,4.5,4.5,16,120,7.5,0.5,NA,1,76
"MOHAMEDSANU","Mohamed Sanu","WR","CIN",64,169,NA,NA,NA,NA,NA,NA,NA,NA,NA,NA,NA,51,628.5,12.3,3.5,NA,0,76
"ODELLBECKHAM","Odell Beckham","WR","NYG",64,169,NA,NA,NA,NA,NA,NA,NA,NA,NA,NA,NA,40,599,15,4,NA,0.5,76
"RICHARDRODGERS","Richard Rodgers","TE","GB",21,173,NA,NA,NA,NA,NA,NA,NA,NA,NA,NA,NA,39.5,519.5,13.2,5,NA,0,74
"MALCOMFLOYD","Malcom Floyd","WR","SD",66,174,NA,NA,NA,NA,NA,NA,NA,NA,NA,NA,NA,41.5,589,14.2,4,NA,0.5,73
"NATEWASHINGTON","Nate Washington","WR","TEN",67,175,NA,NA,NA,NA,NA,NA,NA,NA,NA,NA,NA,43.5,603.5,13.9,3.5,NA,0.5,72
"ROBERTWOODS","Robert Woods","WR","BUF",67,175,NA,NA,NA,NA,NA,NA,NA,NA,NA,NA,NA,49.5,605,12.2,3.5,NA,0.5,72
"JOHNBROWN","John Brown","WR","ARI",67,175,NA,NA,NA,NA,NA,NA,NA,NA,NA,NA,NA,37.5,608.5,16.2,3,NA,0,72
"BENNYCUNNINGHAM","Benny Cunningham","RB","STL",53,178,NA,NA,NA,NA,NA,NA,NA,118.5,513,4.3,3.5,13.5,94,7,0.5,NA,0.5,71
"TAVONAUSTIN","Tavon Austin","WR","STL",70,178,NA,NA,NA,NA,NA,NA,NA,NA,NA,NA,NA,41.5,586.5,14.1,2,NA,1.5,71
"MARCEDESLEWIS","Marcedes Lewis","TE","JAC",22,178,NA,NA,NA,NA,NA,NA,NA,NA,NA,NA,NA,40.5,490,12.1,5,NA,0,71
"DANNYAMENDOLA","Danny Amendola","WR","NE",71,181,NA,NA,NA,NA,NA,NA,NA,NA,NA,NA,NA,53,615.5,11.6,3,NA,0.5,70
"JACEAMARO","Jace Amaro","TE","NYJ",23,181,NA,NA,NA,NA,NA,NA,NA,NA,NA,NA,NA,37,538,14.5,4,NA,0,70
"TOMSAVAGE","Tom Savage","QB","HOU",36,183,191,110.5,1274,7.5,9,57.9,6.7,13,26.5,2,0,NA,NA,NA,NA,NA,1.5,69
"RONNIEHILLMAN","Ronnie Hillman","RB","DEN",54,183,NA,NA,NA,NA,NA,NA,NA,96,424,4.4,4,18,156,8.7,1,NA,1,69
"JEREMYKERLEY","Jeremy Kerley","WR","NYJ",72,183,NA,NA,NA,NA,NA,NA,NA,NA,NA,NA,NA,45.5,601,13.2,3,NA,1,69
"LANCEMOORE","Lance Moore","WR","PIT",73,186,NA,NA,NA,NA,NA,NA,NA,NA,NA,NA,NA,49.5,619,12.5,2.5,NA,0,68
"GARRETTGRAHAM","Garrett Graham","TE","HOU",24,186,NA,NA,NA,NA,NA,NA,NA,NA,NA,NA,NA,45,517,11.5,4,NA,0,68
"SCOTTCHANDLER","Scott Chandler","TE","BUF",24,186,NA,NA,NA,NA,NA,NA,NA,NA,NA,NA,NA,45.5,538.5,11.8,4,NA,1,68
"MILESAUSTIN","Miles Austin","WR","CLE",74,189,NA,NA,NA,NA,NA,NA,NA,NA,NA,NA,NA,46.5,578.5,12.4,3,NA,0.5,67
"MIKEWILLIAMS","Mike Williams","WR","BUF",74,189,NA,NA,NA,NA,NA,NA,NA,NA,NA,NA,NA,43,583.5,13.6,3,NA,0.5,67
"ANDREHOLMES","Andre Holmes","WR","OAK",74,189,NA,NA,NA,NA,NA,NA,NA,NA,NA,NA,NA,36.5,542.5,14.9,3.5,NA,0,67
"DONNIEAVERY","Donnie Avery","WR","KC",74,189,NA,NA,NA,NA,NA,NA,NA,NA,NA,NA,NA,44.5,603.5,13.6,2.5,NA,0,67
"JONATHANSTEWART","Jonathan Stewart","RB","CAR",55,193,NA,NA,NA,NA,NA,NA,NA,105.5,449,4.3,3,18,135,7.5,1,NA,0.5,66
"KNILEDAVIS","Knile Davis","RB","KC",55,193,NA,NA,NA,NA,NA,NA,NA,101,497.5,4.9,2.5,14,128.5,9.2,0.5,NA,0.5,66
"JAREDCOOK","Jared Cook","TE","STL",26,193,NA,NA,NA,NA,NA,NA,NA,NA,NA,NA,NA,44.5,526.5,11.8,4,NA,1,66
"MYCHALRIVERA","Mychal Rivera","TE","OAK",27,196,NA,NA,NA,NA,NA,NA,NA,NA,NA,NA,NA,44,493.5,11.2,4,NA,0,65
"AHMADBRADSHAW","Ahmad Bradshaw","RB","IND",57,197,NA,NA,NA,NA,NA,NA,NA,111.5,465.5,4.2,3,19.5,158.5,8.1,0.5,NA,1.5,64
"TYLEREIFERT","Tyler Eifert","TE","CIN",28,197,NA,NA,NA,NA,NA,NA,NA,NA,NA,NA,NA,37.5,502.5,13.4,3.5,NA,0,64
"AUSTINSEFERIANJENKINS","Austin Seferian-Jenkins","TE","TB",28,197,NA,NA,NA,NA,NA,NA,NA,NA,NA,NA,NA,37,459,12.4,4.5,NA,0,64
"BRIANHOYER","Brian Hoyer","QB","CLE",37,200,151.5,92.5,1045.5,7.5,6.5,61.1,6.9,8,23.5,2.9,0,NA,NA,NA,NA,NA,1.5,63
"JAMESSTARKS","James Starks","RB","GB",58,201,NA,NA,NA,NA,NA,NA,NA,105.5,477.5,4.5,3.5,13,111,8.5,0,NA,1,62
"JEROMESIMPSON","Jerome Simpson","WR","MIN",78,201,NA,NA,NA,NA,NA,NA,NA,NA,NA,NA,NA,38.5,569.5,14.8,2.5,NA,1,62
"DAVANTEADAMS","Davante Adams","WR","GB",78,201,NA,NA,NA,NA,NA,NA,NA,NA,NA,NA,NA,32.5,501.5,15.4,3.5,NA,1,62
"AARONDOBSON","Aaron Dobson","WR","NE",78,201,NA,NA,NA,NA,NA,NA,NA,NA,NA,NA,NA,35.5,481,13.5,3.5,NA,0,62
"COBYFLEENER","Coby Fleener","TE","IND",30,201,NA,NA,NA,NA,NA,NA,NA,NA,NA,NA,NA,38.5,480.5,12.5,3.5,NA,0,62
"LANCEDUNBAR","Lance Dunbar","RB","DAL",59,206,NA,NA,NA,NA,NA,NA,NA,73.5,322,4.4,1.5,34.5,294.5,8.5,1,NA,0,61
"ANDREROBERTS","Andre Roberts","WR","WAS",81,207,NA,NA,NA,NA,NA,NA,NA,NA,NA,NA,NA,47,533,11.3,2.5,NA,0.5,60
"DENARIUSMOORE","Denarius Moore","WR","OAK",81,207,NA,NA,NA,NA,NA,NA,NA,NA,NA,NA,NA,32.5,524,16.1,3,NA,1.5,60
"BRIANQUICK","Brian Quick","WR","STL",83,209,NA,NA,NA,NA,NA,NA,NA,NA,NA,NA,NA,36,492,13.7,3,NA,0,59
"BRENTCELEK","Brent Celek","TE","PHI",31,209,NA,NA,NA,NA,NA,NA,NA,NA,NA,NA,NA,38,464.5,12.2,3.5,NA,0.5,59
"LEVINETOILOLO","Levine Toilolo","TE","ATL",32,211,NA,NA,NA,NA,NA,NA,NA,NA,NA,NA,NA,32.5,422.5,13,4,NA,0,58
"STEVEJOHNSON","Steve Johnson","WR","SF",84,212,NA,NA,NA,NA,NA,NA,NA,NA,NA,NA,NA,40,524.5,13.1,2.5,NA,1,57
"MIKETOLBERT","Mike Tolbert","RB","CAR",60,213,NA,NA,NA,NA,NA,NA,NA,82,303.5,3.7,3.5,22.5,151,6.7,1,NA,0,55
"CHRISGIVENS","Chris Givens","WR","STL",85,213,NA,NA,NA,NA,NA,NA,NA,NA,NA,NA,NA,36,519,14.4,2,NA,0.5,55
"BRANDONLAFELL","Brandon LaFell","WR","NE",85,213,NA,NA,NA,NA,NA,NA,NA,NA,NA,NA,NA,31.5,480,15.2,2.5,NA,0.5,55
"DEREKCARR","Derek Carr","QB","OAK",38,216,158,99.5,1070,5.5,5,63,6.8,8,19.5,2.4,0,NA,NA,NA,NA,NA,2,54
"JERMAINEGRESHAM","Jermaine Gresham","TE","CIN",33,216,NA,NA,NA,NA,NA,NA,NA,NA,NA,NA,NA,38,432.5,11.4,3.5,NA,1.5,54
"ZACHMILLER","Zach Miller","TE","SEA",33,216,NA,NA,NA,NA,NA,NA,NA,NA,NA,NA,NA,31.5,371.5,11.8,4,NA,0,54
"ROYHELU","Roy Helu","RB","WAS",61,219,NA,NA,NA,NA,NA,NA,NA,78.5,327.5,4.2,1,37,296.5,8,0.5,NA,1,53
"JAMESWHITE","James White","RB","NE",61,219,NA,NA,NA,NA,NA,NA,NA,91.5,397,4.3,2.5,12,88.5,7.4,0.5,NA,0,53
"DONALDBROWN","Donald Brown","RB","SD",63,221,NA,NA,NA,NA,NA,NA,NA,88,391.5,4.4,2,16.5,140.5,8.5,0.5,NA,0,52
"ALLENROBINSON","Allen Robinson","WR","JAC",87,221,NA,NA,NA,NA,NA,NA,NA,NA,NA,NA,NA,32,474.5,14.8,2.5,NA,1,52
"ROBERTTURBIN","Robert Turbin","RB","SEA",64,223,NA,NA,NA,NA,NA,NA,NA,85.5,398,4.7,2.5,14.5,128.5,8.9,0,NA,0.5,51
"PAULRICHARDSON","Paul Richardson","WR","SEA",88,223,NA,NA,NA,NA,NA,NA,NA,NA,NA,NA,NA,23,441.5,19.2,2.5,NA,0,51
"JARVISLANDRY","Jarvis Landry","WR","MIA",88,223,NA,NA,NA,NA,NA,NA,NA,NA,NA,NA,NA,33.5,428,12.8,3,NA,0.5,51
"STEPFANTAYLOR","Stepfan Taylor","RB","ARI",65,226,NA,NA,NA,NA,NA,NA,NA,92.5,381,4.1,3,11,88.5,8,0,NA,1,50
"MARTAVISBRYANT","Martavis Bryant","WR","PIT",90,227,NA,NA,NA,NA,NA,NA,NA,NA,NA,NA,NA,23.5,386.5,16.4,3,NA,0,49
"BRANDONGIBSON","Brandon Gibson","WR","MIA",90,227,NA,NA,NA,NA,NA,NA,NA,NA,NA,NA,NA,39,452.5,11.6,2,NA,0,49
"ADRIENROBINSON","Adrien Robinson","TE","NYG",35,227,NA,NA,NA,NA,NA,NA,NA,NA,NA,NA,NA,32,424.5,13.3,2.5,NA,0,49
"JERICKMCKINNON","Jerick McKinnon","RB","MIN",66,230,NA,NA,NA,NA,NA,NA,NA,61.5,276,4.5,1.5,25,217.5,8.7,1,NA,0.5,48
"JASONAVANT","Jason Avant","WR","CAR",92,230,NA,NA,NA,NA,NA,NA,NA,NA,NA,NA,NA,35,421,12,2.5,NA,0.5,48
"COLEBEASLEY","Cole Beasley","WR","DAL",92,230,NA,NA,NA,NA,NA,NA,NA,NA,NA,NA,NA,37,407,11,2.5,NA,0,48
"MARLONBROWN","Marlon Brown","WR","BAL",92,230,NA,NA,NA,NA,NA,NA,NA,NA,NA,NA,NA,34,437.5,12.9,2,NA,0,48
"EDDIEROYAL","Eddie Royal","WR","SD",95,234,NA,NA,NA,NA,NA,NA,NA,NA,NA,NA,NA,38.5,491,12.8,1,NA,0.5,47
"TEDGINN","Ted Ginn","WR","ARI",95,234,NA,NA,NA,NA,NA,NA,NA,NA,NA,NA,NA,26,394.5,15.2,2.5,NA,0,47
"MARQUESSWILSON","Marquess Wilson","WR","CHI",97,236,NA,NA,NA,NA,NA,NA,NA,NA,NA,NA,NA,28,389,13.9,2.5,NA,0,46
"JEFFCUMBERLAND","Jeff Cumberland","TE","NYJ",36,236,NA,NA,NA,NA,NA,NA,NA,NA,NA,NA,NA,31.5,386.5,12.3,2.5,NA,0,46
"OWENDANIELS","Owen Daniels","TE","BAL",36,236,NA,NA,NA,NA,NA,NA,NA,NA,NA,NA,NA,33.5,391.5,11.7,2.5,NA,0,46
"CODYLATIMER","Cody Latimer","WR","DEN",98,239,NA,NA,NA,NA,NA,NA,NA,NA,NA,NA,NA,29,373,12.9,2.5,NA,0,45
"CJFIEDOROWICZ","C.J. Fiedorowicz","TE","HOU",38,240,NA,NA,NA,NA,NA,NA,NA,NA,NA,NA,NA,25.5,320.5,12.6,3,NA,0,43
"JACQUIZZRODGERS","Jacquizz Rodgers","RB","ATL",67,241,NA,NA,NA,NA,NA,NA,NA,70.5,279.5,4,0.5,28.5,207.5,7.3,1.5,NA,1,42
"CJANDERSON","C.J. Anderson","RB","DEN",67,241,NA,NA,NA,NA,NA,NA,NA,77.5,327,4.2,2,9.5,79,8.3,0.5,NA,0.5,42
"ANTHONYFASANO","Anthony Fasano","TE","KC",39,241,NA,NA,NA,NA,NA,NA,NA,NA,NA,NA,NA,28.5,303,10.6,3.5,NA,0,42
"DRIARCHER","Dri Archer","RB","PIT",69,244,NA,NA,NA,NA,NA,NA,NA,32.5,162.5,5,1,26,261,10,1.5,NA,0.5,41
"TRAVARISCADET","Travaris Cadet","RB","NO",69,244,NA,NA,NA,NA,NA,NA,NA,46,224.5,4.9,0.5,27,211,7.8,1.5,NA,0,41
"MARCELREECE","Marcel Reece","RB","OAK",69,244,NA,NA,NA,NA,NA,NA,NA,39.5,179.5,4.5,2,26.5,236.5,8.9,0.5,NA,0,41
"EDDICKSON","Ed Dickson","TE","CAR",40,247,NA,NA,NA,NA,NA,NA,NA,NA,NA,NA,NA,34,363.5,10.7,2,NA,0,40
"CHRISPOLK","Chris Polk","RB","PHI",72,248,NA,NA,NA,NA,NA,NA,NA,64.5,298,4.6,2.5,10.5,82,7.8,0,NA,0.5,39
"LATAVIUSMURRAY","Latavius Murray","RB","OAK",72,248,NA,NA,NA,NA,NA,NA,NA,60.5,256,4.2,3,10,74.5,7.5,0,NA,0,39
"KIRKCOUSINS","Kirk Cousins","QB","WAS",39,250,125,72,785,3.5,2.5,57.6,6.3,2.5,10,4,0,NA,NA,NA,NA,NA,0.5,38
"LANCEKENDRICKS","Lance Kendricks","TE","STL",41,250,NA,NA,NA,NA,NA,NA,NA,NA,NA,NA,NA,29.5,310,10.5,2.5,NA,0,38
"LUKEWILLSON","Luke Willson","TE","SEA",41,250,NA,NA,NA,NA,NA,NA,NA,NA,NA,NA,NA,22.5,304.5,13.5,2.5,NA,0,38
"DENARDROBINSON","Denard Robinson","RB","JAC",74,253,NA,NA,NA,NA,NA,NA,NA,66,304.5,4.6,1.5,13.5,122,9,0.5,NA,1.5,37
"BOBBYRAINEY","Bobby Rainey","RB","TB",74,253,NA,NA,NA,NA,NA,NA,NA,71,296.5,4.2,1.5,14,104.5,7.5,0.5,NA,0,37
"JORDANTODMAN","Jordan Todman","RB","JAC",76,255,NA,NA,NA,NA,NA,NA,NA,70.5,310,4.4,1,18.5,150,8.1,0.5,NA,1.5,36
"MARCUSLATTIMORE","Marcus Lattimore","RB","SF",76,255,NA,NA,NA,NA,NA,NA,NA,62.5,282,4.5,2.5,3,21,7,0,NA,0,36
"BENJARVUSGREENELLIS","BenJarvus Green-Ellis","RB","CIN",76,255,NA,NA,NA,NA,NA,NA,NA,79.5,301,3.8,2.5,4,26.5,6.6,0,NA,0.5,36
"BRANDONMYERS","Brandon Myers","TE","TB",43,255,NA,NA,NA,NA,NA,NA,NA,NA,NA,NA,NA,26.5,288.5,10.9,2.5,NA,0,36
"BRANDONPETTIGREW","Brandon Pettigrew","TE","DET",43,255,NA,NA,NA,NA,NA,NA,NA,NA,NA,NA,NA,27,274.5,10.2,3,NA,1,36
"TIMOTHYWRIGHT","Timothy Wright","TE","TB",43,255,NA,NA,NA,NA,NA,NA,NA,NA,NA,NA,NA,24,297,12.4,2.5,NA,0,36
"TREMASON","Tre Mason","RB","STL",79,261,NA,NA,NA,NA,NA,NA,NA,66.5,314,4.7,1,15,120.5,8,0.5,NA,1,35
"BILALPOWELL","Bilal Powell","RB","NYJ",79,261,NA,NA,NA,NA,NA,NA,NA,60,252,4.2,1,20.5,162.5,7.9,0.5,NA,0,35
"JOHNCARLSON","John Carlson","TE","ARI",46,261,NA,NA,NA,NA,NA,NA,NA,NA,NA,NA,NA,28,286.5,10.2,2.5,NA,0,35
"JOSEPHFAURIA","Joseph Fauria","TE","DET",47,264,NA,NA,NA,NA,NA,NA,NA,NA,NA,NA,NA,20.5,251.5,12.3,3,NA,0.5,34
"ROBHOUSLER","Rob Housler","TE","ARI",48,265,NA,NA,NA,NA,NA,NA,NA,NA,NA,NA,NA,25.5,294,11.5,2,NA,0,33
"MIKEJAMES","Mike James","RB","TB",81,266,NA,NA,NA,NA,NA,NA,NA,63.5,281.5,4.4,1.5,12,87,7.2,0,NA,0.5,32
"DANIELTHOMAS","Daniel Thomas","RB","MIA",81,266,NA,NA,NA,NA,NA,NA,NA,67.5,266.5,3.9,2,11,76.5,7,0,NA,0.5,32
"ANDREWQUARLESS","Andrew Quarless","TE","GB",49,266,NA,NA,NA,NA,NA,NA,NA,NA,NA,NA,NA,21.5,255.5,11.9,2.5,NA,0,32
"KADEEMCAREY","Ka'Deem Carey","RB","CHI",83,269,NA,NA,NA,NA,NA,NA,NA,50.5,232,4.6,1.5,14,112.5,8,0.5,NA,0.5,31
"BRANDONBOLDEN","Brandon Bolden","RB","NE",83,269,NA,NA,NA,NA,NA,NA,NA,62,284,4.6,1.5,7.5,58.5,7.8,0,NA,0,31
"JEFFTUEL","Jeff Tuel","QB","BUF",40,271,98,58.5,621.5,2.5,1,59.7,6.3,4,9,2.2,0,NA,NA,NA,NA,NA,0.5,29
"ALFREDBLUE","Alfred Blue","RB","HOU",85,271,NA,NA,NA,NA,NA,NA,NA,59.5,267.5,4.5,1.5,8.5,60.5,7.1,0,NA,0,29
"BRYCEBROWN","Bryce Brown","RB","BUF",85,271,NA,NA,NA,NA,NA,NA,NA,66.5,294.5,4.4,1.5,7.5,56,7.5,0,NA,1.5,29
"MATTASIATA","Matt Asiata","RB","MIN",87,274,NA,NA,NA,NA,NA,NA,NA,53.5,209.5,3.9,2,5.5,36.5,6.6,0,NA,0,27
"ISAIAHCROWELL","Isaiah Crowell","RB","CLE",87,274,NA,NA,NA,NA,NA,NA,NA,64.5,293.5,4.6,0.5,10,67.5,6.8,0,NA,0,27
"LORENZOTALIAFERRO","Lorenzo Taliaferro","RB","BAL",87,274,NA,NA,NA,NA,NA,NA,NA,60.5,286,4.7,1,6,36.5,6.1,0,NA,0,27
"PEYTONHILLIS","Peyton Hillis","RB","NYG",87,274,NA,NA,NA,NA,NA,NA,NA,60,233.5,3.9,1.5,15.5,108,7,0,NA,0.5,27
"DUJUANHARRIS","DuJuan Harris","RB","GB",91,278,NA,NA,NA,NA,NA,NA,NA,59,250,4.2,1,8,54.5,6.8,0,NA,0,25
"LACHESEASTRUNK","Lache Seastrunk","RB","WAS",91,278,NA,NA,NA,NA,NA,NA,NA,53,234.5,4.4,1.5,4,42,10.5,0,NA,0,25
"JUSTINFORSETT","Justin Forsett","RB","BAL",93,280,NA,NA,NA,NA,NA,NA,NA,65.5,283.5,4.3,0.5,6.5,40,6.2,0,NA,0,24
"MIKEGLENNON","Mike Glennon","QB","TB",41,281,68,40,502,2.5,2.5,58.8,7.4,8,23,2.9,0,NA,NA,NA,NA,NA,1,23
"ANTHONYDIXON","Anthony Dixon","RB","BUF",94,282,NA,NA,NA,NA,NA,NA,NA,31,135.5,4.4,2.5,2,16.5,8.2,0,NA,0,22
"DARRELYOUNG","Darrel Young","RB","WAS",95,283,NA,NA,NA,NA,NA,NA,NA,13.5,53,3.9,2,8.5,92,10.8,0.5,NA,0,21
"JONATHANDWYER","Jonathan Dwyer","RB","ARI",95,283,NA,NA,NA,NA,NA,NA,NA,62.5,254.5,4.1,0.5,6.5,48.5,7.5,0,NA,0.5,21
"SHAUNDRAUGHN","Shaun Draughn","RB","CHI",95,283,NA,NA,NA,NA,NA,NA,NA,45,196.5,4.4,1,9.5,73,7.7,0,NA,0,21
"JACKIEBATTLE","Jackie Battle","RB","TEN",98,286,NA,NA,NA,NA,NA,NA,NA,45.5,182.5,4,1,2.5,19.5,7.8,0,NA,0,18
"AUSTINDAVIS","Austin Davis","QB","STL",42,287,71.5,42,321.5,2.5,2,58.7,4.5,3,10.5,3.5,0,NA,NA,NA,NA,NA,0,16
"ZACHMETTENBERGER","Zach Mettenberger","QB","TEN",43,288,39,23.5,283,2.5,2,60.3,7.3,2,1.5,0.8,0,NA,NA,NA,NA,NA,0.5,14
"MARKSANCHEZ","Mark Sanchez","QB","PHI",44,289,27,17,184,1.5,0,63,6.8,3.5,5,1.4,0,NA,NA,NA,NA,NA,0,11
"DEREKANDERSON","Derek Anderson","QB","CAR",45,290,17,11,122,1.5,0.5,64.7,7.2,1.5,5.5,3.7,0,NA,NA,NA,NA,NA,0,10
"JOSHFREEMAN","Josh Freeman","QB","NYG",46,291,18.5,11,138.5,1,0,59.5,7.5,2,11,5.5,0,NA,NA,NA,NA,NA,0,8
"MATTFLYNN","Matt Flynn","QB","GB",46,291,19,12,143.5,1,0,63.2,7.6,2.5,10,4,0,NA,NA,NA,NA,NA,0,8
"BLAINEGABBERT","Blaine Gabbert","QB","SF",46,291,16.5,10.5,122,1,0,63.6,7.4,1.5,5.5,3.7,0,NA,NA,NA,NA,NA,0,8
"THADLEWIS","Thad Lewis","QB","BUF",49,294,31.5,19,216,1,0.5,60.3,6.9,4,9,2.2,0,NA,NA,NA,NA,NA,0.5,7
"BRANDONWEEDEN","Brandon Weeden","QB","DAL",50,295,46.5,28,315,1,1.5,60.2,6.8,1,1,1,0,NA,NA,NA,NA,NA,0.5,6
"CHARLIEWHITEHURST","Charlie Whitehurst","QB","TEN",51,296,37.5,20,202.5,1,1.5,53.3,5.4,7.5,17.5,2.3,0,NA,NA,NA,NA,NA,1,5
"JORDANPALMER","Jordan Palmer","QB","CHI",51,296,44.5,27,287,0.5,0.5,60.7,6.4,1,2.5,2.5,0,NA,NA,NA,NA,NA,0.5,5
"MATTMOORE","Matt Moore","QB","MIA",51,296,38.5,22.5,238.5,1,1,58.4,6.2,2,4.5,2.2,0,NA,NA,NA,NA,NA,1,5
"JIMMYCLAUSEN","Jimmy Clausen","QB","CHI",54,299,35,19.5,252.5,0.5,1,55.7,7.2,1,1.5,1.5,0,NA,NA,NA,NA,NA,0,4
"JASONCAMPBELL","Jason Campbell","QB","CIN",55,300,17.5,9.5,123,0,0.5,54.3,7,0.5,1,2,0,NA,NA,NA,NA,NA,0,1
"BROCKOSWEILER","Brock Osweiler","QB","DEN",56,301,3,2,27,0,0,66.7,9,1,0,0,0,NA,NA,NA,NA,NA,0,0
