"name","pos","sourceName","name_espn","team_espn","positionRank","overallRank","passAtt","passComp","passYds","passTds","passInt","rushAtt","rushYds","rushTds","rec","recYds","recTds","points"
"AARONRODGERS","QB","espn","Aaron Rodgers","GB",1,1,538,347,4317,35,8,50,256,2,0,0,0,325.1
"ANDREWLUCK","QB","espn","Andrew Luck","IND",2,2,621,383,4484,36,16,57,268,2,0,0,0,321.2
"RUSSELLWILSON","QB","espn","Russell Wilson","SEA",3,3,455,278,3461,26,9,101,623,4,0,0,0,301.7
"DREWBREES","QB","espn","Drew Brees","NO",4,4,617,404,4905,31,13,26,42,1,0,0,0,297.8
"PEYTONMANNING","QB","espn","Peyton Manning","DEN",5,5,607,394,4621,34,14,24,-6,1,0,0,0,296
"BENROETHLISBERGER","QB","espn","Ben Roethlisberger","PIT",6,6,597,388,4622,29,13,34,101,1,0,0,0,281.8
"TONYROMO","QB","espn","Tony Romo","DAL",7,7,496,322,4098,33,11,27,71,1,0,0,0,278
"MATTRYAN","QB","espn","Matt Ryan","ATL",8,8,598,390,4610,27,13,28,88,1,0,0,0,275.6
"RYANTANNEHILL","QB","espn","Ryan Tannehill","MIA",9,9,581,370,4355,25,14,51,251,2,0,0,0,274.6
"ELIMANNING","QB","espn","Eli Manning","NYG",10,10,635,394,4837,30,17,17,31,0,0,0,0,271.9
"CAMNEWTON","QB","espn","Cam Newton","CAR",11,11,494,295,3521,22,14,102,548,4,0,0,0,269.6
"PHILIPRIVERS","QB","espn","Philip Rivers","SD",12,12,561,355,4452,28,16,32,72,1,0,0,0,262.7
"MATTHEWSTAFFORD","QB","espn","Matthew Stafford","DET",13,13,616,384,4443,26,14,37,117,1,0,0,0,261.7
"COLINKAEPERNICK","QB","espn","Colin Kaepernick","SF",14,14,463,287,3529,15,9,97,600,3,0,0,0,252.2
"SAMBRADFORD","QB","espn","Sam Bradford","PHI",15,15,548,329,3817,26,12,41,117,2,0,0,0,246.7
"CARSONPALMER","QB","espn","Carson Palmer","ARZ",16,16,564,358,4227,25,16,23,38,1,0,0,0,243.4
"TEDDYBRIDGEWATER","QB","espn","Teddy Bridgewater","MIN",17,17,505,308,3680,21,13,55,301,2,0,0,0,242.4
"JAYCUTLER","QB","espn","Jay Cutler","CHI",18,18,559,348,4075,25,18,43,195,1,0,0,0,241.6
"JAMEISWINSTON","QB","espn","Jameis Winston","TB",19,19,555,328,4175,22,19,49,185,2,0,0,0,238.4
"JOEFLACCO","QB","espn","Joe Flacco","BAL",20,20,535,339,3886,25,13,36,77,1,0,0,0,237.5
"ALEXSMITH","QB","espn","Alex Smith","KC",21,21,525,328,3515,20,9,54,275,2,0,0,0,234.3
"MARCUSMARIOTA","QB","espn","Marcus Mariota","TEN",22,22,472,287,3287,18,14,81,483,3,0,0,0,234.3
"EDDIELACY","RB","espn","Eddie Lacy","GB",1,23,0,0,0,0,0,293,1297,9,46,323,3,229.6
"ANDYDALTON","QB","espn","Andy Dalton","CIN",23,24,538,335,3774,22,19,54,172,2,0,0,0,226.4
"JAMAALCHARLES","RB","espn","Jamaal Charles","KC",2,25,0,0,0,0,0,243,1121,9,55,473,3,225.7
"ROBERTGRIFFIN","QB","espn","Robert Griffin","WAS",24,26,432,275,3244,17,10,71,435,3,0,0,0,225.4
"ADRIANPETERSON","RB","espn","Adrian Peterson","MIN",3,27,0,0,0,0,0,264,1231,9,47,394,2,222.6
"MARSHAWNLYNCH","RB","espn","Marshawn Lynch","SEA",4,28,0,0,0,0,0,281,1296,10,33,258,2,222.6
"TOMBRADY","QB","espn","Tom Brady","NE",25,29,460,303,3377,24,8,26,32,1,0,0,0,221.4
"DEREKCARR","QB","espn","Derek Carr","OAK",26,30,590,359,4150,18,14,33,110,1,0,0,0,218.3
"NICKFOLES","QB","espn","Nick Foles","STL",27,31,537,324,3732,20,13,35,158,1,0,0,0,217.2
"CJANDERSON","RB","espn","C.J. Anderson","DEN",5,32,0,0,0,0,0,270,1173,9,47,402,1,215.6
"BLAKEBORTLES","QB","espn","Blake Bortles","JAC",28,33,495,307,3465,18,14,57,343,1,0,0,0,215.2
"ANTONIOBROWN","WR","espn","Antonio Brown","PIT",1,34,0,0,0,0,0,4,26,0,116,1522,9,208.7
"LEVEONBELL","RB","espn","Le'Veon Bell","PIT",6,35,0,0,0,0,0,247,1062,6,62,502,3,208.5
"MATTFORTE","RB","espn","Matt Forte","CHI",7,36,0,0,0,0,0,251,1066,5,65,597,2,205.4
"LESEANMCCOY","RB","espn","LeSean McCoy","BUF",8,37,0,0,0,0,0,311,1399,7,29,206,1,203.5
"JEREMYHILL","RB","espn","Jeremy Hill","CIN",9,38,0,0,0,0,0,275,1233,10,22,168,1,199.6
"DEMARCOMURRAY","RB","espn","DeMarco Murray","PHI",10,39,0,0,0,0,0,251,1160,10,25,197,1,197.6
"DEMARYIUSTHOMAS","WR","espn","Demaryius Thomas","DEN",2,40,0,0,0,0,0,0,0,0,102,1298,11,195
"DEZBRYANT","WR","espn","Dez Bryant","DAL",3,41,0,0,0,0,0,0,0,0,90,1361,10,194
"CALVINJOHNSON","WR","espn","Calvin Johnson","DET",4,42,0,0,0,0,0,0,0,0,87,1283,10,188
"MARKINGRAM","RB","espn","Mark Ingram","NO",11,43,0,0,0,0,0,227,951,11,29,220,1,187.6
"JULIOJONES","WR","espn","Julio Jones","ATL",5,44,0,0,0,0,0,2,13,0,105,1403,8,187.1
"ODELLBECKHAM","WR","espn","Odell Beckham Jr.","NYG",6,45,0,0,0,0,0,8,54,0,102,1363,8,187
"SEATTLESEAHAWKS","DST","espn","Seattle Seahawks","SEA",1,46,0,0,0,0,0,0,0,0,0,0,0,187
"JORDYNELSON","WR","espn","Jordy Nelson","GB",7,47,0,0,0,0,0,0,0,0,84,1263,10,186
"ALFREDMORRIS","RB","espn","Alfred Morris","WAS",12,48,0,0,0,0,0,274,1182,8,19,147,1,184.5
"LAMARMILLER","RB","espn","Lamar Miller","MIA",13,49,0,0,0,0,0,250,1125,6,40,317,1,183.4
"CARLOSHYDE","RB","espn","Carlos Hyde","SF",14,50,0,0,0,0,0,262,1092,9,19,152,0,176.5
"JUSTINFORSETT","RB","espn","Justin Forsett","BAL",15,51,0,0,0,0,0,210,966,5,51,390,2,175.4
"AJGREEN","WR","espn","A.J. Green","CIN",8,52,0,0,0,0,0,5,30,0,90,1266,8,175.1
"ALSHONJEFFERY","WR","espn","Alshon Jeffery","CHI",9,53,0,0,0,0,0,8,51,0,88,1223,8,173
"JONATHANSTEWART","RB","espn","Jonathan Stewart","CAR",16,54,0,0,0,0,0,252,1154,6,28,198,1,172.4
"RANDALLCOBB","WR","espn","Randall Cobb","GB",10,55,0,0,0,0,0,16,119,0,86,1132,8,172
"FRANKGORE","RB","espn","Frank Gore","IND",17,56,0,0,0,0,0,242,1036,6,34,280,1,171.4
"TYHILTON","WR","espn","T.Y. Hilton","IND",11,57,0,0,0,0,0,4,26,0,86,1194,8,167.6
"JOSHMCCOWN","QB","espn","Josh McCown","CLE",29,58,461,268,3007,13,14,41,198,2,0,0,0,162.1
"LATAVIUSMURRAY","RB","espn","Latavius Murray","OAK",18,59,0,0,0,0,0,232,1011,6,25,197,1,160.4
"MIKEEVANS","WR","espn","Mike Evans","TB",12,60,0,0,0,0,0,0,0,0,81,1205,7,160
"JOIQUEBELL","RB","espn","Joique Bell","DET",19,61,0,0,0,0,0,216,834,8,32,250,1,158.5
"JOSEPHRANDLE","RB","espn","Joseph Randle","DAL",20,62,0,0,0,0,0,236,1040,7,15,125,1,158.5
"MELVINGORDON","RB","espn","Melvin Gordon","SD",21,63,0,0,0,0,0,251,1107,5,21,164,1,158.3
"ANDREELLINGTON","RB","espn","Andre Ellington","ARZ",22,64,0,0,0,0,0,190,745,5,48,438,2,157.4
"ROBGRONKOWSKI","TE","espn","Rob Gronkowski","NE",1,65,0,0,0,0,0,0,0,0,82,1018,9,155
"EMMANUELSANDERS","WR","espn","Emmanuel Sanders","DEN",13,66,0,0,0,0,0,9,60,0,78,1086,7,154
"TJYELDON","RB","espn","T.J. Yeldon","JAC",23,67,0,0,0,0,0,221,936,6,28,224,1,153.4
"BRANDINCOOKS","WR","espn","Brandin Cooks","NO",14,68,0,0,0,0,0,12,82,0,79,1072,6,151.8
"DEANDREHOPKINS","WR","espn","DeAndre Hopkins","HOU",15,69,0,0,0,0,0,0,0,0,84,1198,5,147.1
"ARIANFOSTER","RB","espn","Arian Foster","HOU",24,70,0,0,0,0,0,185,846,4,37,286,2,146.3
"RYANFITZPATRICK","QB","espn","Ryan Fitzpatrick","NYJ",30,71,337,210,2403,14,11,38,157,1,0,0,0,145.9
"TEVINCOLEMAN","RB","espn","Tevin Coleman","ATL",25,72,0,0,0,0,0,188,782,7,22,179,1,141.4
"JORDANMATTHEWS","WR","espn","Jordan Matthews","PHI",16,73,0,0,0,0,0,0,0,0,81,995,7,141
"SAMMYWATKINS","WR","espn","Sammy Watkins","BUF",17,74,0,0,0,0,0,5,31,0,74,1035,6,140
"KEENANALLEN","WR","espn","Keenan Allen","SD",18,75,0,0,0,0,0,0,0,0,78,1052,6,139.6
"JULIANEDELMAN","WR","espn","Julian Edelman","NE",19,76,0,0,0,0,0,9,58,0,90,963,6,138
"STEPHENGOSTKOWSKI","K","espn","Stephen Gostkowski","NE",1,77,0,0,0,0,0,0,0,0,0,0,0,138
"BUFFALOBILLS","DST","espn","Buffalo Bills","BUF",2,78,0,0,0,0,0,0,0,0,0,0,0,137
"GIOVANIBERNARD","RB","espn","Giovani Bernard","CIN",26,79,0,0,0,0,0,138,562,5,59,460,1,136.3
"ADAMVINATIERI","K","espn","Adam Vinatieri","IND",2,80,0,0,0,0,0,0,0,0,0,0,0,136
"ANDREJOHNSON","WR","espn","Andre Johnson","IND",20,81,0,0,0,0,0,0,0,0,71,890,8,135.1
"BRANDONMARSHALL","WR","espn","Brandon Marshall","NYJ",21,82,0,0,0,0,0,0,0,0,76,955,7,135
"CJSPILLER","RB","espn","C.J. Spiller","NO",27,83,0,0,0,0,0,99,454,2,67,559,3,134.6
"LEGARRETTEBLOUNT","RB","espn","LeGarrette Blount","NE",28,84,0,0,0,0,0,194,884,7,8,64,0,134.4
"STEVENHAUSCHKA","K","espn","Steven Hauschka","SEA",3,85,0,0,0,0,0,0,0,0,0,0,0,134
"CONNORBARTH","K","espn","Connor Barth","DEN",4,86,0,0,0,0,0,0,0,0,0,0,0,134
"CODYPARKEY","K","espn","Cody Parkey","PHI",5,87,0,0,0,0,0,0,0,0,0,0,0,134
"BRIANHOYER","QB","espn","Brian Hoyer","HOU",31,88,344,204,2503,12,10,23,34,1,0,0,0,133.7
"JEREMYMACLIN","WR","espn","Jeremy Maclin","KC",22,89,0,0,0,0,0,0,0,0,80,1033,5,133.7
"DESEANJACKSON","WR","espn","DeSean Jackson","WAS",23,90,0,0,0,0,0,4,27,0,69,1062,4,132.3
"AMARICOOPER","WR","espn","Amari Cooper","OAK",24,91,0,0,0,0,0,4,25,0,77,1027,5,132
"JUSTINTUCKER","K","espn","Justin Tucker","BAL",6,92,0,0,0,0,0,0,0,0,0,0,0,132
"MATTPRATER","K","espn","Matt Prater","DET",7,93,0,0,0,0,0,0,0,0,0,0,0,132
"HOUSTONTEXANS","DST","espn","Houston Texans","HOU",3,94,0,0,0,0,0,0,0,0,0,0,0,132
"TODDGURLEY","RB","espn","Todd Gurley","STL",29,95,0,0,0,0,0,180,824,5,19,152,1,131.3
"JARVISLANDRY","WR","espn","Jarvis Landry","MIA",25,96,0,0,0,0,0,4,26,0,93,978,5,131.2
"ALLENROBINSON","WR","espn","Allen Robinson","JAC",26,97,0,0,0,0,0,0,0,0,79,1039,5,131
"MATTBRYANT","K","espn","Matt Bryant","ATL",8,98,0,0,0,0,0,0,0,0,0,0,0,131
"DEVONTAFREEMAN","RB","espn","Devonta Freeman","ATL",30,99,0,0,0,0,0,146,581,5,41,389,1,130.4
"GOLDENTATE","WR","espn","Golden Tate","DET",27,100,0,0,0,0,0,4,26,0,86,1065,4,130.1
"DANBAILEY","K","espn","Dan Bailey","DAL",9,101,0,0,0,0,0,0,0,0,0,0,0,130
"DANCARPENTER","K","espn","Dan Carpenter","BUF",10,102,0,0,0,0,0,0,0,0,0,0,0,130
"GARRETTHARTLEY","K","espn","Garrett Hartley","PIT",11,103,0,0,0,0,0,0,0,0,0,0,0,130
"SHAUNSUISHAM","K","espn","Shaun Suisham","PIT",12,104,0,0,0,0,0,0,0,0,0,0,0,130
"VINCENTJACKSON","WR","espn","Vincent Jackson","TB",28,105,0,0,0,0,0,0,0,0,64,999,5,129
"MASONCROSBY","K","espn","Mason Crosby","GB",13,106,0,0,0,0,0,0,0,0,0,0,0,129
"CALEBSTURGIS","K","espn","Caleb Sturgis","MIA",14,107,0,0,0,0,0,0,0,0,0,0,0,129
"RASHADJENNINGS","RB","espn","Rashad Jennings","NYG",31,108,0,0,0,0,0,177,711,6,22,174,1,128.4
"BLAIRWALSH","K","espn","Blair Walsh","MIN",15,109,0,0,0,0,0,0,0,0,0,0,0,128
"NICKNOVAK","K","espn","Nick Novak","SD",16,110,0,0,0,0,0,0,0,0,0,0,0,128
"PHILDAWSON","K","espn","Phil Dawson","SF",17,111,0,0,0,0,0,0,0,0,0,0,0,127
"CHANDLERCATANZARO","K","espn","Chandler Catanzaro","ARZ",18,112,0,0,0,0,0,0,0,0,0,0,0,127
"DUSTINHOPKINS","K","espn","Dustin Hopkins","NO",19,113,0,0,0,0,0,0,0,0,0,0,0,127
"SHAYNEGRAHAM","K","espn","Shayne Graham","FA",20,114,0,0,0,0,0,0,0,0,0,0,0,127
"RYANMATHEWS","RB","espn","Ryan Mathews","PHI",32,115,0,0,0,0,0,194,888,4,15,122,1,126.6
"NICKFOLK","K","espn","Nick Folk","NYJ",21,116,0,0,0,0,0,0,0,0,0,0,0,126
"JOSHBROWN","K","espn","Josh Brown","NYG",22,117,0,0,0,0,0,0,0,0,0,0,0,126
"NEWENGLANDPATRIOTS","DST","espn","New England Patriots","NE",4,118,0,0,0,0,0,0,0,0,0,0,0,126
"CHRISIVORY","RB","espn","Chris Ivory","NYJ",33,119,0,0,0,0,0,193,856,4,17,126,1,125.3
"AMEERABDULLAH","RB","espn","Ameer Abdullah","DET",34,120,0,0,0,0,0,129,577,3,49,402,2,125.3
"CAIROSANTOS","K","espn","Cairo Santos","KC",23,121,0,0,0,0,0,0,0,0,0,0,0,125
"RANDYBULLOCK","K","espn","Randy Bullock","HOU",24,122,0,0,0,0,0,0,0,0,0,0,0,125
"BISHOPSANKEY","RB","espn","Bishop Sankey","TEN",35,123,0,0,0,0,0,187,762,5,22,166,1,124.3
"JIMMYGRAHAM","TE","espn","Jimmy Graham","SEA",2,124,0,0,0,0,0,0,0,0,65,773,8,124.1
"GRAHAMGANO","K","espn","Graham Gano","CAR",25,125,0,0,0,0,0,0,0,0,0,0,0,124
"RYANSUCCOP","K","espn","Ryan Succop","TEN",26,126,0,0,0,0,0,0,0,0,0,0,0,124
"STLOUISRAMS","DST","espn","St. Louis Rams","STL",5,127,0,0,0,0,0,0,0,0,0,0,0,124
"ERICDECKER","WR","espn","Eric Decker","NYJ",29,128,0,0,0,0,0,0,0,0,71,933,5,123
"GREGZUERLEIN","K","espn","Greg Zuerlein","STL",27,129,0,0,0,0,0,0,0,0,0,0,0,123
"ROBBIEGOULD","K","espn","Robbie Gould","CHI",28,130,0,0,0,0,0,0,0,0,0,0,0,123
"MIKENUGENT","K","espn","Mike Nugent","CIN",29,131,0,0,0,0,0,0,0,0,0,0,0,123
"KAIFORBATH","K","espn","Kai Forbath","WAS",30,132,0,0,0,0,0,0,0,0,0,0,0,123
"JAYFEELY","K","espn","Jay Feely","FA",31,133,0,0,0,0,0,0,0,0,0,0,0,123
"BRANDONLAFELL","WR","espn","Brandon LaFell","NE",30,134,0,0,0,0,0,0,0,0,66,861,6,122.4
"ISAIAHCROWELL","RB","espn","Isaiah Crowell","CLE",36,135,0,0,0,0,0,210,880,5,11,85,0,122.3
"MIKEWALLACE","WR","espn","Mike Wallace","MIN",31,136,0,0,0,0,0,0,0,0,63,949,5,122
"MATTCASSEL","QB","espn","Matt Cassel","BUF",32,137,302,180,2091,12,10,29,122,1,0,0,0,121.8
"CHARLESJOHNSON","WR","espn","Charles Johnson","MIN",32,138,0,0,0,0,0,0,0,0,61,893,5,119
"SEBASTIANJANIKOWSKI","K","espn","Sebastian Janikowski","OAK",32,139,0,0,0,0,0,0,0,0,0,0,0,119
"DOUGMARTIN","RB","espn","Doug Martin","TB",37,140,0,0,0,0,0,203,806,4,20,160,0,118.2
"TORREYSMITH","WR","espn","Torrey Smith","SF",33,141,0,0,0,0,0,0,0,0,57,943,4,118
"DAVANTEADAMS","WR","espn","Davante Adams","GB",34,142,0,0,0,0,0,0,0,0,59,818,6,117
"MIAMIDOLPHINS","DST","espn","Miami Dolphins","MIA",6,143,0,0,0,0,0,0,0,0,0,0,0,117
"CODYLATIMER","WR","espn","Cody Latimer","DEN",35,144,0,0,0,0,0,0,0,0,61,807,6,116
"JOSHSCOBEE","K","espn","Josh Scobee","JAC",33,145,0,0,0,0,0,0,0,0,0,0,0,116
"GREGOLSEN","TE","espn","Greg Olsen","CAR",3,146,0,0,0,0,0,0,0,0,71,866,5,115.3
"DEVINFUNCHESS","WR","espn","Devin Funchess","CAR",36,147,0,0,0,0,0,0,0,0,63,793,6,115
"PATRICKMURRAY","K","espn","Patrick Murray","TB",34,148,0,0,0,0,0,0,0,0,0,0,0,115
"NELSONAGHOLOR","WR","espn","Nelson Agholor","PHI",37,149,0,0,0,0,0,0,0,0,62,837,5,114.1
"MARTAVISBRYANT","WR","espn","Martavis Bryant","PIT",38,150,0,0,0,0,0,4,26,0,51,763,6,114
"BRESHADPERRIMAN","WR","espn","Breshad Perriman","BAL",39,151,0,0,0,0,0,0,0,0,57,789,6,114
"VICTORCRUZ","WR","espn","Victor Cruz","NYG",40,152,0,0,0,0,0,0,0,0,63,844,5,114
"PHILADELPHIAEAGLES","DST","espn","Philadelphia Eagles","PHI",7,153,0,0,0,0,0,0,0,0,0,0,0,114
"MICHAELFLOYD","WR","espn","Michael Floyd","ARZ",41,154,0,0,0,0,0,0,0,0,60,858,5,113.1
"LARRYFITZGERALD","WR","espn","Larry Fitzgerald","ARZ",42,155,0,0,0,0,0,0,0,0,66,830,5,113
"DENVERBRONCOS","DST","espn","Denver Broncos","DEN",8,156,0,0,0,0,0,0,0,0,0,0,0,113
"SHANEVEREEN","RB","espn","Shane Vereen","NYG",38,157,0,0,0,0,0,97,412,3,45,410,2,112.3
"DEVANTEPARKER","WR","espn","DeVante Parker","MIA",43,158,0,0,0,0,0,0,0,0,59,824,5,112
"NEWYORKJETS","DST","espn","New York Jets","NYJ",9,159,0,0,0,0,0,0,0,0,0,0,0,111
"RODDYWHITE","WR","espn","Roddy White","ATL",44,160,0,0,0,0,0,0,0,0,65,823,5,110.1
"KENDALLWRIGHT","WR","espn","Kendall Wright","TEN",45,161,0,0,0,0,0,4,25,0,79,867,4,110
"MARQUESCOLSTON","WR","espn","Marques Colston","NO",46,162,0,0,0,0,0,0,0,0,54,797,5,109
"BALTIMORERAVENS","DST","espn","Baltimore Ravens","BAL",10,163,0,0,0,0,0,0,0,0,0,0,0,109
"DUKEJOHNSON","RB","espn","Duke Johnson","CLE",39,164,0,0,0,0,0,114,516,3,43,357,1,108.3
"GREENBAYPACKERS","DST","espn","Green Bay Packers","GB",11,165,0,0,0,0,0,0,0,0,0,0,0,108
"JULIUSTHOMAS","TE","espn","Julius Thomas","JAC",4,166,0,0,0,0,0,0,0,0,70,791,5,107.7
"TRAVISKELCE","TE","espn","Travis Kelce","KC",5,167,0,0,0,0,0,0,0,0,74,799,5,107.3
"TAMPABAYBUCCANEERS","DST","espn","Tampa Bay Buccaneers","TB",12,168,0,0,0,0,0,0,0,0,0,0,0,105
"JOHNBROWN","WR","espn","John Brown","ARZ",47,169,0,0,0,0,0,4,25,0,55,782,4,104
"TERRANCEWILLIAMS","WR","espn","Terrance Williams","DAL",48,170,0,0,0,0,0,0,0,0,41,683,6,104
"CAROLINAPANTHERS","DST","espn","Carolina Panthers","CAR",13,171,0,0,0,0,0,0,0,0,0,0,0,104
"MARTELLUSBENNETT","TE","espn","Martellus Bennett","CHI",6,172,0,0,0,0,0,0,0,0,68,740,5,103.9
"JASONWITTEN","TE","espn","Jason Witten","DAL",7,173,0,0,0,0,0,0,0,0,58,670,6,103
"ANQUANBOLDIN","WR","espn","Anquan Boldin","SF",49,174,0,0,0,0,0,0,0,0,69,841,3,102
"MALCOMFLOYD","WR","espn","Malcom Floyd","SD",50,175,0,0,0,0,0,0,0,0,42,727,5,102
"TRAVISCOONS","K","espn","Travis Coons","CLE",35,176,0,0,0,0,0,0,0,0,0,0,0,102
"DETROITLIONS","DST","espn","Detroit Lions","DET",14,177,0,0,0,0,0,0,0,0,0,0,0,102
"CINCINNATIBENGALS","DST","espn","Cincinnati Bengals","CIN",15,178,0,0,0,0,0,0,0,0,0,0,0,102
"EDDIEROYAL","WR","espn","Eddie Royal","CHI",51,179,0,0,0,0,0,0,0,0,66,783,4,101.3
"CAREYSPEAR","K","espn","Carey Spear","CLE",36,180,0,0,0,0,0,0,0,0,0,0,0,101
"ARIZONACARDINALS","DST","espn","Arizona Cardinals","ARZ",16,181,0,0,0,0,0,0,0,0,0,0,0,101
"INDIANAPOLISCOLTS","DST","espn","Indianapolis Colts","IND",17,182,0,0,0,0,0,0,0,0,0,0,0,101
"NEWYORKGIANTS","DST","espn","New York Giants","NYG",18,183,0,0,0,0,0,0,0,0,0,0,0,101
"SANFRANCISCO49ERS","DST","espn","San Francisco 49ers","SF",19,184,0,0,0,0,0,0,0,0,0,0,0,100
"PIERREGARCON","WR","espn","Pierre Garcon","WAS",52,185,0,0,0,0,0,0,0,0,59,756,4,99
"CHARLESSIMS","RB","espn","Charles Sims","TB",40,186,0,0,0,0,0,103,398,3,45,371,1,98.2
"STEVESMITH","WR","espn","Steve Smith Sr.","BAL",53,187,0,0,0,0,0,0,0,0,58,767,4,98.1
"PERCYHARVIN","WR","espn","Percy Harvin","BUF",54,188,0,0,0,0,0,23,147,1,54,605,3,97.8
"DOUGBALDWIN","WR","espn","Doug Baldwin","SEA",55,189,0,0,0,0,0,2,15,0,53,717,4,97.4
"MINNESOTAVIKINGS","DST","espn","Minnesota Vikings","MIN",20,190,0,0,0,0,0,0,0,0,0,0,0,97
"BRANDONCOLEMAN","WR","espn","Brandon Coleman","NO",56,191,0,0,0,0,0,0,0,0,41,666,5,96
"CLEVELANDBROWNS","DST","espn","Cleveland Browns","CLE",21,192,0,0,0,0,0,0,0,0,0,0,0,96
"BRIANQUICK","WR","espn","Brian Quick","STL",57,193,0,0,0,0,0,0,0,0,50,708,4,94
"JORDANCAMERON","TE","espn","Jordan Cameron","MIA",8,194,0,0,0,0,0,0,0,0,52,641,5,93.7
"ZACHERTZ","TE","espn","Zach Ertz","PHI",9,195,0,0,0,0,0,0,0,0,52,647,5,93.5
"MICHAELCRABTREE","WR","espn","Michael Crabtree","OAK",58,196,0,0,0,0,0,0,0,0,64,758,3,93
"RUEBENRANDLE","WR","espn","Rueben Randle","NYG",59,197,0,0,0,0,0,0,0,0,48,693,4,93
"NATEWASHINGTON","WR","espn","Nate Washington","HOU",60,198,0,0,0,0,0,0,0,0,50,756,3,93
"MONTEEBALL","RB","espn","Montee Ball","DEN",41,199,0,0,0,0,0,114,477,5,14,112,1,92.3
"KENNYSTILLS","WR","espn","Kenny Stills","MIA",61,200,0,0,0,0,0,4,25,0,50,721,3,92
"CHICAGOBEARS","DST","espn","Chicago Bears","CHI",22,201,0,0,0,0,0,0,0,0,0,0,0,92
"DELANIEWALKER","TE","espn","Delanie Walker","TEN",10,202,0,0,0,0,0,0,0,0,61,690,4,91.6
"STEVIEJOHNSON","WR","espn","Stevie Johnson","SD",62,203,0,0,0,0,0,0,0,0,51,674,4,91
"TREMASON","RB","espn","Tre Mason","STL",42,204,0,0,0,0,0,144,617,3,18,139,0,90.2
"DWAYNEALLEN","TE","espn","Dwayne Allen","IND",11,205,0,0,0,0,0,0,0,0,50,543,6,89.5
"GENOSMITH","QB","espn","Geno Smith","NYJ",33,206,206,121,1452,8,7,21,107,1,0,0,0,88.5
"ALFREDBLUE","RB","espn","Alfred Blue","HOU",43,207,0,0,0,0,0,155,585,3,17,136,0,87.2
"DANNYWOODHEAD","RB","espn","Danny Woodhead","SD",44,208,0,0,0,0,0,53,232,1,45,421,3,87.2
"KNILEDAVIS","RB","espn","Knile Davis","KC",45,209,0,0,0,0,0,99,389,5,15,112,1,87
"KENNYBRITT","WR","espn","Kenny Britt","STL",63,210,0,0,0,0,0,0,0,0,43,638,4,87
"TENNESSEETITANS","DST","espn","Tennessee Titans","TEN",23,211,0,0,0,0,0,0,0,0,0,0,0,87
"LARRYDONNELL","TE","espn","Larry Donnell","NYG",12,212,0,0,0,0,0,0,0,0,50,589,5,86.9
"TYLERLOCKETT","WR","espn","Tyler Lockett","SEA",64,213,0,0,0,0,0,0,0,0,41,588,4,86.7
"LORENZOTALIAFERRO","RB","espn","Lorenzo Taliaferro","BAL",46,214,0,0,0,0,0,116,476,4,13,103,1,85.2
"TYLEREIFERT","TE","espn","Tyler Eifert","CIN",13,215,0,0,0,0,0,0,0,0,52,606,4,83.5
"ANDREWILLIAMS","RB","espn","Andre Williams","NYG",47,216,0,0,0,0,0,140,552,4,5,42,0,83.2
"ROYHELU","RB","espn","Roy Helu","OAK",48,217,0,0,0,0,0,80,338,2,44,344,1,83.2
"ERICEBRON","TE","espn","Eric Ebron","DET",14,218,0,0,0,0,0,0,0,0,53,590,4,82.5
"ALLENHURNS","WR","espn","Allen Hurns","JAC",65,219,0,0,0,0,0,4,24,0,47,621,3,82
"DALLASCOWBOYS","DST","espn","Dallas Cowboys","DAL",24,220,0,0,0,0,0,0,0,0,0,0,0,82
"KYLERUDOLPH","TE","espn","Kyle Rudolph","MIN",15,221,0,0,0,0,0,0,0,0,53,588,4,81.9
"HEATHMILLER","TE","espn","Heath Miller","PIT",16,222,0,0,0,0,0,0,0,0,53,599,4,81.9
"AUSTINSEFERIANJENKINS","TE","espn","Austin Seferian-Jenkins","TB",17,223,0,0,0,0,0,0,0,0,48,587,4,81.5
"JORDANREED","TE","espn","Jordan Reed","WAS",18,224,0,0,0,0,0,0,0,0,56,586,4,81.2
"DORIALGREENBECKHAM","WR","espn","Dorial Green-Beckham","TEN",66,225,0,0,0,0,0,0,0,0,41,576,4,81
"MARKUSWHEATON","WR","espn","Markus Wheaton","PIT",67,226,0,0,0,0,0,4,25,0,44,606,3,81
"ATLANTAFALCONS","DST","espn","Atlanta Falcons","ATL",25,227,0,0,0,0,0,0,0,0,0,0,0,81
"OWENDANIELS","TE","espn","Owen Daniels","DEN",19,228,0,0,0,0,0,0,0,0,46,513,5,80.9
"KANSASCITYCHIEFS","DST","espn","Kansas City Chiefs","KC",26,229,0,0,0,0,0,0,0,0,0,0,0,80
"JAMESWHITE","RB","espn","James White","NE",49,230,0,0,0,0,0,67,284,2,37,296,2,79.2
"JACKSONVILLEJAGUARS","DST","espn","Jacksonville Jaguars","JAC",27,231,0,0,0,0,0,0,0,0,0,0,0,79
"DONTEMONCRIEF","WR","espn","Donte Moncrief","IND",68,232,0,0,0,0,0,6,39,0,37,510,4,78
"DWAYNEBOWE","WR","espn","Dwayne Bowe","CLE",69,233,0,0,0,0,0,0,0,0,50,629,3,78
"JERMAINEKEARSE","WR","espn","Jermaine Kearse","SEA",70,234,0,0,0,0,0,0,0,0,37,541,4,78
"PITTSBURGHSTEELERS","DST","espn","Pittsburgh Steelers","PIT",28,235,0,0,0,0,0,0,0,0,0,0,0,78
"JOSHHILL","TE","espn","Josh Hill","NO",20,236,0,0,0,0,0,0,0,0,45,486,5,77.6
"DENARDROBINSON","RB","espn","Denard Robinson","JAC",50,237,0,0,0,0,0,89,367,2,35,239,1,76.9
"CHARLESCLAY","TE","espn","Charles Clay","BUF",21,238,0,0,0,0,0,0,0,0,49,535,4,76.9
"RYANMALLETT","QB","espn","Ryan Mallett","HOU",34,239,205,123,1490,7,6,11,34,0,0,0,0,76.4
"DARRENMCFADDEN","RB","espn","Darren McFadden","DAL",51,240,0,0,0,0,0,123,482,4,9,69,0,76.2
"MARVINJONES","WR","espn","Marvin Jones","CIN",71,241,0,0,0,0,0,2,15,0,44,577,3,76
"COBYFLEENER","TE","espn","Coby Fleener","IND",22,242,0,0,0,0,0,0,0,0,39,469,5,76
"VERNONDAVIS","TE","espn","Vernon Davis","SF",23,243,0,0,0,0,0,0,0,0,45,587,3,75.4
"RICHARDRODGERS","TE","espn","Richard Rodgers","GB",24,244,0,0,0,0,0,0,0,0,40,457,5,74.7
"TAVONAUSTIN","WR","espn","Tavon Austin","STL",72,245,0,0,0,0,0,24,176,1,33,344,2,74.2
"ANTONIOGATES","TE","espn","Antonio Gates","SD",25,246,0,0,0,0,0,0,0,0,42,507,4,73.7
"TERRANCEWEST","RB","espn","Terrance West","CLE",52,247,0,0,0,0,0,108,450,4,8,68,0,73.3
"JONASGRAY","RB","espn","Jonas Gray","NE",53,248,0,0,0,0,0,102,442,4,6,50,0,73.2
"NEWORLEANSSAINTS","DST","espn","New Orleans Saints","NO",29,249,0,0,0,0,0,0,0,0,0,0,0,73
"DANIELHERRON","RB","espn","Daniel Herron","IND",54,250,0,0,0,0,0,62,260,2,34,281,1,70.2
"LEONARDHANKERSON","WR","espn","Leonard Hankerson","ATL",73,251,0,0,0,0,0,0,0,0,41,527,3,70
"REGGIEBUSH","RB","espn","Reggie Bush","SF",55,252,0,0,0,0,0,61,266,1,36,304,1,69.5
"DANNYAMENDOLA","WR","espn","Danny Amendola","NE",74,253,0,0,0,0,0,0,0,0,48,493,3,69.4
"LANCEDUNBAR","RB","espn","Lance Dunbar","DAL",56,254,0,0,0,0,0,54,219,1,33,295,2,69.1
"PHILLIPDORSETT","WR","espn","Phillip Dorsett","IND",75,255,0,0,0,0,0,4,26,0,36,442,3,67.8
"ANDREWHAWKINS","WR","espn","Andrew Hawkins","CLE",76,256,0,0,0,0,0,7,45,0,50,513,2,67
"WASHINGTONREDSKINS","DST","espn","Washington Redskins","WAS",30,257,0,0,0,0,0,0,0,0,0,0,0,67
"JAREDCOOK","TE","espn","Jared Cook","STL",26,258,0,0,0,0,0,0,0,0,42,492,3,66.8
"TYRODTAYLOR","QB","espn","Tyrod Taylor","BUF",35,259,148,85,946,6,5,23,117,1,0,0,0,66.4
"COLEBEASLEY","WR","espn","Cole Beasley","DAL",77,260,0,0,0,0,0,0,0,0,40,472,3,66.2
"ROBERTWOODS","WR","espn","Robert Woods","BUF",78,261,0,0,0,0,0,0,0,0,35,472,3,65.8
"JACEAMARO","TE","espn","Jace Amaro","NYJ",27,262,0,0,0,0,0,0,0,0,44,485,3,65.6
"SANDIEGOCHARGERS","DST","espn","San Diego Chargers","SD",31,263,0,0,0,0,0,0,0,0,0,0,0,65
"JERICKMCKINNON","RB","espn","Jerick McKinnon","MIN",57,264,0,0,0,0,0,71,319,1,28,211,1,64.1
"DARRENSPROLES","RB","espn","Darren Sproles","PHI",58,265,0,0,0,0,0,45,208,1,37,303,1,63.9
"JACOBTAMME","TE","espn","Jacob Tamme","ATL",28,266,0,0,0,0,0,0,0,0,43,469,3,63.7
"FREDJACKSON","RB","espn","Fred Jackson","BUF",59,267,0,0,0,0,0,75,325,2,20,156,1,63.2
"CECILSHORTS","WR","espn","Cecil Shorts III","HOU",79,268,0,0,0,0,0,0,0,0,36,453,3,63
"JEREMYKERLEY","WR","espn","Jeremy Kerley","NYJ",80,269,0,0,0,0,0,0,0,0,41,483,2,62.5
"GREGJENNINGS","WR","espn","Greg Jennings","MIA",81,270,0,0,0,0,0,0,0,0,32,448,3,62
"MARQISELEE","WR","espn","Marqise Lee","JAC",82,271,0,0,0,0,0,0,0,0,38,438,3,61
"LADARIUSGREEN","TE","espn","Ladarius Green","SD",29,272,0,0,0,0,0,0,0,0,34,424,3,59.8
"DEXTERMCCLUSTER","RB","espn","Dexter McCluster","TEN",60,273,0,0,0,0,0,37,153,1,31,283,1,58.9
"DEXTERMCCLUSTER","WR","espn","Dexter McCluster","TEN",83,274,0,0,0,0,0,37,153,1,31,283,1,58.9
"MAXXWILLIAMS","TE","espn","Maxx Williams","BAL",30,275,0,0,0,0,0,0,0,0,35,410,3,58.7
"BRIANHARTLINE","WR","espn","Brian Hartline","CLE",84,276,0,0,0,0,0,0,0,0,34,466,2,58
"MATTJONES","RB","espn","Matt Jones","WAS",61,277,0,0,0,0,0,51,186,2,31,239,1,57.1
"KEVINWHITE","WR","espn","Kevin White","CHI",85,278,0,0,0,0,0,0,0,0,28,387,3,56
"JIMMYGAROPPOLO","QB","espn","Jimmy Garoppolo","NE",36,279,146,88,971,6,4,12,37,0,0,0,0,55.3
"DEANGELOWILLIAMS","RB","espn","DeAngelo Williams","PIT",62,280,0,0,0,0,0,97,447,1,10,78,0,55.1
"JAVORIUSALLEN","RB","espn","Javorius Allen","BAL",63,281,0,0,0,0,0,59,253,2,17,131,1,54.1
"MYCHALRIVERA","TE","espn","Mychal Rivera","OAK",31,282,0,0,0,0,0,0,0,0,36,410,2,52.2
"MIKETOLBERT","RB","espn","Mike Tolbert","CAR",64,283,0,0,0,0,0,45,170,2,22,164,1,51.2
"BILALPOWELL","RB","espn","Bilal Powell","NYJ",65,284,0,0,0,0,0,49,200,1,25,198,1,51.1
"BENJAMINCUNNINGHAM","RB","espn","Benjamin Cunningham","STL",66,285,0,0,0,0,0,34,145,1,30,250,1,51.1
"DEVINSMITH","WR","espn","Devin Smith","NYJ",86,286,0,0,0,0,0,4,26,0,26,375,2,51
"RODSTREATER","WR","espn","Rod Streater","OAK",87,287,0,0,0,0,0,0,0,0,29,399,2,51
"TAYLORGABRIEL","WR","espn","Taylor Gabriel","CLE",88,288,0,0,0,0,0,2,15,0,28,387,2,51
"THEORIDDICK","RB","espn","Theo Riddick","DET",67,289,0,0,0,0,0,26,102,1,33,284,1,50.1
"JAMESSTARKS","RB","espn","James Starks","GB",68,290,0,0,0,0,0,61,271,1,14,112,1,50.1
"TEDGINN","WR","espn","Ted Ginn Jr.","CAR",89,291,0,0,0,0,0,4,30,0,24,351,2,50
"JAELENSTRONG","WR","espn","Jaelen Strong","HOU",90,292,0,0,0,0,0,0,0,0,29,370,2,49
"JARIUSWRIGHT","WR","espn","Jarius Wright","MIN",91,293,0,0,0,0,0,4,26,0,27,352,2,49
"JERRICHOCOTCHERY","WR","espn","Jerricho Cotchery","CAR",92,294,0,0,0,0,0,0,0,0,29,378,2,49
"ROBHOUSLER","TE","espn","Rob Housler","CLE",32,295,0,0,0,0,0,0,0,0,32,373,2,48.5
"BENJAMINWATSON","TE","espn","Benjamin Watson","NO",33,296,0,0,0,0,0,0,0,0,27,309,3,47.8
"CHRISJOHNSON","RB","espn","Chris Johnson","ARZ",69,297,0,0,0,0,0,78,334,1,11,87,0,47.1
"HARRYDOUGLAS","WR","espn","Harry Douglas","TEN",93,298,0,0,0,0,0,0,0,0,28,351,2,47
"OAKLANDRAIDERS","DST","espn","Oakland Raiders","OAK",32,299,0,0,0,0,0,0,0,0,0,0,0,47
"VIRGILGREEN","TE","espn","Virgil Green","DEN",34,300,0,0,0,0,0,0,0,0,32,296,3,46.7
"DEANTHONYTHOMAS","RB","espn","De'Anthony Thomas","KC",70,301,0,0,0,0,0,15,91,0,27,201,2,46.3
"DEANTHONYTHOMAS","WR","espn","De'Anthony Thomas","KC",94,302,0,0,0,0,0,15,91,0,27,201,2,46.3
"NICKTOON","WR","espn","Nick Toon","NO",95,303,0,0,0,0,0,0,0,0,21,342,2,46
"MOHAMEDSANU","WR","espn","Mohamed Sanu","CIN",96,304,0,0,0,0,0,9,61,0,26,283,2,46
"CHRISCONLEY","WR","espn","Chris Conley","KC",97,305,0,0,0,0,0,0,0,0,26,321,2,45
"ALBERTWILSON","WR","espn","Albert Wilson","KC",98,306,0,0,0,0,0,0,0,0,29,331,2,45
"CLIVEWALFORD","TE","espn","Clive Walford","OAK",35,307,0,0,0,0,0,0,0,0,29,339,2,44.7
"CAMERONARTISPAYNE","RB","espn","Cameron Artis-Payne","CAR",71,308,0,0,0,0,0,67,281,2,4,31,0,43.1
"DAVIDCOBB","RB","espn","David Cobb","TEN",72,309,0,0,0,0,0,76,319,2,2,17,0,42.1
"JUSTINHUNTER","WR","espn","Justin Hunter","TEN",99,310,0,0,0,0,0,0,0,0,20,303,2,42
"RILEYCOOPER","WR","espn","Riley Cooper","PHI",100,311,0,0,0,0,0,0,0,0,21,303,2,42
"ROBERTTURBIN","RB","espn","Robert Turbin","SEA",73,312,0,0,0,0,0,66,271,1,10,82,0,41.1
"DIONSIMS","TE","espn","Dion Sims","MIA",36,313,0,0,0,0,0,0,0,0,27,290,2,40.7
"DAVIDJOHNSON","RB","espn","David Johnson","ARZ",74,314,0,0,0,0,0,32,132,1,19,152,1,40.1
"KHIRYROBINSON","RB","espn","Khiry Robinson","NO",75,315,0,0,0,0,0,49,214,2,9,77,0,40.1
"LANCEKENDRICKS","TE","espn","Lance Kendricks","STL",37,316,0,0,0,0,0,0,0,0,26,284,2,39.8
"ANDREHOLMES","WR","espn","Andre Holmes","OAK",101,317,0,0,0,0,0,0,0,0,22,328,1,38
"GAVINESCOBAR","TE","espn","Gavin Escobar","DAL",38,318,0,0,0,0,0,0,0,0,16,200,3,37.9
"DENNISPITTA","TE","espn","Dennis Pitta","BAL",39,319,0,0,0,0,0,0,0,0,23,264,2,37.9
"CROCKETTGILLMORE","TE","espn","Crockett Gillmore","BAL",40,320,0,0,0,0,0,0,0,0,23,267,2,37.8
"DARRENFELLS","TE","espn","Darren Fells","ARZ",41,321,0,0,0,0,0,0,0,0,24,268,2,37.8
"CORDARRELLEPATTERSON","WR","espn","Cordarrelle Patterson","MIN",102,322,0,0,0,0,0,8,56,0,20,244,1,37.4
"MARQUESSWILSON","WR","espn","Marquess Wilson","CHI",103,323,0,0,0,0,0,0,0,0,20,249,2,36
"BRENTCELEK","TE","espn","Brent Celek","PHI",42,324,0,0,0,0,0,0,0,0,22,248,2,35.8
"TOBYGERHART","RB","espn","Toby Gerhart","JAC",76,325,0,0,0,0,0,28,115,1,17,129,1,35.1
"STEDMANBAILEY","WR","espn","Stedman Bailey","STL",104,326,0,0,0,0,0,0,0,0,23,297,1,35
"DAMIENWILLIAMS","RB","espn","Damien Williams","MIA",77,327,0,0,0,0,0,48,186,1,13,106,0,34.9
"MARLONBROWN","WR","espn","Marlon Brown","BAL",105,328,0,0,0,0,0,0,0,0,18,222,2,34
"MARCEDESLEWIS","TE","espn","Marcedes Lewis","JAC",43,329,0,0,0,0,0,0,0,0,19,221,2,33.8
"BRANDENOLIVER","RB","espn","Branden Oliver","SD",78,330,0,0,0,0,0,53,209,1,8,71,0,33.1
"TROYNIKLAS","TE","espn","Troy Niklas","ARZ",44,331,0,0,0,0,0,0,0,0,20,210,2,32.8
"CHRISMATTHEWS","WR","espn","Chris Matthews","SEA",106,332,0,0,0,0,0,2,15,0,13,196,2,32
"MATTASIATA","RB","espn","Matt Asiata","MIN",79,333,0,0,0,0,0,20,81,1,15,111,1,31.1
"SCOTTCHANDLER","TE","espn","Scott Chandler","NE",45,334,0,0,0,0,0,0,0,0,18,196,2,30.9
"CHRISPOLK","RB","espn","Chris Polk","HOU",80,335,0,0,0,0,0,46,204,1,6,44,0,30.1
"JACQUIZZRODGERS","RB","espn","Jacquizz Rodgers","CHI",81,336,0,0,0,0,0,34,138,1,13,112,0,30.1
"COREYBROWN","WR","espn","Corey Brown","CAR",107,337,0,0,0,0,0,0,0,0,17,246,1,30
"JAYAJAYI","RB","espn","Jay Ajayi","MIA",82,338,0,0,0,0,0,36,150,1,9,70,0,28.1
"STEVANRIDLEY","RB","espn","Stevan Ridley","NYJ",83,339,0,0,0,0,0,53,224,1,1,9,0,28.1
"DRIARCHER","RB","espn","Dri Archer","PIT",84,340,0,0,0,0,0,16,61,0,20,162,1,28.1
"JOSHHUFF","WR","espn","Josh Huff","PHI",108,341,0,0,0,0,0,0,0,0,16,194,1,28
"JUSTINHARDY","WR","espn","Justin Hardy","ATL",109,342,0,0,0,0,0,0,0,0,19,228,1,28
"JOSHROBINSON","RB","espn","Josh Robinson","IND",85,343,0,0,0,0,0,36,149,1,9,77,0,27.1
"ANDREWQUARLESS","TE","espn","Andrew Quarless","GB",46,344,0,0,0,0,0,0,0,0,14,153,2,26.9
"GARRETTGRAHAM","TE","espn","Garrett Graham","HOU",47,345,0,0,0,0,0,0,0,0,20,217,1,26.7
"SAMMIECOATES","WR","espn","Sammie Coates","PIT",110,346,0,0,0,0,0,0,0,0,15,201,1,26
"BOBBYRAINEY","RB","espn","Bobby Rainey","TB",86,347,0,0,0,0,0,34,134,1,8,69,0,25.8
"JONATHANGRIMES","RB","espn","Jonathan Grimes","HOU",87,348,0,0,0,0,0,32,123,1,9,74,0,25.1
"BRANDONBOLDEN","RB","espn","Brandon Bolden","NE",88,349,0,0,0,0,0,28,121,1,6,50,0,23.1
"MARCELREECE","RB","espn","Marcel Reece","OAK",89,350,0,0,0,0,0,11,36,0,15,149,1,23.1
"TIMOTHYWRIGHT","TE","espn","Timothy Wright","TB",48,351,0,0,0,0,0,0,0,0,14,178,1,22.9
"DANIELFELLS","TE","espn","Daniel Fells","NYG",49,352,0,0,0,0,0,0,0,0,15,170,1,22.7
"ZACSTACY","RB","espn","Zac Stacy","NYJ",90,353,0,0,0,0,0,37,142,1,3,22,0,22
"MILESAUSTIN","WR","espn","Miles Austin","PHI",111,354,0,0,0,0,0,0,0,0,13,160,1,22
"JERMAINEGRESHAM","TE","espn","Jermaine Gresham","ARZ",50,355,0,0,0,0,0,0,0,0,16,166,1,21.6
"KENNYBELL","WR","espn","Kenny Bell","TB",112,356,0,0,0,0,0,0,0,0,13,159,1,21
"TYLERKROFT","TE","espn","Tyler Kroft","CIN",51,357,0,0,0,0,0,0,0,0,14,156,1,20.9
"CJFIEDOROWICZ","TE","espn","C.J. Fiedorowicz","HOU",52,358,0,0,0,0,0,0,0,0,14,155,1,20.9
"CHRISTINEMICHAEL","RB","espn","Christine Michael","SEA",91,359,0,0,0,0,0,35,154,1,2,14,0,20
"RONNIEHILLMAN","RB","espn","Ronnie Hillman","DEN",92,360,0,0,0,0,0,27,112,1,5,38,0,20
"ANTONESMITH","RB","espn","Antone Smith","ATL",93,361,0,0,0,0,0,21,101,1,5,38,0,19.1
"JEREMYLANGFORD","RB","espn","Jeremy Langford","CHI",94,362,0,0,0,0,0,31,125,1,2,18,0,19
"KADEEMCAREY","RB","espn","Ka'Deem Carey","CHI",95,363,0,0,0,0,0,30,128,1,2,18,0,19
"KARLOSWILLIAMS","RB","espn","Karlos Williams","BUF",96,364,0,0,0,0,0,28,112,1,2,13,0,18
"RYANWILLIAMS","RB","espn","Ryan Williams","DAL",97,365,0,0,0,0,0,11,44,0,10,84,1,18
"LUKEWILLSON","TE","espn","Luke Willson","SEA",53,366,0,0,0,0,0,0,0,0,11,125,1,18
"JOSEPHFAURIA","TE","espn","Joseph Fauria","DET",54,367,0,0,0,0,0,0,0,0,11,123,1,17.9
"JUWANTHOMPSON","RB","espn","Juwan Thompson","DEN",98,368,0,0,0,0,0,20,87,1,5,38,0,17.1
"JAMESCASEY","TE","espn","James Casey","DEN",55,369,0,0,0,0,0,0,0,0,13,115,1,16.9
"RYANGRIFFIN","TE","espn","Ryan Griffin","HOU",56,370,0,0,0,0,0,0,0,0,10,113,1,16.9
"GARYBARNIDGE","TE","espn","Gary Barnidge","CLE",57,371,0,0,0,0,0,0,0,0,9,100,1,15.9
"JAMESJONES","WR","espn","James Jones","NYG",113,372,0,0,0,0,0,0,0,0,7,96,1,15
"DONTRELLEINMAN","WR","espn","Dontrelle Inman","SD",114,373,0,0,0,0,0,0,0,0,6,88,1,14
"DANTEROSARIO","TE","espn","Dante Rosario","CHI",58,374,0,0,0,0,0,0,0,0,8,86,1,13.9
"ANTHONYFASANO","TE","espn","Anthony Fasano","TEN",59,375,0,0,0,0,0,0,0,0,7,75,1,12.9
"KIRKCOUSINS","QB","espn","Kirk Cousins","WAS",37,376,34,21,248,1,1,4,13,0,0,0,0,12.1
"JOHNNYMANZIEL","QB","espn","Johnny Manziel","CLE",38,377,30,17,183,1,1,7,20,0,0,0,0,11.1
"DREWSTANTON","QB","espn","Drew Stanton","ARZ",39,378,34,20,240,1,1,2,5,0,0,0,0,11.1
"KENDALLHUNTER","RB","espn","Kendall Hunter","SF",99,379,0,0,0,0,0,23,102,0,2,15,0,11
"EJMANUEL","QB","espn","EJ Manuel","BUF",40,380,28,16,184,1,1,4,11,0,0,0,0,10.1
"CHRISTHOMPSON","RB","espn","Chris Thompson","WAS",100,381,0,0,0,0,0,12,45,0,8,66,0,10
"FOZZYWHITTAKER","RB","espn","Fozzy Whittaker","CAR",101,382,0,0,0,0,0,16,59,0,6,46,0,9.5
"JIMMYCLAUSEN","QB","espn","Jimmy Clausen","CHI",41,383,35,20,233,1,1,3,9,0,0,0,0,9.1
"TRENTRICHARDSON","RB","espn","Trent Richardson","OAK",102,384,0,0,0,0,0,18,63,0,4,35,0,9
"BRANDONWEEDEN","QB","espn","Brandon Weeden","DAL",42,385,15,9,118,1,0,0,1,0,0,0,0,8.1
"DEREKANDERSON","QB","espn","Derek Anderson","CAR",43,386,22,13,156,1,1,3,8,0,0,0,0,8
"AUSTINDAVIS","QB","espn","Austin Davis","STL",44,387,16,10,112,1,0,0,1,0,0,0,0,8
"CHASEDANIEL","QB","espn","Chase Daniel","KC",45,388,16,10,107,1,0,1,4,0,0,0,0,8
"BLAINEGABBERT","QB","espn","Blaine Gabbert","SF",46,389,16,10,117,1,0,3,8,0,0,0,0,8
"BRUCEGRADKOWSKI","QB","espn","Bruce Gradkowski","PIT",47,390,18,11,127,1,1,1,2,0,0,0,0,7
"VANCEMCDONALD","TE","espn","Vance McDonald","SF",60,391,0,0,0,0,0,0,0,0,6,73,0,6.9
"MARKSANCHEZ","QB","espn","Mark Sanchez","PHI",48,392,17,10,119,1,1,3,8,0,0,0,0,6
"STEPFANTAYLOR","RB","espn","Stepfan Taylor","ARZ",103,393,0,0,0,0,0,16,60,0,0,0,0,6
"BRANDONPETTIGREW","TE","espn","Brandon Pettigrew","DET",61,394,0,0,0,0,0,0,0,0,5,61,0,5.9
"PAULRICHARDSON","WR","espn","Paul Richardson","SEA",115,395,0,0,0,0,0,0,0,0,4,55,0,5
"JOSHHARRIS","RB","espn","Josh Harris","PIT",104,396,0,0,0,0,0,12,46,0,1,5,0,4
"COREYWASHINGTON","WR","espn","Corey Washington","NYG",116,397,0,0,0,0,0,0,0,0,4,48,0,4
"TONYMOEAKI","TE","espn","Tony Moeaki","ATL",62,398,0,0,0,0,0,0,0,0,4,44,0,4
"MATTSPAETH","TE","espn","Matt Spaeth","PIT",63,399,0,0,0,0,0,0,0,0,4,47,0,4
"EDWINBAKER","RB","espn","Edwin Baker","NO",105,400,0,0,0,0,0,4,16,0,2,20,0,3
"DONALDBROWN","RB","espn","Donald Brown","SD",106,401,0,0,0,0,0,4,15,0,2,18,0,2
"TRAVARISCADET","RB","espn","Travaris Cadet","NE",107,402,0,0,0,0,0,3,11,0,2,19,0,2
"MIKEDAVIS","RB","espn","Mike Davis","SF",108,403,0,0,0,0,0,4,16,0,2,15,0,2
"KERWYNNWILLIAMS","RB","espn","Kerwynn Williams","ARZ",109,404,0,0,0,0,0,4,15,0,2,18,0,2
"VICKBALLARD","RB","espn","Vick Ballard","IND",110,405,0,0,0,0,0,4,15,0,2,19,0,2
"DURONCARTER","WR","espn","Duron Carter","IND",117,406,0,0,0,0,0,0,0,0,2,23,0,2
"JEFFJANIS","WR","espn","Jeff Janis","GB",118,407,0,0,0,0,0,0,0,0,2,24,0,2
"JORDANTODMAN","RB","espn","Jordan Todman","CAR",111,408,0,0,0,0,0,4,17,0,0,0,0,1
"BOOBIEDIXON","RB","espn","Boobie Dixon","BUF",112,409,0,0,0,0,0,5,18,0,0,0,0,1
"STORMJOHNSON","RB","espn","Storm Johnson","JAC",113,410,0,0,0,0,0,4,14,0,0,0,0,1
"DARRINREAVES","RB","espn","Darrin Reaves","KC",114,411,0,0,0,0,0,5,18,0,0,0,0,1
"JAMESWRIGHT","WR","espn","James Wright","CIN",119,412,0,0,0,0,0,0,0,0,1,18,0,1
"DENARIUSMOORE","WR","espn","Denarius Moore","CIN",120,413,0,0,0,0,0,0,0,0,1,18,0,1
"BROCKOSWEILER","QB","espn","Brock Osweiler","DEN",49,414,3,2,20,0,0,2,7,0,0,0,0,0
"MIKEGLENNON","QB","espn","Mike Glennon","TB",50,415,3,2,22,0,0,0,0,0,0,0,0,0
"ZACHMETTENBERGER","QB","espn","Zach Mettenberger","TEN",51,416,3,2,19,0,0,0,0,0,0,0,0,0
"SHAUNHILL","QB","espn","Shaun Hill","MIN",52,417,3,2,20,0,0,0,0,0,0,0,0,0
"MATTHASSELBECK","QB","espn","Matt Hasselbeck","IND",53,418,3,2,23,0,0,0,0,0,0,0,0,0
"SCOTTTOLZIEN","QB","espn","Scott Tolzien","GB",54,419,3,2,20,0,0,0,0,0,0,0,0,0
"COLTMCCOY","QB","espn","Colt McCoy","WAS",55,420,0,0,0,0,0,0,0,0,0,0,0,0
"RYANNASSIB","QB","espn","Ryan Nassib","NYG",56,421,3,2,20,0,0,0,0,0,0,0,0,0
"LUKEMCCOWN","QB","espn","Luke McCown","NO",57,422,3,2,22,0,0,0,1,0,0,0,0,0
"TJYATES","QB","espn","T.J. Yates","ATL",58,423,3,2,20,0,0,0,0,0,0,0,0,0
"DANORLOVSKY","QB","espn","Dan Orlovsky","DET",59,424,3,2,22,0,0,0,0,0,0,0,0,0
"CHADHENNE","QB","espn","Chad Henne","JAC",60,425,3,2,19,0,0,0,0,0,0,0,0,0
"MATTSCHAUB","QB","espn","Matt Schaub","BAL",61,426,3,2,20,0,0,0,0,0,0,0,0,0
"KELLENCLEMENS","QB","espn","Kellen Clemens","SD",62,427,3,2,21,0,0,0,0,0,0,0,0,0
"MATTMOORE","QB","espn","Matt Moore","MIA",63,428,3,2,21,0,0,0,0,0,0,0,0,0
"TARVARISJACKSON","QB","espn","Tarvaris Jackson","SEA",64,429,2,1,17,0,0,0,0,0,0,0,0,0
"BRETTHUNDLEY","QB","espn","Brett Hundley","GB",65,430,0,0,0,0,0,0,0,0,0,0,0,0
"AJMCCARRON","QB","espn","AJ McCarron","CIN",66,431,2,1,16,0,0,0,0,0,0,0,0,0
"GARRETTGRAYSON","QB","espn","Garrett Grayson","NO",67,432,0,0,0,0,0,0,0,0,0,0,0,0
"CHRISTIANPONDER","QB","espn","Christian Ponder","OAK",68,433,3,2,20,0,0,0,1,0,0,0,0,0
"TOMSAVAGE","QB","espn","Tom Savage","HOU",69,434,0,0,0,0,0,0,0,0,0,0,0,0
"BRYCEPETTY","QB","espn","Bryce Petty","NYJ",70,435,1,0,5,0,0,0,0,0,0,0,0,0
"MARKBRUNELL","QB","espn","Mark Brunell","FA",71,436,0,0,0,0,0,0,0,0,0,0,0,0
"JONKITNA","QB","espn","Jon Kitna","DAL",72,437,0,0,0,0,0,0,0,0,0,0,0,0
"TODDBOUMAN","QB","espn","Todd Bouman","FA",73,438,0,0,0,0,0,0,0,0,0,0,0,0
"CHARLIEBATCH","QB","espn","Charlie Batch","FA",74,439,0,0,0,0,0,0,0,0,0,0,0,0
"JAKEDELHOMME","QB","espn","Jake Delhomme","FA",75,440,0,0,0,0,0,0,0,0,0,0,0,0
"DONOVANMCNABB","QB","espn","Donovan McNabb","FA",76,441,0,0,0,0,0,0,0,0,0,0,0,0
"DAUNTECULPEPPER","QB","espn","Daunte Culpepper","FA",77,442,0,0,0,0,0,0,0,0,0,0,0,0
"CHRISGREISEN","QB","espn","Chris Greisen","FA",78,443,0,0,0,0,0,0,0,0,0,0,0,0
"JEFFGARCIA","QB","espn","Jeff Garcia","FA",79,444,0,0,0,0,0,0,0,0,0,0,0,0
"CHRISREDMAN","QB","espn","Chris Redman","FA",80,445,0,0,0,0,0,0,0,0,0,0,0,0
"BILLYVOLEK","QB","espn","Billy Volek","FA",81,446,0,0,0,0,0,0,0,0,0,0,0,0
"MICHAELVICK","QB","espn","Michael Vick","FA",82,447,0,0,0,0,0,0,0,0,0,0,0,0
"SAGEROSENFELS","QB","espn","Sage Rosenfels","FA",83,448,0,0,0,0,0,0,0,0,0,0,0,0
"AJFEELEY","QB","espn","A.J. Feeley","FA",84,449,0,0,0,0,0,0,0,0,0,0,0,0
"DAVIDCARR","QB","espn","David Carr","FA",85,450,0,0,0,0,0,0,0,0,0,0,0,0
"DAVIDGARRARD","QB","espn","David Garrard","FA",86,451,0,0,0,0,0,0,0,0,0,0,0,0
"JTOSULLIVAN","QB","espn","J.T. O'Sullivan","FA",87,452,0,0,0,0,0,0,0,0,0,0,0,0
"BYRONLEFTWICH","QB","espn","Byron Leftwich","FA",88,453,0,0,0,0,0,0,0,0,0,0,0,0
"KYLEBOLLER","QB","espn","Kyle Boller","FA",89,454,0,0,0,0,0,0,0,0,0,0,0,0
"REXGROSSMAN","QB","espn","Rex Grossman","CLE",90,455,0,0,0,0,0,0,0,0,0,0,0,0
"SENECAWALLACE","QB","espn","Seneca Wallace","GB",91,456,0,0,0,0,0,0,0,0,0,0,0,0
"BRIANSTPIERRE","QB","espn","Brian St. Pierre","FA",92,457,0,0,0,0,0,0,0,0,0,0,0,0
"CLEOLEMON","QB","espn","Cleo Lemon","FA",93,458,0,0,0,0,0,0,0,0,0,0,0,0
"JPLOSMAN","QB","espn","J.P. Losman","FA",94,459,0,0,0,0,0,0,0,0,0,0,0,0
"JIMSORGI","QB","espn","Jim Sorgi","FA",95,460,0,0,0,0,0,0,0,0,0,0,0,0
"JASONCAMPBELL","QB","espn","Jason Campbell","CIN",96,461,0,0,0,0,0,0,0,0,0,0,0,0
"KYLEORTON","QB","espn","Kyle Orton","BUF",97,462,0,0,0,0,0,0,0,0,0,0,0,0
"VINCEYOUNG","QB","espn","Vince Young","GB",98,463,0,0,0,0,0,0,0,0,0,0,0,0
"MATTLEINART","QB","espn","Matt Leinart","FA",99,464,0,0,0,0,0,0,0,0,0,0,0,0
"CHARLIEWHITEHURST","QB","espn","Charlie Whitehurst","TEN",100,465,0,0,0,0,0,0,0,0,0,0,0,0
"BRODIECROYLE","QB","espn","Brodie Croyle","FA",101,466,0,0,0,0,0,0,0,0,0,0,0,0
"BRADYQUINN","QB","espn","Brady Quinn","MIA",102,467,0,0,0,0,0,0,0,0,0,0,0,0
"KEVINKOLB","QB","espn","Kevin Kolb","BUF",103,468,0,0,0,0,0,0,0,0,0,0,0,0
"JOHNBECK","QB","espn","John Beck","FA",104,469,0,0,0,0,0,0,0,0,0,0,0,0
"TRENTEDWARDS","QB","espn","Trent Edwards","OAK",105,470,0,0,0,0,0,0,0,0,0,0,0,0
"TROYSMITH","QB","espn","Troy Smith","FA",106,471,0,0,0,0,0,0,0,0,0,0,0,0
"JORDANPALMER","QB","espn","Jordan Palmer","TEN",107,472,0,0,0,0,0,0,0,0,0,0,0,0
"TYLERTHIGPEN","QB","espn","Tyler Thigpen","CLE",108,473,0,0,0,0,0,0,0,0,0,0,0,0
"TYLERPALKO","QB","espn","Tyler Palko","FA",109,474,0,0,0,0,0,0,0,0,0,0,0,0
"MATTGUTIERREZ","QB","espn","Matt Gutierrez","FA",110,475,0,0,0,0,0,0,0,0,0,0,0,0
"RICHARDBARTEL","QB","espn","Richard Bartel","FA",111,476,0,0,0,0,0,0,0,0,0,0,0,0
"BRETTRATLIFF","QB","espn","Brett Ratliff","FA",112,477,0,0,0,0,0,0,0,0,0,0,0,0
"BRIANBROHM","QB","espn","Brian Brohm","FA",113,478,0,0,0,0,0,0,0,0,0,0,0,0
"KEVINOCONNELL","QB","espn","Kevin O'Connell","FA",114,479,0,0,0,0,0,0,0,0,0,0,0,0
"DENNISDIXON","QB","espn","Dennis Dixon","ARZ",115,480,0,0,0,0,0,0,0,0,0,0,0,0
"JOSHJOHNSON","QB","espn","Josh Johnson","CIN",116,481,0,0,0,0,0,0,0,0,0,0,0,0
"COLTBRENNAN","QB","espn","Colt Brennan","FA",117,482,0,0,0,0,0,0,0,0,0,0,0,0
"MATTFLYNN","QB","espn","Matt Flynn","NYJ",118,483,1,0,5,0,0,0,0,0,0,0,0,0
"CALEBJEFFREYHANIE","QB","espn","Caleb Jeffrey Hanie","DAL",119,484,0,0,0,0,0,0,0,0,0,0,0,0
"RHETTBOMAR","QB","espn","Rhett Bomar","FA",120,485,0,0,0,0,0,0,0,0,0,0,0,0
"PIERRETHOMAS","RB","espn","Pierre Thomas","NO",115,486,0,0,0,0,0,0,0,0,0,0,0,0
"AHMADBRADSHAW","RB","espn","Ahmad Bradshaw","IND",116,487,0,0,0,0,0,0,0,0,0,0,0,0
"BERNARDPIERCE","RB","espn","Bernard Pierce","JAC",117,488,0,0,0,0,0,0,0,0,0,0,0,0
"BRYCEBROWN","RB","espn","Bryce Brown","BUF",118,489,0,0,0,0,0,2,9,0,0,0,0,0
"TYLERGAFFNEY","RB","espn","Tyler Gaffney","NE",119,490,0,0,0,0,0,0,0,0,0,0,0,0
"MIKEGILLISLEE","RB","espn","Mike Gillislee","MIA",120,491,0,0,0,0,0,0,0,0,0,0,0,0
"TONYGONZALEZ","TE","espn","Tony Gonzalez","ATL",64,492,0,0,0,0,0,0,0,0,0,0,0,0
"REGGIEKELLY","TE","espn","Reggie Kelly","FA",65,493,0,0,0,0,0,0,0,0,0,0,0,0
"JIMMYKLEINSASSER","TE","espn","Jimmy Kleinsasser","FA",66,494,0,0,0,0,0,0,0,0,0,0,0,0
"DESMONDCLARK","TE","espn","Desmond Clark","FA",67,495,0,0,0,0,0,0,0,0,0,0,0,0
"ANTHONYBECHT","TE","espn","Anthony Becht","FA",68,496,0,0,0,0,0,0,0,0,0,0,0,0
"BRIANJENNINGS","TE","espn","Brian Jennings","FA",69,497,0,0,0,0,0,0,0,0,0,0,0,0
"JUSTINSNOW","TE","espn","Justin Snow","FA",70,498,0,0,0,0,0,0,0,0,0,0,0,0
"TODDHEAP","TE","espn","Todd Heap","FA",71,499,0,0,0,0,0,0,0,0,0,0,0,0
"ALGECRUMPLER","TE","espn","Alge Crumpler","FA",72,500,0,0,0,0,0,0,0,0,0,0,0,0
"BRANDONMANUMALEUNA","TE","espn","Brandon Manumaleuna","FA",73,501,0,0,0,0,0,0,0,0,0,0,0,0
"TONYSTEWART","TE","espn","Tony Stewart","FA",74,502,0,0,0,0,0,0,0,0,0,0,0,0
"DAVIDMARTIN","TE","espn","David Martin","FA",75,503,0,0,0,0,0,0,0,0,0,0,0,0
"JEREMYSHOCKEY","TE","espn","Jeremy Shockey","FA",76,504,0,0,0,0,0,0,0,0,0,0,0,0
"DANIELGRAHAM","TE","espn","Daniel Graham","FA",77,505,0,0,0,0,0,0,0,0,0,0,0,0
"CHRISBAKER","TE","espn","Chris Baker","FA",78,506,0,0,0,0,0,0,0,0,0,0,0,0
"JUSTINPEELLE","TE","espn","Justin Peelle","FA",79,507,0,0,0,0,0,0,0,0,0,0,0,0
"RANDYMCMICHAEL","TE","espn","Randy McMichael","FA",80,508,0,0,0,0,0,0,0,0,0,0,0,0
"ROBERTROYAL","TE","espn","Robert Royal","FA",81,509,0,0,0,0,0,0,0,0,0,0,0,0
"JOHNGILMORE","TE","espn","John Gilmore","FA",82,510,0,0,0,0,0,0,0,0,0,0,0,0
"DALLASCLARK","TE","espn","Dallas Clark","BAL",83,511,0,0,0,0,0,0,0,0,0,0,0,0
"VISANTHESHIANCOE","TE","espn","Visanthe Shiancoe","TEN",84,512,0,0,0,0,0,0,0,0,0,0,0,0
"DONALDLEE","TE","espn","Donald Lee","FA",85,513,0,0,0,0,0,0,0,0,0,0,0,0
"WILLHELLER","TE","espn","Will Heller","FA",86,514,0,0,0,0,0,0,0,0,0,0,0,0
"KELLENWINSLOW","TE","espn","Kellen Winslow","NYJ",87,515,0,0,0,0,0,0,0,0,0,0,0,0
"KRISWILSON","TE","espn","Kris Wilson","FA",88,516,0,0,0,0,0,0,0,0,0,0,0,0
"BENHARTSOCK","TE","espn","Ben Hartsock","CAR",89,517,0,0,0,0,0,0,0,0,0,0,0,0
"CHRISCOOLEY","TE","espn","Chris Cooley","FA",90,518,0,0,0,0,0,0,0,0,0,0,0,0
"ERNESTWILFORD","TE","espn","Ernest Wilford","FA",91,519,0,0,0,0,0,0,0,0,0,0,0,0
"JEFFDUGAN","TE","espn","Jeff Dugan","FA",92,520,0,0,0,0,0,0,0,0,0,0,0,0
"ALEXSMITH","TE","espn","Alex Smith","NO",93,521,0,0,0,0,0,0,0,0,0,0,0,0
"BOSCAIFE","TE","espn","Bo Scaife","FA",94,522,0,0,0,0,0,0,0,0,0,0,0,0
"JOELDREESSEN","TE","espn","Joel Dreessen","DEN",95,523,0,0,0,0,0,0,0,0,0,0,0,0
"BILLYBAJEMA","TE","espn","Billy Bajema","BAL",96,524,0,0,0,0,0,0,0,0,0,0,0,0
"STEPHENSPACH","TE","espn","Stephen Spach","FA",97,525,0,0,0,0,0,0,0,0,0,0,0,0
"JPFOSCHI","TE","espn","J.P. Foschi","FA",98,526,0,0,0,0,0,0,0,0,0,0,0,0
"TONYCURTIS","TE","espn","Tony Curtis","FA",99,527,0,0,0,0,0,0,0,0,0,0,0,0
"TORYHUMPHREY","TE","espn","Tory Humphrey","FA",100,528,0,0,0,0,0,0,0,0,0,0,0,0
"TONYSCHEFFLER","TE","espn","Tony Scheffler","DET",101,529,0,0,0,0,0,0,0,0,0,0,0,0
"LEONARDPOPE","TE","espn","Leonard Pope","FA",102,530,0,0,0,0,0,0,0,0,0,0,0,0
"DAVIDTHOMAS","TE","espn","David Thomas","FA",103,531,0,0,0,0,0,0,0,0,0,0,0,0
"MAURICESTOVALL","TE","espn","Maurice Stovall","FA",104,532,0,0,0,0,0,0,0,0,0,0,0,0
"DOMINIQUEBYRD","TE","espn","Dominique Byrd","FA",105,533,0,0,0,0,0,0,0,0,0,0,0,0
"GARRETTMILLS","TE","espn","Garrett Mills","FA",106,534,0,0,0,0,0,0,0,0,0,0,0,0
"JASONPOCIASK","TE","espn","Jason Pociask","FA",107,535,0,0,0,0,0,0,0,0,0,0,0,0
"JEFFKING","TE","espn","Jeff King","ARZ",108,536,0,0,0,0,0,0,0,0,0,0,0,0
"JAMIEPETROWSKI","TE","espn","Jamie Petrowski","FA",109,537,0,0,0,0,0,0,0,0,0,0,0,0
"GREGESTANDIA","TE","espn","Greg Estandia","FA",110,538,0,0,0,0,0,0,0,0,0,0,0,0
"SPENCERHAVNER","TE","espn","Spencer Havner","FA",111,539,0,0,0,0,0,0,0,0,0,0,0,0
"ZACHMILLER","TE","espn","Zach Miller","SEA",112,540,0,0,0,0,0,0,0,0,0,0,0,0
"ISAIAHSTANBACK","TE","espn","Isaiah Stanback","FA",113,541,0,0,0,0,0,0,0,0,0,0,0,0
"KEVINBOSS","TE","espn","Kevin Boss","FA",114,542,0,0,0,0,0,0,0,0,0,0,0,0
"BENPATRICK","TE","espn","Ben Patrick","FA",115,543,0,0,0,0,0,0,0,0,0,0,0,0
"DEREKSCHOUMAN","TE","espn","Derek Schouman","FA",116,544,0,0,0,0,0,0,0,0,0,0,0,0
"CLARKHARRIS","TE","espn","Clark Harris","CIN",117,545,0,0,0,0,0,0,0,0,0,0,0,0
"MICHAELMATTHEWS","TE","espn","Michael Matthews","FA",118,546,0,0,0,0,0,0,0,0,0,0,0,0
"DANIELCOATS","TE","espn","Daniel Coats","FA",119,547,0,0,0,0,0,0,0,0,0,0,0,0
"GIJONROBINSON","TE","espn","Gijon Robinson","FA",120,548,0,0,0,0,0,0,0,0,0,0,0,0
"JOHNKASAY","K","espn","John Kasay","FA",37,549,0,0,0,0,0,0,0,0,0,0,0,0
"JASONHANSON","K","espn","Jason Hanson","FA",38,550,0,0,0,0,0,0,0,0,0,0,0,0
"OLINDOMARE","K","espn","Olindo Mare","FA",39,551,0,0,0,0,0,0,0,0,0,0,0,0
"RYANLONGWELL","K","espn","Ryan Longwell","FA",40,552,0,0,0,0,0,0,0,0,0,0,0,0
"DAVIDAKERS","K","espn","David Akers","FA",41,553,0,0,0,0,0,0,0,0,0,0,0,0
"KRISBROWN","K","espn","Kris Brown","FA",42,554,0,0,0,0,0,0,0,0,0,0,0,0
"NEILRACKERS","K","espn","Neil Rackers","FA",43,555,0,0,0,0,0,0,0,0,0,0,0,0
"RIANLINDELL","K","espn","Rian Lindell","TB",44,556,0,0,0,0,0,0,0,0,0,0,0,0
"LAWRENCETYNES","K","espn","Lawrence Tynes","FA",45,557,0,0,0,0,0,0,0,0,0,0,0,0
"BILLYCUNDIFF","K","espn","Billy Cundiff","FA",46,558,0,0,0,0,0,0,0,0,0,0,0,0
"JEFFREED","K","espn","Jeff Reed","FA",47,559,0,0,0,0,0,0,0,0,0,0,0,0
"NATEKAEDING","K","espn","Nate Kaeding","FA",48,560,0,0,0,0,0,0,0,0,0,0,0,0
"DAVERAYNER","K","espn","Dave Rayner","FA",49,561,0,0,0,0,0,0,0,0,0,0,0,0
"CONNORHUGHES","K","espn","Connor Hughes","FA",50,562,0,0,0,0,0,0,0,0,0,0,0,0
"SHANEANDRUS","K","espn","Shane Andrus","FA",51,563,0,0,0,0,0,0,0,0,0,0,0,0
"MARCHICKOK","K","espn","Marc Hickok","FA",52,564,0,0,0,0,0,0,0,0,0,0,0,0
"JUSTINMEDLOCK","K","espn","Justin Medlock","FA",53,565,0,0,0,0,0,0,0,0,0,0,0,0
"RICKYSCHMITT","K","espn","Ricky Schmitt","FA",54,566,0,0,0,0,0,0,0,0,0,0,0,0
"RHYSLLOYD","K","espn","Rhys Lloyd","FA",55,567,0,0,0,0,0,0,0,0,0,0,0,0
"BRANDONCOUTU","K","espn","Brandon Coutu","FA",56,568,0,0,0,0,0,0,0,0,0,0,0,0
"DAVIDBUEHLER","K","espn","David Buehler","FA",57,569,0,0,0,0,0,0,0,0,0,0,0,0
"SAMSWANK","K","espn","Sam Swank","FA",58,570,0,0,0,0,0,0,0,0,0,0,0,0
"SWAYZEWATERS","K","espn","Swayze Waters","FA",59,571,0,0,0,0,0,0,0,0,0,0,0,0
"CLINTSTITSER","K","espn","Clint Stitser","FA",60,572,0,0,0,0,0,0,0,0,0,0,0,0
"TODDCARTER","K","espn","Todd Carter","FA",61,573,0,0,0,0,0,0,0,0,0,0,0,0
"GARRETTLINDHOLM","K","espn","Garrett Lindholm","FA",62,574,0,0,0,0,0,0,0,0,0,0,0,0
"AARONPETTREY","K","espn","Aaron Pettrey","FA",63,575,0,0,0,0,0,0,0,0,0,0,0,0
"BRETTSWENSON","K","espn","Brett Swenson","FA",64,576,0,0,0,0,0,0,0,0,0,0,0,0
"FABRIZIOSCACCIA","K","espn","Fabrizio Scaccia","FA",65,577,0,0,0,0,0,0,0,0,0,0,0,0
"ALEXHENERY","K","espn","Alex Henery","FA",66,578,0,0,0,0,0,0,0,0,0,0,0,0
"CHRISKOEPPLIN","K","espn","Chris Koepplin","FA",67,579,0,0,0,0,0,0,0,0,0,0,0,0
"JAKEROGERS","K","espn","Jake Rogers","MIA",68,580,0,0,0,0,0,0,0,0,0,0,0,0
"THOMASWEBER","K","espn","Thomas Weber","FA",69,581,0,0,0,0,0,0,0,0,0,0,0,0
"JEFFWOLFERT","K","espn","Jeff Wolfert","FA",70,582,0,0,0,0,0,0,0,0,0,0,0,0
"ADIKUNALIC","K","espn","Adi Kunalic","FA",71,583,0,0,0,0,0,0,0,0,0,0,0,0
"JOHNPOTTER","K","espn","John Potter","MIA",72,584,0,0,0,0,0,0,0,0,0,0,0,0
"GIORGIOTAVECCHIO","K","espn","Giorgio Tavecchio","OAK",73,585,0,0,0,0,0,0,0,0,0,0,0,0
"CARSONWIGGS","K","espn","Carson Wiggs","SEA",74,586,0,0,0,0,0,0,0,0,0,0,0,0
"DEREKDIMKE","K","espn","Derek Dimke","NO",75,587,0,0,0,0,0,0,0,0,0,0,0,0
"EDDYCARMONA","K","espn","Eddy Carmona","OAK",76,588,0,0,0,0,0,0,0,0,0,0,0,0
"DANNYHRAPMANN","K","espn","Danny Hrapmann","MIA",77,589,0,0,0,0,0,0,0,0,0,0,0,0
"BRANDONBOGOTAY","K","espn","Brandon Bogotay","TB",78,590,0,0,0,0,0,0,0,0,0,0,0,0
"HAVARDRUGLAND","K","espn","Havard Rugland","FA",79,591,0,0,0,0,0,0,0,0,0,0,0,0
"AUSTINSIGNOR","K","espn","Austin Signor","FA",80,592,0,0,0,0,0,0,0,0,0,0,0,0
"QUINNSHARP","K","espn","Quinn Sharp","CIN",81,593,0,0,0,0,0,0,0,0,0,0,0,0
"MAIKONBONANI","K","espn","Maikon Bonani","TEN",82,594,0,0,0,0,0,0,0,0,0,0,0,0
"NATEFREESE","K","espn","Nate Freese","FA",83,595,0,0,0,0,0,0,0,0,0,0,0,0
"ZACHHOCKER","K","espn","Zach Hocker","NO",84,596,0,0,0,0,0,0,0,0,0,0,0,0
"MITCHEWALD","K","espn","Mitch Ewald","DEN",85,597,0,0,0,0,0,0,0,0,0,0,0,0
"BRANDONMCMANUS","K","espn","Brandon McManus","DEN",86,598,0,0,0,0,0,0,0,0,0,0,0,0
"CHRISBOSWELL","K","espn","Chris Boswell","NYG",87,599,0,0,0,0,0,0,0,0,0,0,0,0
"KASEYREDFERN","K","espn","Kasey Redfern","JAC",88,600,0,0,0,0,0,0,0,0,0,0,0,0
"ANDREWFURNEY","K","espn","Andrew Furney","NYJ",89,601,0,0,0,0,0,0,0,0,0,0,0,0
"JASONMYERS","K","espn","Jason Myers","JAC",90,602,0,0,0,0,0,0,0,0,0,0,0,0
