"name","pos","sourceName","name_cbs","team_cbs","positionRank","overallRank","passAtt","passComp","passYds","passTds","passInt","rushAtt","rushYds","rushTds","rec","recYds","recTds","fumbles","dstYdsAllowed","dstSack","dstSafety","dstInt","dstFumlRec","dstFumlForce","dstTd","fg","fgAtt","xp","points"
"ANDREWLUCK","QB","cbs","Andrew Luck","IND",1,1,643,391,4834,33.4,15.8,61,316,3,NA,NA,NA,4.1,NA,NA,NA,NA,NA,NA,NA,NA,NA,NA,388.6
"PEYTONMANNING","QB","cbs","Peyton Manning","DEN",2,2,616,408,4913,36.4,13.8,24.5,39,0.3,NA,NA,NA,3.2,NA,NA,NA,NA,NA,NA,NA,NA,NA,NA,377.2
"AARONRODGERS","QB","cbs","Aaron Rodgers","GB",3,3,524,341,4250,33.4,11.4,43.5,248,1.7,NA,NA,NA,3.3,NA,NA,NA,NA,NA,NA,NA,NA,NA,NA,359.2
"RUSSELLWILSON","QB","cbs","Russell Wilson","SEA",4,4,426,267,3597,25.5,13.9,105,750,4.1,NA,NA,NA,2,NA,NA,NA,NA,NA,NA,NA,NA,NA,NA,346.8
"DREWBREES","QB","cbs","Drew Brees","NO",5,5,629,439,5089,28.6,17.1,28.1,71,1.4,NA,NA,NA,3.6,NA,NA,NA,NA,NA,NA,NA,NA,NA,NA,335.6
"BENROETHLISBERGER","QB","cbs","Ben Roethlisberger","PIT",6,6,615,407,4865,28.9,12.9,30.2,62,0.3,NA,NA,NA,4.3,NA,NA,NA,NA,NA,NA,NA,NA,NA,NA,330.8
"CAMNEWTON","QB","cbs","Cam Newton","CAR",7,7,513,309,3727,23.3,16.9,119,641,5.2,NA,NA,NA,4.5,NA,NA,NA,NA,NA,NA,NA,NA,NA,NA,327.2
"TONYROMO","QB","cbs","Tony Romo","DAL",8,8,477,321,4104,32.4,12,24.9,67,0.3,NA,NA,NA,3.1,NA,NA,NA,NA,NA,NA,NA,NA,NA,NA,327
"MATTRYAN","QB","cbs","Matt Ryan","ATL",9,9,673,444,4993,28.1,18.7,24.1,140,0.3,NA,NA,NA,3.6,NA,NA,NA,NA,NA,NA,NA,NA,NA,NA,323.8
"JOEFLACCO","QB","cbs","Joe Flacco","BAL",10,10,589,358,4147,29.9,15.4,40.7,102,1.8,NA,NA,NA,2.2,NA,NA,NA,NA,NA,NA,NA,NA,NA,NA,318
"JAYCUTLER","QB","cbs","Jay Cutler","CHI",11,11,603,390,4109,29.1,19.4,38.5,201,2,NA,NA,NA,3.8,NA,NA,NA,NA,NA,NA,NA,NA,NA,NA,310.2
"MATTHEWSTAFFORD","QB","cbs","Matthew Stafford","DET",12,12,631,380,4584,26,14.5,39.8,102,1.9,NA,NA,NA,3.8,NA,NA,NA,NA,NA,NA,NA,NA,NA,NA,309.8
"ELIMANNING","QB","cbs","Eli Manning","NYG",13,13,577,365,4451,27.8,17,13.8,35.1,0.8,NA,NA,NA,4.3,NA,NA,NA,NA,NA,NA,NA,NA,NA,NA,302
"RYANTANNEHILL","QB","cbs","Ryan Tannehill","MIA",14,14,586,376,4095,24.9,15.2,49.4,302,0.9,NA,NA,NA,3.6,NA,NA,NA,NA,NA,NA,NA,NA,NA,NA,295.2
"PHILIPRIVERS","QB","cbs","Philip Rivers","SD",15,15,552,362,4177,26.9,19.6,34.2,103,0.3,NA,NA,NA,2.7,NA,NA,NA,NA,NA,NA,NA,NA,NA,NA,281.6
"COLINKAEPERNICK","QB","cbs","Colin Kaepernick","SF",16,16,466,277,3342,19.6,13.1,103,682,1.9,NA,NA,NA,4.4,NA,NA,NA,NA,NA,NA,NA,NA,NA,NA,280
"SAMBRADFORD","QB","cbs","Sam Bradford","PHI",17,17,489,305,3915,26,13.1,42.7,132,0.5,NA,NA,NA,3.5,NA,NA,NA,NA,NA,NA,NA,NA,NA,NA,278.8
"TEDDYBRIDGEWATER","QB","cbs","Teddy Bridgewater","MIN",18,18,513,328,3867,23.8,18.9,56,284,1.5,NA,NA,NA,1.7,NA,NA,NA,NA,NA,NA,NA,NA,NA,NA,276.6
"CARSONPALMER","QB","cbs","Carson Palmer","ARZ",19,19,551,319,4003,25.1,12.3,23.7,54,0.2,NA,NA,NA,2.9,NA,NA,NA,NA,NA,NA,NA,NA,NA,NA,276.4
"ALEXSMITH","QB","cbs","Alex Smith","KC",20,20,471,297,3179,23.5,11.4,60,341,1,NA,NA,NA,2.8,NA,NA,NA,NA,NA,NA,NA,NA,NA,NA,263.6
"TOMBRADY","QB","cbs","Tom Brady","NE",21,21,457,284,3225,24,9.9,28.3,39.8,0.7,NA,NA,NA,1.9,NA,NA,NA,NA,NA,NA,NA,NA,NA,NA,247.6
"ANDYDALTON","QB","cbs","Andy Dalton","CIN",22,22,509,313,3537,21.9,19.8,60,198,3,NA,NA,NA,3.9,NA,NA,NA,NA,NA,NA,NA,NA,NA,NA,246
"JAMEISWINSTON","QB","cbs","Jameis Winston","TB",23,23,519,297,3711,22.5,19.1,31,134,0.9,NA,NA,NA,3.7,NA,NA,NA,NA,NA,NA,NA,NA,NA,NA,242.8
"BLAKEBORTLES","QB","cbs","Blake Bortles","JAC",24,24,582,333,3631,18.7,24.5,63,489,0.6,NA,NA,NA,2.1,NA,NA,NA,NA,NA,NA,NA,NA,NA,NA,241.6
"DEREKCARR","QB","cbs","Derek Carr","OAK",25,25,595,341,3422,22.7,16.6,31.1,108,0.3,NA,NA,NA,3.7,NA,NA,NA,NA,NA,NA,NA,NA,NA,NA,230.4
"LEVEONBELL","RB","cbs","Le'Veon Bell","PIT",1,26,NA,NA,NA,NA,NA,269,1187,8.5,66,656,1.8,1.3,NA,NA,NA,NA,NA,NA,NA,NA,NA,NA,229.2
"NICKFOLES","QB","cbs","Nick Foles","STL",26,27,481,299,3377,22.1,19.5,37.6,147,1.2,NA,NA,NA,3.4,NA,NA,NA,NA,NA,NA,NA,NA,NA,NA,228
"JAMAALCHARLES","RB","cbs","Jamaal Charles","KC",2,28,NA,NA,NA,NA,NA,219,1052,9.9,47.9,389,7.6,2.6,NA,NA,NA,NA,NA,NA,NA,NA,NA,NA,227.8
"MARSHAWNLYNCH","RB","cbs","Marshawn Lynch","SEA",3,29,NA,NA,NA,NA,NA,263,1335,9.9,32.8,339,3.3,2.3,NA,NA,NA,NA,NA,NA,NA,NA,NA,NA,227.6
"SEATTLESEAHAWKS","DST","cbs","Seattle Seahawks","SEA",1,30,NA,NA,NA,NA,NA,NA,NA,NA,NA,NA,NA,NA,4618,41,0,20,15,21,3,NA,NA,NA,225
"EDDIELACY","RB","cbs","Eddie Lacy","GB",4,31,NA,NA,NA,NA,NA,290,1358,9.3,39.6,370,2.8,2.5,NA,NA,NA,NA,NA,NA,NA,NA,NA,NA,224.6
"MATTFORTE","RB","cbs","Matt Forte","CHI",5,32,NA,NA,NA,NA,NA,241,1011,7.5,92,728,3.3,2.5,NA,NA,NA,NA,NA,NA,NA,NA,NA,NA,218.8
"MARCUSMARIOTA","QB","cbs","Marcus Mariota","TEN",27,33,472,273,3434,19.3,16.8,31,133,0.8,NA,NA,NA,2.7,NA,NA,NA,NA,NA,NA,NA,NA,NA,NA,216.6
"ROBERTGRIFFIN","QB","cbs","Robert Griffin III","WAS",28,34,447,288,3603,16,19.3,65,326,0.8,NA,NA,NA,4.8,NA,NA,NA,NA,NA,NA,NA,NA,NA,NA,214.6
"ANTONIOBROWN","WR","cbs","Antonio Brown","PIT",1,35,NA,NA,NA,NA,NA,NA,NA,NA,122,1624,10.1,1.8,NA,NA,NA,NA,NA,NA,NA,NA,NA,NA,212
"CAROLINAPANTHERS","DST","cbs","Carolina Panthers","CAR",2,36,NA,NA,NA,NA,NA,NA,NA,NA,NA,NA,NA,NA,5612,46,0,19,16,22,5,NA,NA,NA,210
"DEMARYIUSTHOMAS","WR","cbs","Demaryius Thomas","DEN",2,37,NA,NA,NA,NA,NA,NA,NA,NA,106,1527,10.7,0.3,NA,NA,NA,NA,NA,NA,NA,NA,NA,NA,208.6
"CJANDERSON","RB","cbs","C.J. Anderson","DEN",6,38,NA,NA,NA,NA,NA,239,1086,9.7,46.7,439,2.3,1.1,NA,NA,NA,NA,NA,NA,NA,NA,NA,NA,205.8
"ODELLBECKHAM","WR","cbs","Odell Beckham","NYG",3,39,NA,NA,NA,NA,NA,NA,NA,NA,103,1367,12.1,1.6,NA,NA,NA,NA,NA,NA,NA,NA,NA,NA,201
"ADRIANPETERSON","RB","cbs","Adrian Peterson","MIN",7,40,NA,NA,NA,NA,NA,297,1407,7.8,37.3,259,1.2,2.1,NA,NA,NA,NA,NA,NA,NA,NA,NA,NA,199.8
"DEZBRYANT","WR","cbs","Dez Bryant","DAL",4,41,NA,NA,NA,NA,NA,NA,NA,NA,84,1289,12.9,0.4,NA,NA,NA,NA,NA,NA,NA,NA,NA,NA,197.6
"KANSASCITYCHIEFS","DST","cbs","Kansas City Chiefs","KC",3,42,NA,NA,NA,NA,NA,NA,NA,NA,NA,NA,NA,NA,5784,42,1,17,12,17,5,NA,NA,NA,196
"HOUSTONTEXANS","DST","cbs","Houston Texans","HOU",4,43,NA,NA,NA,NA,NA,NA,NA,NA,NA,NA,NA,NA,5681,40,0,20,13,18,4,NA,NA,NA,194
"BUFFALOBILLS","DST","cbs","Buffalo Bills","BUF",5,44,NA,NA,NA,NA,NA,NA,NA,NA,NA,NA,NA,NA,5014,47,0,18,11,16,4,NA,NA,NA,193
"DEMARCOMURRAY","RB","cbs","DeMarco Murray","PHI",8,45,NA,NA,NA,NA,NA,244,1107,11.2,48.9,368,0.7,6.4,NA,NA,NA,NA,NA,NA,NA,NA,NA,NA,191.6
"JOSHMCCOWN","QB","cbs","Josh McCown","CLE",29,46,419,235,3209,13.8,14.5,36.7,183,1.7,NA,NA,NA,2.5,NA,NA,NA,NA,NA,NA,NA,NA,NA,NA,191
"JORDYNELSON","WR","cbs","Jordy Nelson","GB",5,47,NA,NA,NA,NA,NA,NA,NA,NA,91,1355,10.5,0.3,NA,NA,NA,NA,NA,NA,NA,NA,NA,NA,189.4
"ARIZONACARDINALS","DST","cbs","Arizona Cardinals","ARZ",6,48,NA,NA,NA,NA,NA,NA,NA,NA,NA,NA,NA,NA,5480,40,1,17,11,15,4,NA,NA,NA,186
"JEREMYHILL","RB","cbs","Jeremy Hill","CIN",9,49,NA,NA,NA,NA,NA,265,1206,8.7,28.5,236,0.8,2.6,NA,NA,NA,NA,NA,NA,NA,NA,NA,NA,179.8
"BALTIMORERAVENS","DST","cbs","Baltimore Ravens","BAL",7,50,NA,NA,NA,NA,NA,NA,NA,NA,NA,NA,NA,NA,5263,45,1,15,13,17,2,NA,NA,NA,179
"CALVINJOHNSON","WR","cbs","Calvin Johnson","DET",6,51,NA,NA,NA,NA,NA,NA,NA,NA,87,1264,10,0.3,NA,NA,NA,NA,NA,NA,NA,NA,NA,NA,178.4
"LESEANMCCOY","RB","cbs","LeSean McCoy","BUF",10,52,NA,NA,NA,NA,NA,303,1341,6.8,31,207,0.7,2.6,NA,NA,NA,NA,NA,NA,NA,NA,NA,NA,177.8
"LAMARMILLER","RB","cbs","Lamar Miller","MIA",11,53,NA,NA,NA,NA,NA,253,1248,6.9,37.9,286,0.8,3.3,NA,NA,NA,NA,NA,NA,NA,NA,NA,NA,176.6
"RANDALLCOBB","WR","cbs","Randall Cobb","GB",7,54,NA,NA,NA,NA,NA,NA,NA,NA,92,1244,10.3,2.2,NA,NA,NA,NA,NA,NA,NA,NA,NA,NA,176
"CINCINNATIBENGALS","DST","cbs","Cincinnati Bengals","CIN",8,55,NA,NA,NA,NA,NA,NA,NA,NA,NA,NA,NA,NA,5263,28,0,21,12,16,3,NA,NA,NA,176
"JULIOJONES","WR","cbs","Julio Jones","ATL",8,56,NA,NA,NA,NA,NA,NA,NA,NA,111,1499,5.9,1.8,NA,NA,NA,NA,NA,NA,NA,NA,NA,NA,173.8
"EMMANUELSANDERS","WR","cbs","Emmanuel Sanders","DEN",9,57,NA,NA,NA,NA,NA,NA,NA,NA,98,1312,8.1,0.3,NA,NA,NA,NA,NA,NA,NA,NA,NA,NA,173.6
"MIKEEVANS","WR","cbs","Mike Evans","TB",10,58,NA,NA,NA,NA,NA,NA,NA,NA,80,1201,10.1,0.4,NA,NA,NA,NA,NA,NA,NA,NA,NA,NA,172.8
"MATTCASSEL","QB","cbs","Matt Cassel","BUF",30,59,395,234,2670,16.3,12.6,36.6,93,0.6,NA,NA,NA,3,NA,NA,NA,NA,NA,NA,NA,NA,NA,NA,172.2
"JUSTINFORSETT","RB","cbs","Justin Forsett","BAL",12,60,NA,NA,NA,NA,NA,218,1236,5.1,46.6,284,1,1.3,NA,NA,NA,NA,NA,NA,NA,NA,NA,NA,170
"SANDIEGOCHARGERS","DST","cbs","San Diego Chargers","SD",9,61,NA,NA,NA,NA,NA,NA,NA,NA,NA,NA,NA,NA,5969,31,0,15,13,17,3,NA,NA,NA,169
"MELVINGORDON","RB","cbs","Melvin Gordon","SD",13,62,NA,NA,NA,NA,NA,216,986,7.2,42.7,344,1.6,1.1,NA,NA,NA,NA,NA,NA,NA,NA,NA,NA,168.6
"STLOUISRAMS","DST","cbs","St. Louis Rams","STL",10,63,NA,NA,NA,NA,NA,NA,NA,NA,NA,NA,NA,NA,5736,48,1,14,17,23,4,NA,NA,NA,168
"GENOSMITH","QB","cbs","Geno Smith","NYJ",31,64,340,199,2327,14.8,13.3,45.3,208,2,NA,NA,NA,2.5,NA,NA,NA,NA,NA,NA,NA,NA,NA,NA,167.2
"GREENBAYPACKERS","DST","cbs","Green Bay Packers","GB",11,65,NA,NA,NA,NA,NA,NA,NA,NA,NA,NA,NA,NA,5726,49,0,19,12,17,4,NA,NA,NA,167
"PHILADELPHIAEAGLES","DST","cbs","Philadelphia Eagles","PHI",12,66,NA,NA,NA,NA,NA,NA,NA,NA,NA,NA,NA,NA,6173,44,0,16,14,19,5,NA,NA,NA,166
"KELVINBENJAMIN","WR","cbs","Kelvin Benjamin","CAR",11,67,NA,NA,NA,NA,NA,NA,NA,NA,79,1094,11,1,NA,NA,NA,NA,NA,NA,NA,NA,NA,NA,165
"AJGREEN","WR","cbs","A.J. Green","CIN",12,68,NA,NA,NA,NA,NA,NA,NA,NA,94,1274,8.2,2.4,NA,NA,NA,NA,NA,NA,NA,NA,NA,NA,163.4
"WASHINGTONREDSKINS","DST","cbs","Washington Redskins","WAS",13,69,NA,NA,NA,NA,NA,NA,NA,NA,NA,NA,NA,NA,6269,43,0,15,17,23,4,NA,NA,NA,163
"MIAMIDOLPHINS","DST","cbs","Miami Dolphins","MIA",14,70,NA,NA,NA,NA,NA,NA,NA,NA,NA,NA,NA,NA,5303,45,0,19,12,17,4,NA,NA,NA,163
"ROBGRONKOWSKI","TE","cbs","Rob Gronkowski","NE",1,71,NA,NA,NA,NA,NA,NA,NA,NA,78,1090,10.2,0.2,NA,NA,NA,NA,NA,NA,NA,NA,NA,NA,161.8
"NEWYORKGIANTS","DST","cbs","New York Giants","NYG",15,72,NA,NA,NA,NA,NA,NA,NA,NA,NA,NA,NA,NA,6452,48,0,18,13,18,3,NA,NA,NA,160
"DALLASCOWBOYS","DST","cbs","Dallas Cowboys","DAL",16,73,NA,NA,NA,NA,NA,NA,NA,NA,NA,NA,NA,NA,6144,34,0,17,19,26,3,NA,NA,NA,156
"NEWYORKJETS","DST","cbs","New York Jets","NYJ",17,74,NA,NA,NA,NA,NA,NA,NA,NA,NA,NA,NA,NA,5231,50,0,17,11,16,3,NA,NA,NA,156
"ATLANTAFALCONS","DST","cbs","Atlanta Falcons","ATL",18,75,NA,NA,NA,NA,NA,NA,NA,NA,NA,NA,NA,NA,5957,29,0,17,15,20,5,NA,NA,NA,155
"TENNESSEETITANS","DST","cbs","Tennessee Titans","TEN",19,76,NA,NA,NA,NA,NA,NA,NA,NA,NA,NA,NA,NA,5574,44,0,18,9,13,4,NA,NA,NA,154
"TYHILTON","WR","cbs","T.Y. Hilton","IND",13,77,NA,NA,NA,NA,NA,NA,NA,NA,88,1309,5.1,0.8,NA,NA,NA,NA,NA,NA,NA,NA,NA,NA,153
"TAMPABAYBUCCANEERS","DST","cbs","Tampa Bay Buccaneers","TB",20,78,NA,NA,NA,NA,NA,NA,NA,NA,NA,NA,NA,NA,5980,37,0,16,14,19,4,NA,NA,NA,153
"PITTSBURGHSTEELERS","DST","cbs","Pittsburgh Steelers","PIT",21,79,NA,NA,NA,NA,NA,NA,NA,NA,NA,NA,NA,NA,5539,34,1,17,13,18,4,NA,NA,NA,152
"NEWORLEANSSAINTS","DST","cbs","New Orleans Saints","NO",22,80,NA,NA,NA,NA,NA,NA,NA,NA,NA,NA,NA,NA,5892,44,0,18,11,15,3,NA,NA,NA,152
"CHICAGOBEARS","DST","cbs","Chicago Bears","CHI",23,81,NA,NA,NA,NA,NA,NA,NA,NA,NA,NA,NA,NA,6213,42,0,15,12,16,4,NA,NA,NA,152
"NEWENGLANDPATRIOTS","DST","cbs","New England Patriots","NE",24,82,NA,NA,NA,NA,NA,NA,NA,NA,NA,NA,NA,NA,6248,41,0,18,12,16,3,NA,NA,NA,151
"LATAVIUSMURRAY","RB","cbs","Latavius Murray","OAK",14,83,NA,NA,NA,NA,NA,225,978,6.4,29.1,264,0.8,1.2,NA,NA,NA,NA,NA,NA,NA,NA,NA,NA,149.8
"BRIANHOYER","QB","cbs","Brian Hoyer","HOU",32,84,365,212,2473,13.9,13,23.3,52,0.2,NA,NA,NA,1.9,NA,NA,NA,NA,NA,NA,NA,NA,NA,NA,148.8
"ALSHONJEFFERY","WR","cbs","Alshon Jeffery","CHI",14,85,NA,NA,NA,NA,NA,NA,NA,NA,84,1056,8.1,0.3,NA,NA,NA,NA,NA,NA,NA,NA,NA,NA,148.6
"MARKINGRAM","RB","cbs","Mark Ingram","NO",15,86,NA,NA,NA,NA,NA,207,977,7.7,30.1,171,0.9,1.6,NA,NA,NA,NA,NA,NA,NA,NA,NA,NA,148.4
"DETROITLIONS","DST","cbs","Detroit Lions","DET",25,87,NA,NA,NA,NA,NA,NA,NA,NA,NA,NA,NA,NA,5377,42,0,17,11,16,3,NA,NA,NA,148
"INDIANAPOLISCOLTS","DST","cbs","Indianapolis Colts","IND",26,88,NA,NA,NA,NA,NA,NA,NA,NA,NA,NA,NA,NA,5995,42,1,16,14,19,2,NA,NA,NA,148
"JUSTINTUCKER","K","cbs","Justin Tucker","BAL",1,89,NA,NA,NA,NA,NA,NA,NA,NA,NA,NA,NA,NA,NA,NA,NA,NA,NA,NA,NA,33.2,37.6,39.9,147.5
"JACKSONVILLEJAGUARS","DST","cbs","Jacksonville Jaguars","JAC",27,90,NA,NA,NA,NA,NA,NA,NA,NA,NA,NA,NA,NA,5483,40,0,14,14,19,3,NA,NA,NA,146
"JOIQUEBELL","RB","cbs","Joique Bell","DET",16,91,NA,NA,NA,NA,NA,191,812,6.2,40.4,405,0.7,1.8,NA,NA,NA,NA,NA,NA,NA,NA,NA,NA,143.8
"JULIANEDELMAN","WR","cbs","Julian Edelman","NE",15,92,NA,NA,NA,NA,NA,NA,NA,NA,101,1062,6.9,0.2,NA,NA,NA,NA,NA,NA,NA,NA,NA,NA,143.6
"MASONCROSBY","K","cbs","Mason Crosby","GB",2,93,NA,NA,NA,NA,NA,NA,NA,NA,NA,NA,NA,NA,NA,NA,NA,NA,NA,NA,NA,31,35.9,43.1,142.1
"ANDREELLINGTON","RB","cbs","Andre Ellington","ARZ",17,94,NA,NA,NA,NA,NA,213,818,3.2,50,458,2.2,2.6,NA,NA,NA,NA,NA,NA,NA,NA,NA,NA,139.2
"MINNESOTAVIKINGS","DST","cbs","Minnesota Vikings","MIN",28,95,NA,NA,NA,NA,NA,NA,NA,NA,NA,NA,NA,NA,5632,41,0,14,10,14,3,NA,NA,NA,139
"DANCARPENTER","K","cbs","Dan Carpenter","BUF",3,96,NA,NA,NA,NA,NA,NA,NA,NA,NA,NA,NA,NA,NA,NA,NA,NA,NA,NA,NA,31.9,35.5,32.8,138.5
"CODYPARKEY","K","cbs","Cody Parkey","PHI",4,97,NA,NA,NA,NA,NA,NA,NA,NA,NA,NA,NA,NA,NA,NA,NA,NA,NA,NA,NA,29.5,33.2,43.7,138.2
"ALFREDMORRIS","RB","cbs","Alfred Morris","WAS",18,98,NA,NA,NA,NA,NA,230,1013,6.3,17.4,135,0.6,1.7,NA,NA,NA,NA,NA,NA,NA,NA,NA,NA,138
"MATTBRYANT","K","cbs","Matt Bryant","ATL",5,99,NA,NA,NA,NA,NA,NA,NA,NA,NA,NA,NA,NA,NA,NA,NA,NA,NA,NA,NA,29.5,32.7,37.4,137.9
"CONNORBARTH","K","cbs","Connor Barth","DEN",6,100,NA,NA,NA,NA,NA,NA,NA,NA,NA,NA,NA,NA,NA,NA,NA,NA,NA,NA,NA,29.4,32.5,45.7,137.9
"STEPHENGOSTKOWSKI","K","cbs","Stephen Gostkowski","NE",7,101,NA,NA,NA,NA,NA,NA,NA,NA,NA,NA,NA,NA,NA,NA,NA,NA,NA,NA,NA,30.7,32.6,41.7,137.8
"MIKEWALLACE","WR","cbs","Mike Wallace","MIN",16,102,NA,NA,NA,NA,NA,NA,NA,NA,64,980,7.8,0.7,NA,NA,NA,NA,NA,NA,NA,NA,NA,NA,137.4
"ADAMVINATIERI","K","cbs","Adam Vinatieri","IND",8,103,NA,NA,NA,NA,NA,NA,NA,NA,NA,NA,NA,NA,NA,NA,NA,NA,NA,NA,NA,30.1,33,40.8,137.1
"DENVERBRONCOS","DST","cbs","Denver Broncos","DEN",29,104,NA,NA,NA,NA,NA,NA,NA,NA,NA,NA,NA,NA,4931,35,0,17,9,13,3,NA,NA,NA,137
"CHANDLERCATANZARO","K","cbs","Chandler Catanzaro","ARZ",9,105,NA,NA,NA,NA,NA,NA,NA,NA,NA,NA,NA,NA,NA,NA,NA,NA,NA,NA,NA,34,38.6,30.7,136.7
"JIMMYGRAHAM","TE","cbs","Jimmy Graham","SEA",2,106,NA,NA,NA,NA,NA,NA,NA,NA,60,849,10.1,1.3,NA,NA,NA,NA,NA,NA,NA,NA,NA,NA,136
"SANFRANCISCO49ERS","DST","cbs","San Francisco 49ers","SF",30,107,NA,NA,NA,NA,NA,NA,NA,NA,NA,NA,NA,NA,5891,32,0,18,9,12,3,NA,NA,NA,136
"RASHADJENNINGS","RB","cbs","Rashad Jennings","NYG",19,108,NA,NA,NA,NA,NA,207,830,4.6,48,392,0.9,1.7,NA,NA,NA,NA,NA,NA,NA,NA,NA,NA,135.6
"BRANDINCOOKS","WR","cbs","Brandin Cooks","NO",17,109,NA,NA,NA,NA,NA,NA,NA,NA,90,1023,5.2,0.4,NA,NA,NA,NA,NA,NA,NA,NA,NA,NA,135.6
"GOLDENTATE","WR","cbs","Golden Tate","DET",18,110,NA,NA,NA,NA,NA,NA,NA,NA,85,1150,4.7,0.3,NA,NA,NA,NA,NA,NA,NA,NA,NA,NA,135.6
"FRANKGORE","RB","cbs","Frank Gore","IND",20,111,NA,NA,NA,NA,NA,241,968,5.5,20.5,185,1.2,2.6,NA,NA,NA,NA,NA,NA,NA,NA,NA,NA,135
"DANBAILEY","K","cbs","Dan Bailey","DAL",10,112,NA,NA,NA,NA,NA,NA,NA,NA,NA,NA,NA,NA,NA,NA,NA,NA,NA,NA,NA,26.4,31.3,42.3,133.5
"CARLOSHYDE","RB","cbs","Carlos Hyde","SF",21,113,NA,NA,NA,NA,NA,214,960,5.7,21,152,0.9,1.6,NA,NA,NA,NA,NA,NA,NA,NA,NA,NA,132.4
"ANDREJOHNSON","WR","cbs","Andre Johnson","IND",19,114,NA,NA,NA,NA,NA,NA,NA,NA,88,1084,6.2,2.7,NA,NA,NA,NA,NA,NA,NA,NA,NA,NA,131.8
"JORDANMATTHEWS","WR","cbs","Jordan Matthews","PHI",20,115,NA,NA,NA,NA,NA,NA,NA,NA,57,893,8.6,0.5,NA,NA,NA,NA,NA,NA,NA,NA,NA,NA,131.6
"STEVENHAUSCHKA","K","cbs","Steven Hauschka","SEA",11,116,NA,NA,NA,NA,NA,NA,NA,NA,NA,NA,NA,NA,NA,NA,NA,NA,NA,NA,NA,29.9,34.1,37.6,131.3
"CLEVELANDBROWNS","DST","cbs","Cleveland Browns","CLE",31,117,NA,NA,NA,NA,NA,NA,NA,NA,NA,NA,NA,NA,5217,29,0,19,10,14,2,NA,NA,NA,131
"CHRISIVORY","RB","cbs","Chris Ivory","NYJ",22,118,NA,NA,NA,NA,NA,205,953,5.8,15.8,110,1.2,1.1,NA,NA,NA,NA,NA,NA,NA,NA,NA,NA,130.8
"BLAIRWALSH","K","cbs","Blair Walsh","MIN",12,119,NA,NA,NA,NA,NA,NA,NA,NA,NA,NA,NA,NA,NA,NA,NA,NA,NA,NA,NA,29,37.7,35.8,130.8
"GARRETTHARTLEY","K","cbs","Garrett Hartley","PIT",13,120,NA,NA,NA,NA,NA,NA,NA,NA,NA,NA,NA,NA,NA,NA,NA,NA,NA,NA,NA,30,37.7,36,130
"DEVONTAFREEMAN","RB","cbs","Devonta Freeman","ATL",23,121,NA,NA,NA,NA,NA,193,852,3.9,42.2,319,1.3,1.6,NA,NA,NA,NA,NA,NA,NA,NA,NA,NA,129
"TJYELDON","RB","cbs","T.J. Yeldon","JAC",24,122,NA,NA,NA,NA,NA,166,781,6.1,36,274,1,1.3,NA,NA,NA,NA,NA,NA,NA,NA,NA,NA,129
"RODDYWHITE","WR","cbs","Roddy White","ATL",21,123,NA,NA,NA,NA,NA,NA,NA,NA,83,993,6.7,2.1,NA,NA,NA,NA,NA,NA,NA,NA,NA,NA,128
"JEREMYMACLIN","WR","cbs","Jeremy Maclin","KC",22,124,NA,NA,NA,NA,NA,NA,NA,NA,62,800,8.7,0.3,NA,NA,NA,NA,NA,NA,NA,NA,NA,NA,124.6
"SAMMYWATKINS","WR","cbs","Sammy Watkins","BUF",23,125,NA,NA,NA,NA,NA,NA,NA,NA,68,934,7.1,1.5,NA,NA,NA,NA,NA,NA,NA,NA,NA,NA,124.6
"DESEANJACKSON","WR","cbs","DeSean Jackson","WAS",24,126,NA,NA,NA,NA,NA,NA,NA,NA,63,974,5.9,0.4,NA,NA,NA,NA,NA,NA,NA,NA,NA,NA,123.6
"MARTAVISBRYANT","WR","cbs","Martavis Bryant","PIT",25,127,NA,NA,NA,NA,NA,NA,NA,NA,40.1,735,9.6,0.4,NA,NA,NA,NA,NA,NA,NA,NA,NA,NA,123.4
"DEANDREHOPKINS","WR","cbs","DeAndre Hopkins","HOU",26,128,NA,NA,NA,NA,NA,NA,NA,NA,74,1038,5.1,1.4,NA,NA,NA,NA,NA,NA,NA,NA,NA,NA,122.8
"STEVESMITH","WR","cbs","Steve Smith","BAL",27,129,NA,NA,NA,NA,NA,NA,NA,NA,72,970,5.7,1.1,NA,NA,NA,NA,NA,NA,NA,NA,NA,NA,121
"SHAUNSUISHAM","K","cbs","Shaun Suisham","PIT",14,130,NA,NA,NA,NA,NA,NA,NA,NA,NA,NA,NA,NA,NA,NA,NA,NA,NA,NA,NA,27,29,36,121
"VINCENTJACKSON","WR","cbs","Vincent Jackson","TB",28,131,NA,NA,NA,NA,NA,NA,NA,NA,70,1044,4.3,1,NA,NA,NA,NA,NA,NA,NA,NA,NA,NA,120.8
"ANQUANBOLDIN","WR","cbs","Anquan Boldin","SF",29,132,NA,NA,NA,NA,NA,NA,NA,NA,76,995,4.9,0.4,NA,NA,NA,NA,NA,NA,NA,NA,NA,NA,120.6
"GREGOLSEN","TE","cbs","Greg Olsen","CAR",3,133,NA,NA,NA,NA,NA,NA,NA,NA,78,965,5.4,0.4,NA,NA,NA,NA,NA,NA,NA,NA,NA,NA,120.6
"GREGZUERLEIN","K","cbs","Greg Zuerlein","STL",15,134,NA,NA,NA,NA,NA,NA,NA,NA,NA,NA,NA,NA,NA,NA,NA,NA,NA,NA,NA,26.9,32.4,31.9,120.6
"NELSONAGHOLOR","WR","cbs","Nelson Agholor","PHI",30,135,NA,NA,NA,NA,NA,NA,NA,NA,54,916,6,0.9,NA,NA,NA,NA,NA,NA,NA,NA,NA,NA,119.8
"PHILDAWSON","K","cbs","Phil Dawson","SF",16,136,NA,NA,NA,NA,NA,NA,NA,NA,NA,NA,NA,NA,NA,NA,NA,NA,NA,NA,NA,26.7,31.8,29.6,119.7
"BRANDONMARSHALL","WR","cbs","Brandon Marshall","NYJ",31,137,NA,NA,NA,NA,NA,NA,NA,NA,63,837,7.5,0.9,NA,NA,NA,NA,NA,NA,NA,NA,NA,NA,119.2
"RYANMATHEWS","RB","cbs","Ryan Mathews","PHI",25,138,NA,NA,NA,NA,NA,130,624,9.4,16.9,147,0.7,1.9,NA,NA,NA,NA,NA,NA,NA,NA,NA,NA,118.8
"GIOVANIBERNARD","RB","cbs","Giovani Bernard","CIN",26,139,NA,NA,NA,NA,NA,136,592,4.2,47.5,397,2.2,1.3,NA,NA,NA,NA,NA,NA,NA,NA,NA,NA,118.8
"MICHAELFLOYD","WR","cbs","Michael Floyd","ARZ",32,140,NA,NA,NA,NA,NA,NA,NA,NA,49.2,815,8,1.2,NA,NA,NA,NA,NA,NA,NA,NA,NA,NA,118.6
"KEENANALLEN","WR","cbs","Keenan Allen","SD",33,141,NA,NA,NA,NA,NA,NA,NA,NA,88,1023,4.7,1.8,NA,NA,NA,NA,NA,NA,NA,NA,NA,NA,118.6
"JOSHBROWN","K","cbs","Josh Brown","NYG",17,142,NA,NA,NA,NA,NA,NA,NA,NA,NA,NA,NA,NA,NA,NA,NA,NA,NA,NA,NA,25.6,28.1,35.7,118.5
"CALEBSTURGIS","K","cbs","Caleb Sturgis","MIA",18,143,NA,NA,NA,NA,NA,NA,NA,NA,NA,NA,NA,NA,NA,NA,NA,NA,NA,NA,NA,27.3,35,32,117.9
"GRAHAMGANO","K","cbs","Graham Gano","CAR",19,144,NA,NA,NA,NA,NA,NA,NA,NA,NA,NA,NA,NA,NA,NA,NA,NA,NA,NA,NA,26.6,31.9,33.5,117.3
"TREMASON","RB","cbs","Tre Mason","STL",27,145,NA,NA,NA,NA,NA,186,806,4.3,20.5,212,1.5,2.3,NA,NA,NA,NA,NA,NA,NA,NA,NA,NA,117.2
"JOSEPHRANDLE","RB","cbs","Joseph Randle","DAL",28,146,NA,NA,NA,NA,NA,183,833,4.1,24.5,188,1.5,2.2,NA,NA,NA,NA,NA,NA,NA,NA,NA,NA,116.2
"NICKFOLK","K","cbs","Nick Folk","NYJ",20,147,NA,NA,NA,NA,NA,NA,NA,NA,NA,NA,NA,NA,NA,NA,NA,NA,NA,NA,NA,27.2,32.2,30.5,116.1
"MATTPRATER","K","cbs","Matt Prater","DET",21,148,NA,NA,NA,NA,NA,NA,NA,NA,NA,NA,NA,NA,NA,NA,NA,NA,NA,NA,NA,25.1,29.5,32.8,116.1
"TODDGURLEY","RB","cbs","Todd Gurley","STL",29,149,NA,NA,NA,NA,NA,146,652,6.6,27.9,222,1,1.2,NA,NA,NA,NA,NA,NA,NA,NA,NA,NA,114.2
"JARVISLANDRY","WR","cbs","Jarvis Landry","MIA",34,150,NA,NA,NA,NA,NA,NA,NA,NA,91,984,4.7,2.6,NA,NA,NA,NA,NA,NA,NA,NA,NA,NA,114
"BRANDONLAFELL","WR","cbs","Brandon LaFell","NE",35,151,NA,NA,NA,NA,NA,NA,NA,NA,62,876,6.4,1.7,NA,NA,NA,NA,NA,NA,NA,NA,NA,NA,114
"TEVINCOLEMAN","RB","cbs","Tevin Coleman","ATL",30,152,NA,NA,NA,NA,NA,154,757,6.3,20.1,159,0.6,1.5,NA,NA,NA,NA,NA,NA,NA,NA,NA,NA,113.4
"CAIROSANTOS","K","cbs","Cairo Santos","KC",22,153,NA,NA,NA,NA,NA,NA,NA,NA,NA,NA,NA,NA,NA,NA,NA,NA,NA,NA,NA,24.2,29,38.6,113.2
"KEVINWHITE","WR","cbs","Kevin White","CHI",36,154,NA,NA,NA,NA,NA,NA,NA,NA,60,877,6,1,NA,NA,NA,NA,NA,NA,NA,NA,NA,NA,113
"TRAVISKELCE","TE","cbs","Travis Kelce","KC",4,155,NA,NA,NA,NA,NA,NA,NA,NA,66,839,6.8,2.5,NA,NA,NA,NA,NA,NA,NA,NA,NA,NA,111.8
"MIKENUGENT","K","cbs","Mike Nugent","CIN",23,156,NA,NA,NA,NA,NA,NA,NA,NA,NA,NA,NA,NA,NA,NA,NA,NA,NA,NA,NA,25.2,31.5,33.9,111.5
"JONATHANSTEWART","RB","cbs","Jonathan Stewart","CAR",31,157,NA,NA,NA,NA,NA,176,828,3.8,25.9,183,0.9,1.5,NA,NA,NA,NA,NA,NA,NA,NA,NA,NA,111.2
"AMEERABDULLAH","RB","cbs","Ameer Abdullah","DET",32,158,NA,NA,NA,NA,NA,149,628,6,28.9,245,0.9,1.5,NA,NA,NA,NA,NA,NA,NA,NA,NA,NA,110.4
"ISAIAHCROWELL","RB","cbs","Isaiah Crowell","CLE",33,159,NA,NA,NA,NA,NA,189,744,5.9,21.5,175,0.8,2.8,NA,NA,NA,NA,NA,NA,NA,NA,NA,NA,109.6
"DUSTINHOPKINS","K","cbs","Dustin Hopkins","NO",24,160,NA,NA,NA,NA,NA,NA,NA,NA,NA,NA,NA,NA,NA,NA,NA,NA,NA,NA,NA,22.6,27.1,39.5,109.3
"NICKNOVAK","K","cbs","Nick Novak","SD",25,161,NA,NA,NA,NA,NA,NA,NA,NA,NA,NA,NA,NA,NA,NA,NA,NA,NA,NA,NA,24.1,27.9,32.6,108.9
"DOUGBALDWIN","WR","cbs","Doug Baldwin","SEA",37,162,NA,NA,NA,NA,NA,NA,NA,NA,62,864,5.2,1,NA,NA,NA,NA,NA,NA,NA,NA,NA,NA,108.2
"PERCYHARVIN","WR","cbs","Percy Harvin","BUF",38,163,NA,NA,NA,NA,NA,NA,NA,NA,74,760,4.3,3,NA,NA,NA,NA,NA,NA,NA,NA,NA,NA,108.2
"AMARICOOPER","WR","cbs","Amari Cooper","OAK",39,164,NA,NA,NA,NA,NA,NA,NA,NA,69,848,5.2,0.6,NA,NA,NA,NA,NA,NA,NA,NA,NA,NA,108
"MALCOMFLOYD","WR","cbs","Malcom Floyd","SD",40,165,NA,NA,NA,NA,NA,NA,NA,NA,44.1,899,4.4,0.2,NA,NA,NA,NA,NA,NA,NA,NA,NA,NA,108
"MARQUESCOLSTON","WR","cbs","Marques Colston","NO",41,166,NA,NA,NA,NA,NA,NA,NA,NA,61,913,4.3,1,NA,NA,NA,NA,NA,NA,NA,NA,NA,NA,107.8
"MARTELLUSBENNETT","TE","cbs","Martellus Bennett","CHI",5,167,NA,NA,NA,NA,NA,NA,NA,NA,84,874,4.9,0.3,NA,NA,NA,NA,NA,NA,NA,NA,NA,NA,107.8
"DWAYNEBOWE","WR","cbs","Dwayne Bowe","CLE",42,168,NA,NA,NA,NA,NA,NA,NA,NA,60,952,3.3,0.2,NA,NA,NA,NA,NA,NA,NA,NA,NA,NA,106.4
"LEGARRETTEBLOUNT","RB","cbs","LeGarrette Blount","NE",34,169,NA,NA,NA,NA,NA,140,620,7.4,17.6,118,0.9,1.1,NA,NA,NA,NA,NA,NA,NA,NA,NA,NA,105.6
"ALLENROBINSON","WR","cbs","Allen Robinson","JAC",43,170,NA,NA,NA,NA,NA,NA,NA,NA,79,907,3.9,0.3,NA,NA,NA,NA,NA,NA,NA,NA,NA,NA,104.8
"JONASGRAY","RB","cbs","Jonas Gray","NE",35,171,NA,NA,NA,NA,NA,153,674,5.8,19.1,128,0.9,0.9,NA,NA,NA,NA,NA,NA,NA,NA,NA,NA,104.4
"ERICDECKER","WR","cbs","Eric Decker","NYJ",44,172,NA,NA,NA,NA,NA,NA,NA,NA,61,846,4.8,0.3,NA,NA,NA,NA,NA,NA,NA,NA,NA,NA,104.2
"KENDALLWRIGHT","WR","cbs","Kendall Wright","TEN",45,173,NA,NA,NA,NA,NA,NA,NA,NA,67,835,4.8,1.1,NA,NA,NA,NA,NA,NA,NA,NA,NA,NA,103.6
"JULIUSTHOMAS","TE","cbs","Julius Thomas","JAC",6,174,NA,NA,NA,NA,NA,NA,NA,NA,69,718,6.9,0.5,NA,NA,NA,NA,NA,NA,NA,NA,NA,NA,103.4
"VICTORCRUZ","WR","cbs","Victor Cruz","NYG",46,175,NA,NA,NA,NA,NA,NA,NA,NA,65,946,2.9,0.6,NA,NA,NA,NA,NA,NA,NA,NA,NA,NA,103.2
"CHARLESJOHNSON","WR","cbs","Charles Johnson","MIN",47,176,NA,NA,NA,NA,NA,NA,NA,NA,54,832,4.4,0.2,NA,NA,NA,NA,NA,NA,NA,NA,NA,NA,103
"JOHNBROWN","WR","cbs","John Brown","ARZ",48,177,NA,NA,NA,NA,NA,NA,NA,NA,44.5,722,6.4,0.2,NA,NA,NA,NA,NA,NA,NA,NA,NA,NA,103
"RANDYBULLOCK","K","cbs","Randy Bullock","HOU",26,178,NA,NA,NA,NA,NA,NA,NA,NA,NA,NA,NA,NA,NA,NA,NA,NA,NA,NA,NA,24,29,27,103
"SEBASTIANJANIKOWSKI","K","cbs","Sebastian Janikowski","OAK",27,179,NA,NA,NA,NA,NA,NA,NA,NA,NA,NA,NA,NA,NA,NA,NA,NA,NA,NA,NA,22.3,27.4,28.5,101.4
"TERRANCEWILLIAMS","WR","cbs","Terrance Williams","DAL",49,180,NA,NA,NA,NA,NA,NA,NA,NA,33.7,636,7.9,0.6,NA,NA,NA,NA,NA,NA,NA,NA,NA,NA,101.2
"ANDREWHAWKINS","WR","cbs","Andrew Hawkins","CLE",50,181,NA,NA,NA,NA,NA,NA,NA,NA,63,869,3.5,0.2,NA,NA,NA,NA,NA,NA,NA,NA,NA,NA,99.6
"PIERREGARCON","WR","cbs","Pierre Garcon","WAS",51,182,NA,NA,NA,NA,NA,NA,NA,NA,76,895,3.2,0.4,NA,NA,NA,NA,NA,NA,NA,NA,NA,NA,99.4
"KAIFORBATH","K","cbs","Kai Forbath","WAS",28,183,NA,NA,NA,NA,NA,NA,NA,NA,NA,NA,NA,NA,NA,NA,NA,NA,NA,NA,NA,21.8,25,31.4,98.8
"EDDIEROYAL","WR","cbs","Eddie Royal","CHI",52,184,NA,NA,NA,NA,NA,NA,NA,NA,57,713,6.6,2.5,NA,NA,NA,NA,NA,NA,NA,NA,NA,NA,98.6
"PATRICKMURRAY","K","cbs","Patrick Murray","TB",29,185,NA,NA,NA,NA,NA,NA,NA,NA,NA,NA,NA,NA,NA,NA,NA,NA,NA,NA,NA,19.8,23.8,29.1,98.5
"TRAVISCOONS","K","cbs","Travis Coons","CLE",30,186,NA,NA,NA,NA,NA,NA,NA,NA,NA,NA,NA,NA,NA,NA,NA,NA,NA,NA,NA,22.2,26.6,28.5,97.1
"KYLERUDOLPH","TE","cbs","Kyle Rudolph","MIN",7,187,NA,NA,NA,NA,NA,NA,NA,NA,60,689,5.9,0.2,NA,NA,NA,NA,NA,NA,NA,NA,NA,NA,97
"JOSHSCOBEE","K","cbs","Josh Scobee","JAC",31,188,NA,NA,NA,NA,NA,NA,NA,NA,NA,NA,NA,NA,NA,NA,NA,NA,NA,NA,NA,21.4,26.6,26.4,96.6
"LEONARDHANKERSON","WR","cbs","Leonard Hankerson","ATL",53,189,NA,NA,NA,NA,NA,NA,NA,NA,58,674,6,0.3,NA,NA,NA,NA,NA,NA,NA,NA,NA,NA,95.4
"DOUGMARTIN","RB","cbs","Doug Martin","TB",36,190,NA,NA,NA,NA,NA,197,786,3.2,20.2,111,0.6,1.5,NA,NA,NA,NA,NA,NA,NA,NA,NA,NA,94.8
"ALFREDBLUE","RB","cbs","Alfred Blue","HOU",37,191,NA,NA,NA,NA,NA,183,770,2.6,16.4,128,1,1.2,NA,NA,NA,NA,NA,NA,NA,NA,NA,NA,94.2
"LARRYFITZGERALD","WR","cbs","Larry Fitzgerald","ARZ",54,192,NA,NA,NA,NA,NA,NA,NA,NA,69,871,3,1.6,NA,NA,NA,NA,NA,NA,NA,NA,NA,NA,93.8
"BRESHADPERRIMAN","WR","cbs","Breshad Perriman","BAL",55,193,NA,NA,NA,NA,NA,NA,NA,NA,43,699,5.2,0.5,NA,NA,NA,NA,NA,NA,NA,NA,NA,NA,93.8
"JASONWITTEN","TE","cbs","Jason Witten","DAL",8,194,NA,NA,NA,NA,NA,NA,NA,NA,67,766,4.4,0.4,NA,NA,NA,NA,NA,NA,NA,NA,NA,NA,93.6
"GREGJENNINGS","WR","cbs","Greg Jennings","MIA",56,195,NA,NA,NA,NA,NA,NA,NA,NA,47.2,649,5.9,0.3,NA,NA,NA,NA,NA,NA,NA,NA,NA,NA,91.8
"DAVIDCOBB","RB","cbs","David Cobb","TEN",38,196,NA,NA,NA,NA,NA,140,594,4.2,22.3,196,0.8,1.3,NA,NA,NA,NA,NA,NA,NA,NA,NA,NA,91.4
"CODYLATIMER","WR","cbs","Cody Latimer","DEN",57,197,NA,NA,NA,NA,NA,NA,NA,NA,52,695,5,0.4,NA,NA,NA,NA,NA,NA,NA,NA,NA,NA,91.2
"REGGIEBUSH","RB","cbs","Reggie Bush","SF",39,198,NA,NA,NA,NA,NA,123,597,3.4,35.9,260,0.6,1.5,NA,NA,NA,NA,NA,NA,NA,NA,NA,NA,91
"ROBERTWOODS","WR","cbs","Robert Woods","BUF",58,199,NA,NA,NA,NA,NA,NA,NA,NA,58,698,5.2,1.1,NA,NA,NA,NA,NA,NA,NA,NA,NA,NA,91
"DWAYNEALLEN","TE","cbs","Dwayne Allen","IND",9,200,NA,NA,NA,NA,NA,NA,NA,NA,36.8,442,9.1,0.3,NA,NA,NA,NA,NA,NA,NA,NA,NA,NA,90
"RYANSUCCOP","K","cbs","Ryan Succop","TEN",32,201,NA,NA,NA,NA,NA,NA,NA,NA,NA,NA,NA,NA,NA,NA,NA,NA,NA,NA,NA,20.2,23.8,27.3,89.9
"ROBBIEGOULD","K","cbs","Robbie Gould","CHI",33,202,NA,NA,NA,NA,NA,NA,NA,NA,NA,NA,NA,NA,NA,NA,NA,NA,NA,NA,NA,17.5,21.5,35.1,89.6
"JORDANCAMERON","TE","cbs","Jordan Cameron","MIA",10,203,NA,NA,NA,NA,NA,NA,NA,NA,49,678,5,0.3,NA,NA,NA,NA,NA,NA,NA,NA,NA,NA,89.4
"DARRENMCFADDEN","RB","cbs","Darren McFadden","DAL",40,204,NA,NA,NA,NA,NA,124,535,4.9,25.6,197,0.8,1.5,NA,NA,NA,NA,NA,NA,NA,NA,NA,NA,89.2
"ARIANFOSTER","RB","cbs","Arian Foster","HOU",41,205,NA,NA,NA,NA,NA,123,568,3.3,20.3,175,2.1,1,NA,NA,NA,NA,NA,NA,NA,NA,NA,NA,88.4
"SHANEVEREEN","RB","cbs","Shane Vereen","NYG",42,206,NA,NA,NA,NA,NA,70,276,1.9,57,541,2.2,1.7,NA,NA,NA,NA,NA,NA,NA,NA,NA,NA,87.2
"CJSPILLER","RB","cbs","C.J. Spiller","NO",43,207,NA,NA,NA,NA,NA,99,471,2.7,49.1,325,1.7,2.2,NA,NA,NA,NA,NA,NA,NA,NA,NA,NA,86
"TORREYSMITH","WR","cbs","Torrey Smith","SF",59,208,NA,NA,NA,NA,NA,NA,NA,NA,41.2,621,5.6,0.4,NA,NA,NA,NA,NA,NA,NA,NA,NA,NA,85.8
"DEVINFUNCHESS","WR","cbs","Devin Funchess","CAR",60,209,NA,NA,NA,NA,NA,NA,NA,NA,50,687,4.3,0.7,NA,NA,NA,NA,NA,NA,NA,NA,NA,NA,85.4
"KNILEDAVIS","RB","cbs","Knile Davis","KC",44,210,NA,NA,NA,NA,NA,117,520,5.2,16.7,137,1.4,2.3,NA,NA,NA,NA,NA,NA,NA,NA,NA,NA,85
"BRIANQUICK","WR","cbs","Brian Quick","STL",61,211,NA,NA,NA,NA,NA,NA,NA,NA,40.3,616,5.3,0.3,NA,NA,NA,NA,NA,NA,NA,NA,NA,NA,84.2
"DEVANTEPARKER","WR","cbs","DeVante Parker","MIA",62,212,NA,NA,NA,NA,NA,NA,NA,NA,53,696,3.9,0.6,NA,NA,NA,NA,NA,NA,NA,NA,NA,NA,84.2
"MARVINJONES","WR","cbs","Marvin Jones","CIN",63,213,NA,NA,NA,NA,NA,NA,NA,NA,40,521,6.2,0.3,NA,NA,NA,NA,NA,NA,NA,NA,NA,NA,84.2
"ALLENHURNS","WR","cbs","Allen Hurns","JAC",64,214,NA,NA,NA,NA,NA,NA,NA,NA,48,629,4.8,0.3,NA,NA,NA,NA,NA,NA,NA,NA,NA,NA,83.2
"CHARLESCLAY","TE","cbs","Charles Clay","BUF",11,215,NA,NA,NA,NA,NA,NA,NA,NA,58,657,3.6,0.4,NA,NA,NA,NA,NA,NA,NA,NA,NA,NA,81.6
"CHARLESSIMS","RB","cbs","Charles Sims","TB",45,216,NA,NA,NA,NA,NA,102,413,2.6,41.9,413,0.7,2.2,NA,NA,NA,NA,NA,NA,NA,NA,NA,NA,81.4
"COBYFLEENER","TE","cbs","Coby Fleener","IND",12,217,NA,NA,NA,NA,NA,NA,NA,NA,44.1,602,4.8,0.3,NA,NA,NA,NA,NA,NA,NA,NA,NA,NA,80.2
"BRIANHARTLINE","WR","cbs","Brian Hartline","CLE",65,218,NA,NA,NA,NA,NA,NA,NA,NA,44,725,2.2,0.2,NA,NA,NA,NA,NA,NA,NA,NA,NA,NA,77.8
"ZACHERTZ","TE","cbs","Zach Ertz","PHI",13,219,NA,NA,NA,NA,NA,NA,NA,NA,47.6,655,3.8,1,NA,NA,NA,NA,NA,NA,NA,NA,NA,NA,77.8
"RUEBENRANDLE","WR","cbs","Rueben Randle","NYG",66,220,NA,NA,NA,NA,NA,NA,NA,NA,40.4,726,2.2,0.4,NA,NA,NA,NA,NA,NA,NA,NA,NA,NA,77.4
"HEATHMILLER","TE","cbs","Heath Miller","PIT",14,221,NA,NA,NA,NA,NA,NA,NA,NA,63,700,3.3,2.3,NA,NA,NA,NA,NA,NA,NA,NA,NA,NA,77.2
"AUSTINSEFERIANJENKINS","TE","cbs","Austin Seferian-Jenkins","TB",15,222,NA,NA,NA,NA,NA,NA,NA,NA,52,605,5,2.5,NA,NA,NA,NA,NA,NA,NA,NA,NA,NA,77
"CORDARRELLEPATTERSON","WR","cbs","Cordarrelle Patterson","MIN",67,223,NA,NA,NA,NA,NA,NA,NA,NA,41.3,533,2.8,1.3,NA,NA,NA,NA,NA,NA,NA,NA,NA,NA,76.2
"ROYHELU","RB","cbs","Roy Helu","OAK",46,224,NA,NA,NA,NA,NA,88,335,1.9,41.9,385,1.8,1.2,NA,NA,NA,NA,NA,NA,NA,NA,NA,NA,75.8
"RODSTREATER","WR","cbs","Rod Streater","OAK",68,225,NA,NA,NA,NA,NA,NA,NA,NA,37.7,574,4.7,0.7,NA,NA,NA,NA,NA,NA,NA,NA,NA,NA,75.8
"JAREDCOOK","TE","cbs","Jared Cook","STL",16,226,NA,NA,NA,NA,NA,NA,NA,NA,51,620,3.8,0.3,NA,NA,NA,NA,NA,NA,NA,NA,NA,NA,75.2
"DANHERRON","RB","cbs","Dan Herron","IND",47,227,NA,NA,NA,NA,NA,98,429,3.4,35.6,282,0.9,2.5,NA,NA,NA,NA,NA,NA,NA,NA,NA,NA,74.8
"KENNYBRITT","WR","cbs","Kenny Britt","STL",69,228,NA,NA,NA,NA,NA,NA,NA,NA,45.1,660,2.7,0.3,NA,NA,NA,NA,NA,NA,NA,NA,NA,NA,74.6
"VIRGILGREEN","TE","cbs","Virgil Green","DEN",17,229,NA,NA,NA,NA,NA,NA,NA,NA,53,546,4.6,0.3,NA,NA,NA,NA,NA,NA,NA,NA,NA,NA,74
"DELANIEWALKER","TE","cbs","Delanie Walker","TEN",18,230,NA,NA,NA,NA,NA,NA,NA,NA,44.7,610,3.5,0.3,NA,NA,NA,NA,NA,NA,NA,NA,NA,NA,73.4
"MONTEEBALL","RB","cbs","Montee Ball","DEN",48,231,NA,NA,NA,NA,NA,116,517,3.9,21,141,0.9,2.9,NA,NA,NA,NA,NA,NA,NA,NA,NA,NA,73
"JERRICHOCOTCHERY","WR","cbs","Jerricho Cotchery","CAR",70,232,NA,NA,NA,NA,NA,NA,NA,NA,51,621,3.3,0.4,NA,NA,NA,NA,NA,NA,NA,NA,NA,NA,72
"ANDREWILLIAMS","RB","cbs","Andre Williams","NYG",49,233,NA,NA,NA,NA,NA,118,434,5.4,10.8,79,0.5,1.7,NA,NA,NA,NA,NA,NA,NA,NA,NA,NA,71
"DAVANTEADAMS","WR","cbs","Davante Adams","GB",71,234,NA,NA,NA,NA,NA,NA,NA,NA,48.5,590,3.6,0.3,NA,NA,NA,NA,NA,NA,NA,NA,NA,NA,71
"DAMIENWILLIAMS","RB","cbs","Damien Williams","MIA",50,235,NA,NA,NA,NA,NA,102,440,2.2,25.4,242,1.2,1.3,NA,NA,NA,NA,NA,NA,NA,NA,NA,NA,70.8
"DARRENSPROLES","RB","cbs","Darren Sproles","PHI",51,236,NA,NA,NA,NA,NA,57,238,2.8,45.5,460,0.9,1.9,NA,NA,NA,NA,NA,NA,NA,NA,NA,NA,70.4
"MICHAELCRABTREE","WR","cbs","Michael Crabtree","OAK",72,237,NA,NA,NA,NA,NA,NA,NA,NA,64,586,3.5,0.3,NA,NA,NA,NA,NA,NA,NA,NA,NA,NA,70.4
"VERNONDAVIS","TE","cbs","Vernon Davis","SF",19,238,NA,NA,NA,NA,NA,NA,NA,NA,37,455,5.7,0.4,NA,NA,NA,NA,NA,NA,NA,NA,NA,NA,70.4
"MATTJONES","RB","cbs","Matt Jones","WAS",52,239,NA,NA,NA,NA,NA,91,423,4.3,20.1,176,0.6,2.1,NA,NA,NA,NA,NA,NA,NA,NA,NA,NA,70.2
"OWENDANIELS","TE","cbs","Owen Daniels","DEN",20,240,NA,NA,NA,NA,NA,NA,NA,NA,45,512,4.3,0.3,NA,NA,NA,NA,NA,NA,NA,NA,NA,NA,69.2
"BRANDONCOLEMAN","WR","cbs","Brandon Coleman","NO",73,241,NA,NA,NA,NA,NA,NA,NA,NA,43.9,587,3.3,0.7,NA,NA,NA,NA,NA,NA,NA,NA,NA,NA,69
"STEVEJOHNSON","WR","cbs","Steve Johnson","SD",74,242,NA,NA,NA,NA,NA,NA,NA,NA,40.8,506,4.3,0.3,NA,NA,NA,NA,NA,NA,NA,NA,NA,NA,68.2
"ANTONIOGATES","TE","cbs","Antonio Gates","SD",21,243,NA,NA,NA,NA,NA,NA,NA,NA,36,435,5.5,0.6,NA,NA,NA,NA,NA,NA,NA,NA,NA,NA,67.8
"LANCEDUNBAR","RB","cbs","Lance Dunbar","DAL",53,244,NA,NA,NA,NA,NA,92,417,2.5,19.2,237,1,1.5,NA,NA,NA,NA,NA,NA,NA,NA,NA,NA,67
"KENNYSTILLS","WR","cbs","Kenny Stills","MIA",75,245,NA,NA,NA,NA,NA,NA,NA,NA,43.4,629,2.1,0.3,NA,NA,NA,NA,NA,NA,NA,NA,NA,NA,67
"JORDANREED","TE","cbs","Jordan Reed","WAS",22,246,NA,NA,NA,NA,NA,NA,NA,NA,60,623,2.6,1.5,NA,NA,NA,NA,NA,NA,NA,NA,NA,NA,65.6
"BRUCEELLINGTON","WR","cbs","Bruce Ellington","SF",76,247,NA,NA,NA,NA,NA,NA,NA,NA,22.7,322,4.3,0.4,NA,NA,NA,NA,NA,NA,NA,NA,NA,NA,64.6
"MARKUSWHEATON","WR","cbs","Markus Wheaton","PIT",77,248,NA,NA,NA,NA,NA,NA,NA,NA,51,601,2,0.4,NA,NA,NA,NA,NA,NA,NA,NA,NA,NA,64.2
"PHILLIPDORSETT","WR","cbs","Phillip Dorsett","IND",78,249,NA,NA,NA,NA,NA,NA,NA,NA,38.2,518,3.4,0.6,NA,NA,NA,NA,NA,NA,NA,NA,NA,NA,63.8
"MOHAMEDSANU","WR","cbs","Mohamed Sanu","CIN",79,250,NA,NA,NA,NA,NA,NA,NA,NA,39.8,512,3.1,0.3,NA,NA,NA,NA,NA,NA,NA,NA,NA,NA,63.6
"THEORIDDICK","RB","cbs","Theo Riddick","DET",54,251,NA,NA,NA,NA,NA,44.6,169,1.3,34.4,321,4,1.3,NA,NA,NA,NA,NA,NA,NA,NA,NA,NA,63.2
"FOZZYWHITTAKER","RB","cbs","Fozzy Whittaker","CAR",55,252,NA,NA,NA,NA,NA,88,361,1.7,15.8,179,2.8,1.5,NA,NA,NA,NA,NA,NA,NA,NA,NA,NA,63
"LORENZOTALIAFERRO","RB","cbs","Lorenzo Taliaferro","BAL",56,253,NA,NA,NA,NA,NA,81,370,3.4,17.9,193,0.9,2.7,NA,NA,NA,NA,NA,NA,NA,NA,NA,NA,62.4
"JOSHHILL","TE","cbs","Josh Hill","NO",23,254,NA,NA,NA,NA,NA,NA,NA,NA,40.4,416,4.8,0.4,NA,NA,NA,NA,NA,NA,NA,NA,NA,NA,62
"MYCHALRIVERA","TE","cbs","Mychal Rivera","OAK",24,255,NA,NA,NA,NA,NA,NA,NA,NA,43.5,400,5.1,0.9,NA,NA,NA,NA,NA,NA,NA,NA,NA,NA,61.8
"COLEBEASLEY","WR","cbs","Cole Beasley","DAL",80,256,NA,NA,NA,NA,NA,NA,NA,NA,45.8,549,2.8,1.7,NA,NA,NA,NA,NA,NA,NA,NA,NA,NA,60.4
"COREYBROWN","WR","cbs","Corey Brown","CAR",81,257,NA,NA,NA,NA,NA,NA,NA,NA,34.8,498,2.6,1.5,NA,NA,NA,NA,NA,NA,NA,NA,NA,NA,60.2
"ANDREHOLMES","WR","cbs","Andre Holmes","OAK",82,258,NA,NA,NA,NA,NA,NA,NA,NA,29.2,557,2.3,0.3,NA,NA,NA,NA,NA,NA,NA,NA,NA,NA,60.2
"LADARIUSGREEN","TE","cbs","Ladarius Green","SD",25,259,NA,NA,NA,NA,NA,NA,NA,NA,37.1,501,2.8,0.2,NA,NA,NA,NA,NA,NA,NA,NA,NA,NA,59.4
"STEDMANBAILEY","WR","cbs","Stedman Bailey","STL",83,260,NA,NA,NA,NA,NA,NA,NA,NA,39.5,537,1.7,0.3,NA,NA,NA,NA,NA,NA,NA,NA,NA,NA,59
"TAVONAUSTIN","WR","cbs","Tavon Austin","STL",84,261,NA,NA,NA,NA,NA,NA,NA,NA,36.4,302,1.7,0.3,NA,NA,NA,NA,NA,NA,NA,NA,NA,NA,58.8
"BISHOPSANKEY","RB","cbs","Bishop Sankey","TEN",57,262,NA,NA,NA,NA,NA,120,485,2.3,16.8,125,0.6,2.4,NA,NA,NA,NA,NA,NA,NA,NA,NA,NA,58.6
"TYLEREIFERT","TE","cbs","Tyler Eifert","CIN",26,263,NA,NA,NA,NA,NA,NA,NA,NA,47.1,508,2.7,0.3,NA,NA,NA,NA,NA,NA,NA,NA,NA,NA,58.6
"JUSTINHUNTER","WR","cbs","Justin Hunter","TEN",85,264,NA,NA,NA,NA,NA,NA,NA,NA,26.3,483,2.9,0.3,NA,NA,NA,NA,NA,NA,NA,NA,NA,NA,57.8
"MARQISELEE","WR","cbs","Marqise Lee","JAC",86,265,NA,NA,NA,NA,NA,NA,NA,NA,48.4,559,1.8,0.3,NA,NA,NA,NA,NA,NA,NA,NA,NA,NA,57.2
"JERMAINEKEARSE","WR","cbs","Jermaine Kearse","SEA",87,266,NA,NA,NA,NA,NA,NA,NA,NA,29.2,496,2.5,0.4,NA,NA,NA,NA,NA,NA,NA,NA,NA,NA,57.2
"TONYMOEAKI","TE","cbs","Tony Moeaki","ATL",27,267,NA,NA,NA,NA,NA,NA,NA,NA,36,451,3.5,0.4,NA,NA,NA,NA,NA,NA,NA,NA,NA,NA,57.2
"JIMMYGAROPPOLO","QB","cbs","Jimmy Garoppolo","NE",33,268,138,84,866,5.7,3.4,8.1,24.1,0.2,NA,NA,NA,0.5,NA,NA,NA,NA,NA,NA,NA,NA,NA,NA,56.6
"TERRANCEWEST","RB","cbs","Terrance West","CLE",58,269,NA,NA,NA,NA,NA,98,401,2.2,13.4,109,1.6,1.6,NA,NA,NA,NA,NA,NA,NA,NA,NA,NA,56.6
"MATTSPAETH","TE","cbs","Matt Spaeth","PIT",28,270,NA,NA,NA,NA,NA,NA,NA,NA,44.3,451,3.4,0.4,NA,NA,NA,NA,NA,NA,NA,NA,NA,NA,56.6
"BRANDENOLIVER","RB","cbs","Branden Oliver","SD",59,271,NA,NA,NA,NA,NA,76,302,4.1,22.2,169,0.6,0.9,NA,NA,NA,NA,NA,NA,NA,NA,NA,NA,56.4
"CHRISHOGAN","WR","cbs","Chris Hogan","BUF",88,272,NA,NA,NA,NA,NA,NA,NA,NA,41,448,4.1,2.6,NA,NA,NA,NA,NA,NA,NA,NA,NA,NA,56.4
"DENARDROBINSON","RB","cbs","Denard Robinson","JAC",60,273,NA,NA,NA,NA,NA,86,430,3.5,20.2,110,0.5,3,NA,NA,NA,NA,NA,NA,NA,NA,NA,NA,56
"JEFFCUMBERLAND","TE","cbs","Jeff Cumberland","NYJ",29,274,NA,NA,NA,NA,NA,NA,NA,NA,23.8,299,5.9,0.3,NA,NA,NA,NA,NA,NA,NA,NA,NA,NA,55.8
"JAMESSTARKS","RB","cbs","James Starks","GB",61,275,NA,NA,NA,NA,NA,85,399,2.4,16.6,128,1,1.1,NA,NA,NA,NA,NA,NA,NA,NA,NA,NA,55.2
"NICKTOON","WR","cbs","Nick Toon","NO",89,276,NA,NA,NA,NA,NA,NA,NA,NA,40.8,537,2.4,2.9,NA,NA,NA,NA,NA,NA,NA,NA,NA,NA,54.6
"TYRODTAYLOR","QB","cbs","Tyrod Taylor","BUF",34,277,129,75,863,5.4,3.9,11.6,48.9,0.2,NA,NA,NA,0.8,NA,NA,NA,NA,NA,NA,NA,NA,NA,NA,54.2
"DANNYAMENDOLA","WR","cbs","Danny Amendola","NE",90,278,NA,NA,NA,NA,NA,NA,NA,NA,41.8,435,3.1,0.2,NA,NA,NA,NA,NA,NA,NA,NA,NA,NA,54.2
"RILEYCOOPER","WR","cbs","Riley Cooper","PHI",91,279,NA,NA,NA,NA,NA,NA,NA,NA,32.7,445,3.3,1,NA,NA,NA,NA,NA,NA,NA,NA,NA,NA,53.8
"LANCEKENDRICKS","TE","cbs","Lance Kendricks","STL",30,280,NA,NA,NA,NA,NA,NA,NA,NA,28.6,269,6,0.3,NA,NA,NA,NA,NA,NA,NA,NA,NA,NA,53.4
"RYANFITZPATRICK","QB","cbs","Ryan Fitzpatrick","NYJ",35,281,124,68,814,5.2,5.4,17.4,84,0.8,NA,NA,NA,0.7,NA,NA,NA,NA,NA,NA,NA,NA,NA,NA,52.8
"LOUISMURPHY","WR","cbs","Louis Murphy","TB",92,282,NA,NA,NA,NA,NA,NA,NA,NA,36,451,2.9,0.8,NA,NA,NA,NA,NA,NA,NA,NA,NA,NA,52.8
"LARRYDONNELL","TE","cbs","Larry Donnell","NYG",31,283,NA,NA,NA,NA,NA,NA,NA,NA,45.3,463,3.8,3.5,NA,NA,NA,NA,NA,NA,NA,NA,NA,NA,52.8
"DONTEMONCRIEF","WR","cbs","Donte Moncrief","IND",93,284,NA,NA,NA,NA,NA,NA,NA,NA,32.2,446,2.7,0.3,NA,NA,NA,NA,NA,NA,NA,NA,NA,NA,52.6
"DARRENFELLS","TE","cbs","Darren Fells","ARZ",32,285,NA,NA,NA,NA,NA,NA,NA,NA,26,314,5,0.3,NA,NA,NA,NA,NA,NA,NA,NA,NA,NA,52.4
"HARRYDOUGLAS","WR","cbs","Harry Douglas","TEN",94,286,NA,NA,NA,NA,NA,NA,NA,NA,36.5,490,2.1,0.7,NA,NA,NA,NA,NA,NA,NA,NA,NA,NA,52.2
"NATEWASHINGTON","WR","cbs","Nate Washington","HOU",95,287,NA,NA,NA,NA,NA,NA,NA,NA,35.4,484,1.8,0.3,NA,NA,NA,NA,NA,NA,NA,NA,NA,NA,51.2
"DEVINSMITH","WR","cbs","Devin Smith","NYJ",96,288,NA,NA,NA,NA,NA,NA,NA,NA,32,439,2.4,0.5,NA,NA,NA,NA,NA,NA,NA,NA,NA,NA,51
"CROCKETTGILLMORE","TE","cbs","Crockett Gillmore","BAL",33,289,NA,NA,NA,NA,NA,NA,NA,NA,34.6,377,3.6,0.3,NA,NA,NA,NA,NA,NA,NA,NA,NA,NA,51
"CECILSHORTS","WR","cbs","Cecil Shorts","HOU",97,290,NA,NA,NA,NA,NA,NA,NA,NA,42.1,499,1.8,1.5,NA,NA,NA,NA,NA,NA,NA,NA,NA,NA,50.8
"GAVINESCOBAR","TE","cbs","Gavin Escobar","DAL",34,291,NA,NA,NA,NA,NA,NA,NA,NA,28.1,323,4.4,0.4,NA,NA,NA,NA,NA,NA,NA,NA,NA,NA,50.6
"JAELENSTRONG","WR","cbs","Jaelen Strong","HOU",98,292,NA,NA,NA,NA,NA,NA,NA,NA,33.9,446,2.3,0.6,NA,NA,NA,NA,NA,NA,NA,NA,NA,NA,49.6
"BRENTCELEK","TE","cbs","Brent Celek","PHI",35,293,NA,NA,NA,NA,NA,NA,NA,NA,33.3,445,2.8,1.6,NA,NA,NA,NA,NA,NA,NA,NA,NA,NA,49.6
"BENJAMINWATSON","TE","cbs","Benjamin Watson","NO",36,294,NA,NA,NA,NA,NA,NA,NA,NA,40.4,416,2.7,0.4,NA,NA,NA,NA,NA,NA,NA,NA,NA,NA,49.4
"NILESPAUL","TE","cbs","Niles Paul","WAS",37,295,NA,NA,NA,NA,NA,NA,NA,NA,35,466,2,1,NA,NA,NA,NA,NA,NA,NA,NA,NA,NA,49
"ANDREWQUARLESS","TE","cbs","Andrew Quarless","GB",38,296,NA,NA,NA,NA,NA,NA,NA,NA,33.5,356,3.5,0.3,NA,NA,NA,NA,NA,NA,NA,NA,NA,NA,48.4
"DANNYWOODHEAD","RB","cbs","Danny Woodhead","SD",62,297,NA,NA,NA,NA,NA,50,203,1.3,37.6,281,2,1.8,NA,NA,NA,NA,NA,NA,NA,NA,NA,NA,48.2
"JERICKMCKINNON","RB","cbs","Jerick McKinnon","MIN",63,298,NA,NA,NA,NA,NA,60,300,3.3,23,133,0.4,0.8,NA,NA,NA,NA,NA,NA,NA,NA,NA,NA,47.6
"BILALPOWELL","RB","cbs","Bilal Powell","NYJ",64,299,NA,NA,NA,NA,NA,79,348,2,18.2,154,0.6,1.1,NA,NA,NA,NA,NA,NA,NA,NA,NA,NA,47.4
"RICHARDRODGERS","TE","cbs","Richard Rodgers","GB",39,300,NA,NA,NA,NA,NA,NA,NA,NA,31.7,340,3.4,0.3,NA,NA,NA,NA,NA,NA,NA,NA,NA,NA,46.8
"BRANDONBOLDEN","RB","cbs","Brandon Bolden","NE",65,301,NA,NA,NA,NA,NA,83,306,2.4,18.9,127,0.9,0.9,NA,NA,NA,NA,NA,NA,NA,NA,NA,NA,46
"LUKEWILLSON","TE","cbs","Luke Willson","SEA",40,302,NA,NA,NA,NA,NA,NA,NA,NA,23.8,378,2.7,0.2,NA,NA,NA,NA,NA,NA,NA,NA,NA,NA,45.8
"MIKETOLBERT","RB","cbs","Mike Tolbert","CAR",66,303,NA,NA,NA,NA,NA,75,220,1.8,23.4,183,1.6,0,NA,NA,NA,NA,NA,NA,NA,NA,NA,NA,45.4
"ALBERTWILSON","WR","cbs","Albert Wilson","KC",99,304,NA,NA,NA,NA,NA,NA,NA,NA,29.4,442,1.6,0.3,NA,NA,NA,NA,NA,NA,NA,NA,NA,NA,45
"JEREMYKERLEY","WR","cbs","Jeremy Kerley","NYJ",100,305,NA,NA,NA,NA,NA,NA,NA,NA,33.4,389,1.9,0.3,NA,NA,NA,NA,NA,NA,NA,NA,NA,NA,44.8
"KAMARAIKEN","WR","cbs","Kamar Aiken","BAL",101,306,NA,NA,NA,NA,NA,NA,NA,NA,22.8,315,3.7,0.3,NA,NA,NA,NA,NA,NA,NA,NA,NA,NA,44.6
"JACQUIZZRODGERS","RB","cbs","Jacquizz Rodgers","CHI",67,307,NA,NA,NA,NA,NA,65,256,1.8,31.5,185,1.2,1.3,NA,NA,NA,NA,NA,NA,NA,NA,NA,NA,44.4
"ANDREROBERTS","WR","cbs","Andre Roberts","WAS",102,308,NA,NA,NA,NA,NA,NA,NA,NA,35.5,453,1.8,2.2,NA,NA,NA,NA,NA,NA,NA,NA,NA,NA,44.4
"BOBBYRAINEY","RB","cbs","Bobby Rainey","TB",68,309,NA,NA,NA,NA,NA,65,297,2.4,22.4,201,0.8,4.8,NA,NA,NA,NA,NA,NA,NA,NA,NA,NA,42.6
"JACEAMARO","TE","cbs","Jace Amaro","NYJ",41,310,NA,NA,NA,NA,NA,NA,NA,NA,39.6,382,2.2,0.3,NA,NA,NA,NA,NA,NA,NA,NA,NA,NA,42.6
"GARRETTGRAHAM","TE","cbs","Garrett Graham","HOU",42,311,NA,NA,NA,NA,NA,NA,NA,NA,33,365,2.6,0.8,NA,NA,NA,NA,NA,NA,NA,NA,NA,NA,42
"JACOBTAMME","TE","cbs","Jacob Tamme","ATL",43,312,NA,NA,NA,NA,NA,NA,NA,NA,39.7,397,2.3,1.5,NA,NA,NA,NA,NA,NA,NA,NA,NA,NA,41.8
"ERICEBRON","TE","cbs","Eric Ebron","DET",44,313,NA,NA,NA,NA,NA,NA,NA,NA,39.1,399,1.9,0.3,NA,NA,NA,NA,NA,NA,NA,NA,NA,NA,41.8
"TYLERLOCKETT","WR","cbs","Tyler Lockett","SEA",103,314,NA,NA,NA,NA,NA,NA,NA,NA,24,361,2.1,0.4,NA,NA,NA,NA,NA,NA,NA,NA,NA,NA,41.4
"DEXTERMCCLUSTER","RB","cbs","Dexter McCluster","TEN",69,315,NA,NA,NA,NA,NA,44.8,171,1.2,32.1,276,1.2,1.1,NA,NA,NA,NA,NA,NA,NA,NA,NA,NA,41.2
"MARQUESSWILSON","WR","cbs","Marquess Wilson","CHI",104,316,NA,NA,NA,NA,NA,NA,NA,NA,38.5,360,2.3,0.3,NA,NA,NA,NA,NA,NA,NA,NA,NA,NA,41.2
"JAVORIUSALLEN","RB","cbs","Javorius Allen","BAL",70,317,NA,NA,NA,NA,NA,62,294,2.6,12.1,98,0.5,1.3,NA,NA,NA,NA,NA,NA,NA,NA,NA,NA,41
"DARRELYOUNG","RB","cbs","Darrel Young","WAS",71,318,NA,NA,NA,NA,NA,10.2,35.1,3.4,11.5,100,2.5,0,NA,NA,NA,NA,NA,NA,NA,NA,NA,NA,40.4
"CHRISJOHNSON","RB","cbs","Chris Johnson","ARZ",72,319,NA,NA,NA,NA,NA,83,299,2,13.3,107,1,1.4,NA,NA,NA,NA,NA,NA,NA,NA,NA,NA,40.2
"HAKEEMNICKS","WR","cbs","Hakeem Nicks","TEN",105,320,NA,NA,NA,NA,NA,NA,NA,NA,26.4,370,1.8,0.3,NA,NA,NA,NA,NA,NA,NA,NA,NA,NA,40.2
"SCOTTCHANDLER","TE","cbs","Scott Chandler","NE",45,321,NA,NA,NA,NA,NA,NA,NA,NA,29.6,344,2.1,0.2,NA,NA,NA,NA,NA,NA,NA,NA,NA,NA,39.2
"DEANTHONYTHOMAS","WR","cbs","De'Anthony Thomas","KC",106,322,NA,NA,NA,NA,NA,NA,NA,NA,30.6,290,1.7,0.3,NA,NA,NA,NA,NA,NA,NA,NA,NA,NA,38.8
"RYANMALLETT","QB","cbs","Ryan Mallett","HOU",36,323,112,64,740,4.2,4,9,32.6,0.2,NA,NA,NA,0.7,NA,NA,NA,NA,NA,NA,NA,NA,NA,NA,38
"JIMDRAY","TE","cbs","Jim Dray","CLE",46,324,NA,NA,NA,NA,NA,NA,NA,NA,27.6,355,1.8,0.5,NA,NA,NA,NA,NA,NA,NA,NA,NA,NA,37.8
"DERRICKCOLEMAN","RB","cbs","Derrick Coleman","SEA",73,325,NA,NA,NA,NA,NA,1.9,3.7,0,13,162,4.7,0,NA,NA,NA,NA,NA,NA,NA,NA,NA,NA,37.2
"DAVIDJOHNSON","RB","cbs","David Johnson","ARZ",74,326,NA,NA,NA,NA,NA,69,262,2.5,11.5,102,0.4,1.2,NA,NA,NA,NA,NA,NA,NA,NA,NA,NA,37
"ROBERTTURBIN","RB","cbs","Robert Turbin","SEA",75,327,NA,NA,NA,NA,NA,50,241,2,10.1,102,1.1,1.3,NA,NA,NA,NA,NA,NA,NA,NA,NA,NA,37
"STEVANRIDLEY","RB","cbs","Stevan Ridley","NYJ",76,328,NA,NA,NA,NA,NA,62,290,2.7,7.6,53,0.3,2,NA,NA,NA,NA,NA,NA,NA,NA,NA,NA,37
"MARCELREECE","RB","cbs","Marcel Reece","OAK",77,329,NA,NA,NA,NA,NA,27.4,123,0.7,36.2,289,1.4,0.8,NA,NA,NA,NA,NA,NA,NA,NA,NA,NA,37
"COREYFULLER","WR","cbs","Corey Fuller","DET",107,330,NA,NA,NA,NA,NA,NA,NA,NA,25.5,369,2,2.5,NA,NA,NA,NA,NA,NA,NA,NA,NA,NA,37
"JOHNCARLSON","TE","cbs","John Carlson","ARZ",47,331,NA,NA,NA,NA,NA,NA,NA,NA,30,335,2,0,NA,NA,NA,NA,NA,NA,NA,NA,NA,NA,37
"JOHNNYMANZIEL","QB","cbs","Johnny Manziel","CLE",37,332,102,56,762,3.3,3.4,9.8,39.5,0.4,NA,NA,NA,0.5,NA,NA,NA,NA,NA,NA,NA,NA,NA,NA,36.4
"JASONAVANT","WR","cbs","Jason Avant","KC",108,333,NA,NA,NA,NA,NA,NA,NA,NA,37.7,339,1.6,0.3,NA,NA,NA,NA,NA,NA,NA,NA,NA,NA,36
"ANTHONYFASANO","TE","cbs","Anthony Fasano","TEN",48,334,NA,NA,NA,NA,NA,NA,NA,NA,18.8,204,4,0.3,NA,NA,NA,NA,NA,NA,NA,NA,NA,NA,35.4
"DANIELFELLS","TE","cbs","Daniel Fells","NYG",49,335,NA,NA,NA,NA,NA,NA,NA,NA,25.3,276,3.2,1.9,NA,NA,NA,NA,NA,NA,NA,NA,NA,NA,35.4
"ROBHOUSLER","TE","cbs","Rob Housler","CLE",50,336,NA,NA,NA,NA,NA,NA,NA,NA,27.6,333,1.8,0.2,NA,NA,NA,NA,NA,NA,NA,NA,NA,NA,35.4
"LOGANPAULSEN","TE","cbs","Logan Paulsen","WAS",51,337,NA,NA,NA,NA,NA,NA,NA,NA,31,348,2,2,NA,NA,NA,NA,NA,NA,NA,NA,NA,NA,35
"MARCEDESLEWIS","TE","cbs","Marcedes Lewis","JAC",52,338,NA,NA,NA,NA,NA,NA,NA,NA,19.6,260,2.8,1,NA,NA,NA,NA,NA,NA,NA,NA,NA,NA,32.8
"CJFIEDOROWICZ","TE","cbs","C.J. Fiedorowicz","HOU",53,339,NA,NA,NA,NA,NA,NA,NA,NA,25.9,256,2.5,0.4,NA,NA,NA,NA,NA,NA,NA,NA,NA,NA,32.2
"DANTEROSARIO","TE","cbs","Dante Rosario","CHI",54,340,NA,NA,NA,NA,NA,NA,NA,NA,30.1,300,2.2,1.3,NA,NA,NA,NA,NA,NA,NA,NA,NA,NA,31.6
"TEDGINN","WR","cbs","Ted Ginn","CAR",109,341,NA,NA,NA,NA,NA,NA,NA,NA,22.5,334,1.6,2.2,NA,NA,NA,NA,NA,NA,NA,NA,NA,NA,31.2
"DIONSIMS","TE","cbs","Dion Sims","MIA",55,342,NA,NA,NA,NA,NA,NA,NA,NA,29.4,302,1.8,0.3,NA,NA,NA,NA,NA,NA,NA,NA,NA,NA,31.2
"BRUCEMILLER","RB","cbs","Bruce Miller","SF",78,343,NA,NA,NA,NA,NA,7.5,14.3,0.1,28.5,285,2.1,1.1,NA,NA,NA,NA,NA,NA,NA,NA,NA,NA,31
"JEREMYROSS","WR","cbs","Jeremy Ross","DET",110,344,NA,NA,NA,NA,NA,NA,NA,NA,24.2,329,1.5,2.1,NA,NA,NA,NA,NA,NA,NA,NA,NA,NA,29.8
"DUKEJOHNSON","RB","cbs","Duke Johnson","CLE",79,345,NA,NA,NA,NA,NA,56,213,2.3,7.3,69,0.2,1.2,NA,NA,NA,NA,NA,NA,NA,NA,NA,NA,29.6
"JARONBROWN","WR","cbs","Jaron Brown","ARZ",111,346,NA,NA,NA,NA,NA,NA,NA,NA,19.1,297,1.5,0.2,NA,NA,NA,NA,NA,NA,NA,NA,NA,NA,29.6
"JARRETTBOYKIN","WR","cbs","Jarrett Boykin","CAR",112,347,NA,NA,NA,NA,NA,NA,NA,NA,21.3,285,1.6,0.4,NA,NA,NA,NA,NA,NA,NA,NA,NA,NA,28.8
"JERMAINEGRESHAM","TE","cbs","Jermaine Gresham","ARZ",56,348,NA,NA,NA,NA,NA,NA,NA,NA,22.6,221,2.6,0.8,NA,NA,NA,NA,NA,NA,NA,NA,NA,NA,28
"EDDICKSON","TE","cbs","Ed Dickson","CAR",57,349,NA,NA,NA,NA,NA,NA,NA,NA,24,258,1.8,0.4,NA,NA,NA,NA,NA,NA,NA,NA,NA,NA,28
"CHRISPOLK","RB","cbs","Chris Polk","HOU",80,350,NA,NA,NA,NA,NA,52,206,1.6,10.7,82,0.5,0.7,NA,NA,NA,NA,NA,NA,NA,NA,NA,NA,27.2
"BRENTONBERSIN","WR","cbs","Brenton Bersin","CAR",113,351,NA,NA,NA,NA,NA,NA,NA,NA,21.3,285,1.6,1.3,NA,NA,NA,NA,NA,NA,NA,NA,NA,NA,27
"ACESANDERS","WR","cbs","Ace Sanders","JAC",114,352,NA,NA,NA,NA,NA,NA,NA,NA,31,320,1,2,NA,NA,NA,NA,NA,NA,NA,NA,NA,NA,27
"MARLONBROWN","WR","cbs","Marlon Brown","BAL",115,353,NA,NA,NA,NA,NA,NA,NA,NA,24.4,270,1.6,0.3,NA,NA,NA,NA,NA,NA,NA,NA,NA,NA,27
"MAXXWILLIAMS","TE","cbs","Maxx Williams","BAL",58,354,NA,NA,NA,NA,NA,NA,NA,NA,20,210,2.1,0.4,NA,NA,NA,NA,NA,NA,NA,NA,NA,NA,25.8
"JERONHAMM","TE","cbs","Je'Ron Hamm","WAS",59,355,NA,NA,NA,NA,NA,NA,NA,NA,23.6,261,1.4,0.6,NA,NA,NA,NA,NA,NA,NA,NA,NA,NA,25.2
"KHIRYROBINSON","RB","cbs","Khiry Robinson","NO",81,356,NA,NA,NA,NA,NA,43,218,2.3,8.4,58,0.3,3.4,NA,NA,NA,NA,NA,NA,NA,NA,NA,NA,24.8
"PAULRICHARDSON","WR","cbs","Paul Richardson","SEA",116,357,NA,NA,NA,NA,NA,NA,NA,NA,27.2,267,1.2,0.2,NA,NA,NA,NA,NA,NA,NA,NA,NA,NA,24.8
"RICARDOLOCKETTE","WR","cbs","Ricardo Lockette","SEA",117,358,NA,NA,NA,NA,NA,NA,NA,NA,17,249,1.3,0.2,NA,NA,NA,NA,NA,NA,NA,NA,NA,NA,24.4
"LEESMITH","TE","cbs","Lee Smith","OAK",60,359,NA,NA,NA,NA,NA,NA,NA,NA,24.3,209,1.8,0.3,NA,NA,NA,NA,NA,NA,NA,NA,NA,NA,24.2
"JONATHANGRIMES","RB","cbs","Jonathan Grimes","HOU",82,360,NA,NA,NA,NA,NA,51,205,1,10.9,86,0.5,0.7,NA,NA,NA,NA,NA,NA,NA,NA,NA,NA,23.6
"MARKSANCHEZ","QB","cbs","Mark Sanchez","PHI",38,361,53,32.9,422,2.7,1.7,6,16.7,0.1,NA,NA,NA,0.6,NA,NA,NA,NA,NA,NA,NA,NA,NA,NA,23.2
"MICHAELCAMPANARO","WR","cbs","Michael Campanaro","BAL",118,362,NA,NA,NA,NA,NA,NA,NA,NA,17.5,227,1.5,0.4,NA,NA,NA,NA,NA,NA,NA,NA,NA,NA,23.2
"RYANHEWITT","TE","cbs","Ryan Hewitt","CIN",61,363,NA,NA,NA,NA,NA,NA,NA,NA,27.9,300,0.3,0,NA,NA,NA,NA,NA,NA,NA,NA,NA,NA,22.8
"KIRKCOUSINS","QB","cbs","Kirk Cousins","WAS",39,364,73,47,587,2.6,3.2,2.7,9.3,0,NA,NA,NA,0.8,NA,NA,NA,NA,NA,NA,NA,NA,NA,NA,22.6
"BRANDONTATE","WR","cbs","Brandon Tate","CIN",119,365,NA,NA,NA,NA,NA,NA,NA,NA,20,248,1.4,1.9,NA,NA,NA,NA,NA,NA,NA,NA,NA,NA,22.6
"JAMESCASEY","TE","cbs","James Casey","DEN",62,366,NA,NA,NA,NA,NA,NA,NA,NA,6.1,105,3.1,0,NA,NA,NA,NA,NA,NA,NA,NA,NA,NA,22.6
"TOBYGERHART","RB","cbs","Toby Gerhart","JAC",83,367,NA,NA,NA,NA,NA,37.7,141,1.5,16.4,147,0.4,1.3,NA,NA,NA,NA,NA,NA,NA,NA,NA,NA,21.8
"TYLERCLUTTS","RB","cbs","Tyler Clutts","DAL",84,368,NA,NA,NA,NA,NA,8.6,40.4,0.3,10.2,45.8,3.2,0.6,NA,NA,NA,NA,NA,NA,NA,NA,NA,NA,21.8
"VANCEMCDONALD","TE","cbs","Vance McDonald","SF",63,369,NA,NA,NA,NA,NA,NA,NA,NA,23,257,1.4,2.9,NA,NA,NA,NA,NA,NA,NA,NA,NA,NA,20.6
"BRANDONPETTIGREW","TE","cbs","Brandon Pettigrew","DET",64,370,NA,NA,NA,NA,NA,NA,NA,NA,22.1,219,1.2,0.5,NA,NA,NA,NA,NA,NA,NA,NA,NA,NA,20.2
"JAMESDEVELIN","RB","cbs","James Develin","NE",85,371,NA,NA,NA,NA,NA,7.4,15.3,0.7,16.8,130,1.5,0,NA,NA,NA,NA,NA,NA,NA,NA,NA,NA,19.2
"DEANGELOWILLIAMS","RB","cbs","DeAngelo Williams","PIT",86,372,NA,NA,NA,NA,NA,41,181,1.1,2.5,23.8,0.1,0.5,NA,NA,NA,NA,NA,NA,NA,NA,NA,NA,18.2
"TYLERKROFT","TE","cbs","Tyler Kroft","CIN",65,373,NA,NA,NA,NA,NA,NA,NA,NA,17.6,165,1.4,0.5,NA,NA,NA,NA,NA,NA,NA,NA,NA,NA,16.4
"AUSTINJOHNSON","RB","cbs","Austin Johnson","NO",87,374,NA,NA,NA,NA,NA,20.1,61,0.2,7.6,61,1.8,0,NA,NA,NA,NA,NA,NA,NA,NA,NA,NA,16
"BRANDONMYERS","TE","cbs","Brandon Myers","TB",66,375,NA,NA,NA,NA,NA,NA,NA,NA,17.7,196,0.8,0.4,NA,NA,NA,NA,NA,NA,NA,NA,NA,NA,16
"ANTHONYSHERMAN","RB","cbs","Anthony Sherman","KC",88,376,NA,NA,NA,NA,NA,2.7,9.5,0,16.6,125,1.9,0.3,NA,NA,NA,NA,NA,NA,NA,NA,NA,NA,15.8
"JOHNKUHN","RB","cbs","John Kuhn","GB",89,377,NA,NA,NA,NA,NA,27.6,101,1.6,10.3,61,0.1,0.5,NA,NA,NA,NA,NA,NA,NA,NA,NA,NA,15.2
"PATRICKDIMARCO","RB","cbs","Patrick DiMarco","ATL",90,378,NA,NA,NA,NA,NA,0,0,0,17.1,127,1.5,0,NA,NA,NA,NA,NA,NA,NA,NA,NA,NA,14
"ZACHLINE","RB","cbs","Zach Line","MIN",91,379,NA,NA,NA,NA,NA,17.7,88,0.7,12.1,97,0.3,0.1,NA,NA,NA,NA,NA,NA,NA,NA,NA,NA,13.8
"KYLEJUSZCZYK","RB","cbs","Kyle Juszczyk","BAL",92,380,NA,NA,NA,NA,NA,0,0,0,24.6,217,1,3.1,NA,NA,NA,NA,NA,NA,NA,NA,NA,NA,13.8
"TOMMYBOHANON","RB","cbs","Tommy Bohanon","NYJ",93,381,NA,NA,NA,NA,NA,16.7,67,0.2,15.6,135,0.2,0,NA,NA,NA,NA,NA,NA,NA,NA,NA,NA,11.4
"FREDJACKSON","RB","cbs","Fred Jackson","BUF",94,382,NA,NA,NA,NA,NA,20.1,88,0.8,6.3,55,0.1,0.1,NA,NA,NA,NA,NA,NA,NA,NA,NA,NA,11.2
"JALSTONFOWLER","RB","cbs","Jalston Fowler","TEN",95,383,NA,NA,NA,NA,NA,17.8,75,0.4,9.3,82,0.3,0.1,NA,NA,NA,NA,NA,NA,NA,NA,NA,NA,11
"DRIARCHER","RB","cbs","Dri Archer","PIT",96,384,NA,NA,NA,NA,NA,16.3,72,0.6,6.3,48.7,0.3,0.3,NA,NA,NA,NA,NA,NA,NA,NA,NA,NA,9.8
"MATTASIATA","RB","cbs","Matt Asiata","MIN",97,385,NA,NA,NA,NA,NA,11.9,55,0.9,5.1,39.7,0.1,0.2,NA,NA,NA,NA,NA,NA,NA,NA,NA,NA,8.6
"JAYPROSCH","RB","cbs","Jay Prosch","HOU",98,386,NA,NA,NA,NA,NA,12.3,52,0.3,6.4,77,0.2,0.1,NA,NA,NA,NA,NA,NA,NA,NA,NA,NA,7.8
"RONNIEHILLMAN","RB","cbs","Ronnie Hillman","DEN",99,387,NA,NA,NA,NA,NA,18.5,85,0.4,2.9,20.1,0.1,0.1,NA,NA,NA,NA,NA,NA,NA,NA,NA,NA,7.8
"ANTONESMITH","RB","cbs","Antone Smith","ATL",100,388,NA,NA,NA,NA,NA,4.6,43.1,0.4,2,33.9,0.4,0.1,NA,NA,NA,NA,NA,NA,NA,NA,NA,NA,6.6
"WILLJOHNSON","RB","cbs","Will Johnson","PIT",101,389,NA,NA,NA,NA,NA,2.8,4.8,0,11.5,84,0.4,0,NA,NA,NA,NA,NA,NA,NA,NA,NA,NA,6.4
"JOHNPHILLIPS","TE","cbs","John Phillips","SD",67,390,NA,NA,NA,NA,NA,NA,NA,NA,6.8,69,0.6,0.1,NA,NA,NA,NA,NA,NA,NA,NA,NA,NA,6.4
"TRENTRICHARDSON","RB","cbs","Trent Richardson","OAK",102,391,NA,NA,NA,NA,NA,19.9,80,0.4,2,14,0,0.1,NA,NA,NA,NA,NA,NA,NA,NA,NA,NA,6.2
"ZACSTACY","RB","cbs","Zac Stacy","NYJ",103,392,NA,NA,NA,NA,NA,19.5,91,0.4,2,15.8,0,0.2,NA,NA,NA,NA,NA,NA,NA,NA,NA,NA,6
"MILESAUSTIN","WR","cbs","Miles Austin","PHI",120,393,NA,NA,NA,NA,NA,NA,NA,NA,5.7,72,0.5,0,NA,NA,NA,NA,NA,NA,NA,NA,NA,NA,6
"TAYLORGABRIEL","WR","cbs","Taylor Gabriel","CLE",121,394,NA,NA,NA,NA,NA,NA,NA,NA,5,83,0.3,0,NA,NA,NA,NA,NA,NA,NA,NA,NA,NA,5.8
"JAMESJONES","WR","cbs","James Jones","NYG",122,395,NA,NA,NA,NA,NA,NA,NA,NA,5.6,69,0.5,0.1,NA,NA,NA,NA,NA,NA,NA,NA,NA,NA,5.8
"DARYLRICHARDSON","RB","cbs","Daryl Richardson","NYJ",104,396,NA,NA,NA,NA,NA,14.6,67,0.3,1.9,17.2,0,0.1,NA,NA,NA,NA,NA,NA,NA,NA,NA,NA,5.6
"JEROMEFELTON","RB","cbs","Jerome Felton","BUF",105,397,NA,NA,NA,NA,NA,12.3,75,0.1,6.3,38.2,0.1,0,NA,NA,NA,NA,NA,NA,NA,NA,NA,NA,5.2
"CHRISTIANPONDER","QB","cbs","Christian Ponder","OAK",40,398,9,5.1,45.7,0.4,0.4,4.7,17.1,0.3,NA,NA,NA,0.2,NA,NA,NA,NA,NA,NA,NA,NA,NA,NA,5
"TRAVISBENJAMIN","WR","cbs","Travis Benjamin","CLE",123,399,NA,NA,NA,NA,NA,NA,NA,NA,2.7,52,0.5,0,NA,NA,NA,NA,NA,NA,NA,NA,NA,NA,5
"HENRYHYNOSKI","RB","cbs","Henry Hynoski","NYG",106,400,NA,NA,NA,NA,NA,22.2,56,0.2,3.7,29.3,0.1,0.1,NA,NA,NA,NA,NA,NA,NA,NA,NA,NA,4.6
"ANTHONYDIXON","RB","cbs","Anthony Dixon","BUF",107,401,NA,NA,NA,NA,NA,12,53,0.4,0.9,6.1,0,0.1,NA,NA,NA,NA,NA,NA,NA,NA,NA,NA,4.2
"ZURLONTIPTON","RB","cbs","Zurlon Tipton","IND",108,402,NA,NA,NA,NA,NA,7.3,24.4,0.2,1.7,16.9,0.2,0.1,NA,NA,NA,NA,NA,NA,NA,NA,NA,NA,4.2
"DEVINHESTER","WR","cbs","Devin Hester","ATL",124,403,NA,NA,NA,NA,NA,NA,NA,NA,4.2,56,0.2,0.1,NA,NA,NA,NA,NA,NA,NA,NA,NA,NA,4.2
"KYLEWILLIAMS","WR","cbs","Kyle Williams","DEN",125,404,NA,NA,NA,NA,NA,NA,NA,NA,11,94,0,0,NA,NA,NA,NA,NA,NA,NA,NA,NA,NA,4
"TIMWRIGHT","TE","cbs","Timothy Wright","TB",68,405,NA,NA,NA,NA,NA,NA,NA,NA,3,37.8,0.5,0,NA,NA,NA,NA,NA,NA,NA,NA,NA,NA,4
"DONALDBROWN","RB","cbs","Donald Brown","SD",109,406,NA,NA,NA,NA,NA,8.5,32,0.2,2.7,20.9,0.1,0,NA,NA,NA,NA,NA,NA,NA,NA,NA,NA,3.8
"SHAUNHILL","QB","cbs","Shaun Hill","MIN",41,407,9.3,5.9,68,0.4,0.4,1.5,1.8,0.2,NA,NA,NA,0.1,NA,NA,NA,NA,NA,NA,NA,NA,NA,NA,3.6
"JEROMESIMPSON","WR","cbs","Jerome Simpson","SF",126,408,NA,NA,NA,NA,NA,NA,NA,NA,3.8,64,0.1,0,NA,NA,NA,NA,NA,NA,NA,NA,NA,NA,3.6
"KELLENCLEMENS","QB","cbs","Kellen Clemens","SD",42,409,8,5.2,60,0.5,0.2,2.1,5.5,0,NA,NA,NA,0.1,NA,NA,NA,NA,NA,NA,NA,NA,NA,NA,3.4
"BENNYCUNNINGHAM","RB","cbs","Benny Cunningham","STL",110,410,NA,NA,NA,NA,NA,5.1,20.7,0.2,3.9,28.4,0.1,0.2,NA,NA,NA,NA,NA,NA,NA,NA,NA,NA,3.4
"AUSTINPETTIS","WR","cbs","Austin Pettis","SD",127,411,NA,NA,NA,NA,NA,NA,NA,NA,3.8,41.4,0.4,0,NA,NA,NA,NA,NA,NA,NA,NA,NA,NA,3.4
"JOSEPHFAURIA","TE","cbs","Joseph Fauria","DET",69,412,NA,NA,NA,NA,NA,NA,NA,NA,1.7,20.5,0.4,0,NA,NA,NA,NA,NA,NA,NA,NA,NA,NA,3.4
"CHRISGRAGG","TE","cbs","Chris Gragg","BUF",70,413,NA,NA,NA,NA,NA,NA,NA,NA,2.1,19,0.4,0,NA,NA,NA,NA,NA,NA,NA,NA,NA,NA,3.4
"CHASEFORD","TE","cbs","Chase Ford","MIN",71,414,NA,NA,NA,NA,NA,NA,NA,NA,4.1,54,0.2,0,NA,NA,NA,NA,NA,NA,NA,NA,NA,NA,3.2
"JORDANTODMAN","RB","cbs","Jordan Todman","CAR",111,415,NA,NA,NA,NA,NA,5.4,27.7,0.1,1.9,17.2,0.1,0.1,NA,NA,NA,NA,NA,NA,NA,NA,NA,NA,3
"CHRISTHOMPSON","RB","cbs","Chris Thompson","WAS",112,416,NA,NA,NA,NA,NA,3.7,14.3,0.1,2.2,14.4,0.4,0,NA,NA,NA,NA,NA,NA,NA,NA,NA,NA,3
"JAMESWHITE","RB","cbs","James White","NE",113,417,NA,NA,NA,NA,NA,18,61,0,4,26,0,0,NA,NA,NA,NA,NA,NA,NA,NA,NA,NA,3
"BEARPASCOE","TE","cbs","Bear Pascoe","CHI",72,418,NA,NA,NA,NA,NA,NA,NA,NA,1.7,8.8,0.5,0,NA,NA,NA,NA,NA,NA,NA,NA,NA,NA,3
"AUSTINDAVIS","QB","cbs","Austin Davis","STL",43,419,10.3,6.4,74,0.5,0.4,2.3,6,0,NA,NA,NA,0.2,NA,NA,NA,NA,NA,NA,NA,NA,NA,NA,2.8
"MATTSCHAUB","QB","cbs","Matt Schaub","BAL",44,420,6.2,3.7,46.5,0.4,0.2,0.5,2.6,0,NA,NA,NA,0.1,NA,NA,NA,NA,NA,NA,NA,NA,NA,NA,2.8
"DREWSTANTON","QB","cbs","Drew Stanton","ARZ",45,421,8.8,5,66,0.4,0.2,3.2,10.5,0,NA,NA,NA,0.1,NA,NA,NA,NA,NA,NA,NA,NA,NA,NA,2.8
"JOHNCROCKETT","RB","cbs","John Crockett","GB",114,422,NA,NA,NA,NA,NA,7.1,26.7,0.2,1.1,9.9,0.1,0,NA,NA,NA,NA,NA,NA,NA,NA,NA,NA,2.8
"CHRISOWUSU","WR","cbs","Chris Owusu","NYJ",128,423,NA,NA,NA,NA,NA,NA,NA,NA,1.6,18,0.1,0,NA,NA,NA,NA,NA,NA,NA,NA,NA,NA,2.8
"MARQUISEGOODWIN","WR","cbs","Marquise Goodwin","BUF",129,424,NA,NA,NA,NA,NA,NA,NA,NA,1.4,30.2,0.3,0,NA,NA,NA,NA,NA,NA,NA,NA,NA,NA,2.8
"ADAMTHIELEN","WR","cbs","Adam Thielen","MIN",130,425,NA,NA,NA,NA,NA,NA,NA,NA,1.6,34.8,0.3,0,NA,NA,NA,NA,NA,NA,NA,NA,NA,NA,2.8
"AARONDOBSON","WR","cbs","Aaron Dobson","NE",131,426,NA,NA,NA,NA,NA,NA,NA,NA,3.5,47,0.3,0,NA,NA,NA,NA,NA,NA,NA,NA,NA,NA,2.8
"RHETTELLISON","TE","cbs","Rhett Ellison","MIN",73,427,NA,NA,NA,NA,NA,NA,NA,NA,2.8,37,0.3,0,NA,NA,NA,NA,NA,NA,NA,NA,NA,NA,2.8
"SEANMCGRATH","TE","cbs","Sean McGrath","IND",74,428,NA,NA,NA,NA,NA,NA,NA,NA,3.7,44.6,0.3,0,NA,NA,NA,NA,NA,NA,NA,NA,NA,NA,2.8
"MIKEGLENNON","QB","cbs","Mike Glennon","TB",46,429,10.2,6.1,76,0.4,0.4,1.9,7.2,0,NA,NA,NA,0.1,NA,NA,NA,NA,NA,NA,NA,NA,NA,NA,2.4
"BRYCEBROWN","RB","cbs","Bryce Brown","BUF",115,430,NA,NA,NA,NA,NA,9.1,35.6,0.1,2.5,27.3,0,0.1,NA,NA,NA,NA,NA,NA,NA,NA,NA,NA,2.4
"JOHNCONNER","RB","cbs","John Conner","BUF",116,431,NA,NA,NA,NA,NA,1.6,5.9,0,1.3,14.2,0.4,0,NA,NA,NA,NA,NA,NA,NA,NA,NA,NA,2.4
"BRANDONWEEDEN","QB","cbs","Brandon Weeden","DAL",47,432,5.6,3.4,44.6,0.3,0.2,2.7,8.3,0,NA,NA,NA,0.1,NA,NA,NA,NA,NA,NA,NA,NA,NA,NA,2.2
"KERWYNNWILLIAMS","RB","cbs","Kerwynn Williams","ARZ",117,433,NA,NA,NA,NA,NA,10.7,40.3,0.2,1.1,5.2,0,0,NA,NA,NA,NA,NA,NA,NA,NA,NA,NA,2.2
"JEROMESMITH","RB","cbs","Jerome Smith","ATL",118,434,NA,NA,NA,NA,NA,6.9,27.3,0.2,1.5,11.6,0,0,NA,NA,NA,NA,NA,NA,NA,NA,NA,NA,2.2
"JAYAJAYI","RB","cbs","Jay Ajayi","MIA",119,435,NA,NA,NA,NA,NA,6.7,25.8,0.2,0.5,3.9,0,0,NA,NA,NA,NA,NA,NA,NA,NA,NA,NA,2.2
"LACHESEASTRUNK","RB","cbs","Lache Seastrunk","DAL",120,436,NA,NA,NA,NA,NA,7.9,33.4,0.2,1,9.4,0,0,NA,NA,NA,NA,NA,NA,NA,NA,NA,NA,2.2
"JOSHMORGAN","WR","cbs","Josh Morgan","NO",132,437,NA,NA,NA,NA,NA,NA,NA,NA,2.6,24.5,0.2,0,NA,NA,NA,NA,NA,NA,NA,NA,NA,NA,2.2
"JEFFJANIS","WR","cbs","Jeff Janis","GB",133,438,NA,NA,NA,NA,NA,NA,NA,NA,2,26.3,0.2,0,NA,NA,NA,NA,NA,NA,NA,NA,NA,NA,2.2
"TYMONTGOMERY","WR","cbs","Ty Montgomery","GB",134,439,NA,NA,NA,NA,NA,NA,NA,NA,1.7,24.6,0.2,0,NA,NA,NA,NA,NA,NA,NA,NA,NA,NA,2.2
"MATTHAZEL","WR","cbs","Matt Hazel","MIA",135,440,NA,NA,NA,NA,NA,NA,NA,NA,3.1,37.5,0.2,0,NA,NA,NA,NA,NA,NA,NA,NA,NA,NA,2.2
"CHRISMATTHEWS","WR","cbs","Chris Matthews","SEA",136,441,NA,NA,NA,NA,NA,NA,NA,NA,1.4,26.9,0.2,0,NA,NA,NA,NA,NA,NA,NA,NA,NA,NA,2.2
"BRICEBUTLER","WR","cbs","Brice Butler","OAK",137,442,NA,NA,NA,NA,NA,NA,NA,NA,2,25.6,0.2,0,NA,NA,NA,NA,NA,NA,NA,NA,NA,NA,2.2
"DONTRELLEINMAN","WR","cbs","Dontrelle Inman","SD",138,443,NA,NA,NA,NA,NA,NA,NA,NA,2.8,37.2,0.2,0,NA,NA,NA,NA,NA,NA,NA,NA,NA,NA,2.2
"DEREKANDERSON","QB","cbs","Derek Anderson","CAR",48,444,4.9,3.1,34.8,0.2,0,2.6,7.8,0,NA,NA,NA,0.1,NA,NA,NA,NA,NA,NA,NA,NA,NA,NA,2
"CHADHENNE","QB","cbs","Chad Henne","JAC",49,445,9.9,5.8,60,0.3,0.3,2.1,11,0,NA,NA,NA,0.1,NA,NA,NA,NA,NA,NA,NA,NA,NA,NA,2
"ZACHMETTENBERGER","QB","cbs","Zach Mettenberger","TEN",50,446,7.1,4.2,54,0.3,0.2,1,2.9,0,NA,NA,NA,0.2,NA,NA,NA,NA,NA,NA,NA,NA,NA,NA,2
"KENDALLHUNTER","RB","cbs","Kendall Hunter","SF",121,447,NA,NA,NA,NA,NA,8.8,38.4,0.2,0.2,1.1,0,0.1,NA,NA,NA,NA,NA,NA,NA,NA,NA,NA,2
"MIKEBROWN","WR","cbs","Mike Brown","CAR",139,448,NA,NA,NA,NA,NA,NA,NA,NA,3,50,0,0,NA,NA,NA,NA,NA,NA,NA,NA,NA,NA,2
"LEVINETOILOLO","TE","cbs","Levine Toilolo","ATL",75,449,NA,NA,NA,NA,NA,NA,NA,NA,3.2,23.2,0.2,0.1,NA,NA,NA,NA,NA,NA,NA,NA,NA,NA,2
"SCOTTTOLZIEN","QB","cbs","Scott Tolzien","GB",51,450,3.2,2,27.4,0.1,0.1,1.1,12.8,0.2,NA,NA,NA,0,NA,NA,NA,NA,NA,NA,NA,NA,NA,NA,1.6
"JEREMYLANGFORD","RB","cbs","Jeremy Langford","CHI",122,451,NA,NA,NA,NA,NA,5.2,18.5,0.1,1.1,8.7,0,0,NA,NA,NA,NA,NA,NA,NA,NA,NA,NA,1.6
"FITZGERALDTOUSSAINT","RB","cbs","Fitzgerald Toussaint","BAL",123,452,NA,NA,NA,NA,NA,5,17.3,0.1,1.2,8.4,0,0,NA,NA,NA,NA,NA,NA,NA,NA,NA,NA,1.6
"TREYWILLIAMS","RB","cbs","Trey Williams","WAS",124,453,NA,NA,NA,NA,NA,4.5,16.9,0.1,1.1,10.8,0,0,NA,NA,NA,NA,NA,NA,NA,NA,NA,NA,1.6
"CAMERONARTISPAYNE","RB","cbs","Cameron Artis-Payne","CAR",125,454,NA,NA,NA,NA,NA,7,26.1,0.1,0.9,7.4,0,0,NA,NA,NA,NA,NA,NA,NA,NA,NA,NA,1.6
"STEFONDIGGS","WR","cbs","Stefon Diggs","MIN",140,455,NA,NA,NA,NA,NA,NA,NA,NA,1.9,28.2,0.1,0,NA,NA,NA,NA,NA,NA,NA,NA,NA,NA,1.6
"KENBRELLTHOMPKINS","WR","cbs","Kenbrell Thompkins","OAK",141,456,NA,NA,NA,NA,NA,NA,NA,NA,2.8,37.7,0.1,0,NA,NA,NA,NA,NA,NA,NA,NA,NA,NA,1.6
"CHUCKJACOBS","WR","cbs","Chuck Jacobs","SF",142,457,NA,NA,NA,NA,NA,NA,NA,NA,1.3,18.6,0.1,0,NA,NA,NA,NA,NA,NA,NA,NA,NA,NA,1.6
"CHRISGIVENS","WR","cbs","Chris Givens","STL",143,458,NA,NA,NA,NA,NA,NA,NA,NA,2.6,39.4,0.1,0,NA,NA,NA,NA,NA,NA,NA,NA,NA,NA,1.6
"VINCENTBROWN","WR","cbs","Vincent Brown","IND",144,459,NA,NA,NA,NA,NA,NA,NA,NA,3.3,41.5,0.1,0,NA,NA,NA,NA,NA,NA,NA,NA,NA,NA,1.6
"KEVINNORWOOD","WR","cbs","Kevin Norwood","SEA",145,460,NA,NA,NA,NA,NA,NA,NA,NA,2,26.9,0.1,0,NA,NA,NA,NA,NA,NA,NA,NA,NA,NA,1.6
"SAMMIECOATES","WR","cbs","Sammie Coates","PIT",146,461,NA,NA,NA,NA,NA,NA,NA,NA,1.4,18.3,0.1,0,NA,NA,NA,NA,NA,NA,NA,NA,NA,NA,1.6
"JOSHBELLAMY","WR","cbs","Josh Bellamy","CHI",147,462,NA,NA,NA,NA,NA,NA,NA,NA,1.3,16.3,0.1,0,NA,NA,NA,NA,NA,NA,NA,NA,NA,NA,1.6
"DEVINSTREET","WR","cbs","Devin Street","DAL",148,463,NA,NA,NA,NA,NA,NA,NA,NA,1.7,23.7,0.1,0,NA,NA,NA,NA,NA,NA,NA,NA,NA,NA,1.6
"JOSHBOYCE","WR","cbs","Josh Boyce","NE",149,464,NA,NA,NA,NA,NA,NA,NA,NA,2.1,25.9,0.1,0,NA,NA,NA,NA,NA,NA,NA,NA,NA,NA,1.6
"GREGLITTLE","WR","cbs","Greg Little","CIN",150,465,NA,NA,NA,NA,NA,NA,NA,NA,2.5,28.3,0.1,0,NA,NA,NA,NA,NA,NA,NA,NA,NA,NA,1.6
"ANDRECALDWELL","WR","cbs","Andre Caldwell","DEN",151,466,NA,NA,NA,NA,NA,NA,NA,NA,1.6,16.8,0.1,0,NA,NA,NA,NA,NA,NA,NA,NA,NA,NA,1.6
"RISHARDMATTHEWS","WR","cbs","Rishard Matthews","MIA",152,467,NA,NA,NA,NA,NA,NA,NA,NA,2.5,29.1,0.1,0,NA,NA,NA,NA,NA,NA,NA,NA,NA,NA,1.6
"DORIALGREENBECKHAM","WR","cbs","Dorial Green-Beckham","TEN",153,468,NA,NA,NA,NA,NA,NA,NA,NA,1.1,16.1,0.1,0,NA,NA,NA,NA,NA,NA,NA,NA,NA,NA,1.6
"DURONCARTER","WR","cbs","Duron Carter","IND",154,469,NA,NA,NA,NA,NA,NA,NA,NA,1.7,23,0.1,0,NA,NA,NA,NA,NA,NA,NA,NA,NA,NA,1.6
"MARCMARIANI","WR","cbs","Marc Mariani","CHI",155,470,NA,NA,NA,NA,NA,NA,NA,NA,1.7,21.7,0.1,0,NA,NA,NA,NA,NA,NA,NA,NA,NA,NA,1.6
"ARRELIOUSBENN","WR","cbs","Arrelious Benn","JAC",156,471,NA,NA,NA,NA,NA,NA,NA,NA,1.5,19.3,0.1,0,NA,NA,NA,NA,NA,NA,NA,NA,NA,NA,1.6
"MYCOLEPRUITT","TE","cbs","MyCole Pruitt","MIN",76,472,NA,NA,NA,NA,NA,NA,NA,NA,1.8,19.5,0.1,0,NA,NA,NA,NA,NA,NA,NA,NA,NA,NA,1.6
"GARYBARNIDGE","TE","cbs","Gary Barnidge","CLE",77,473,NA,NA,NA,NA,NA,NA,NA,NA,2.3,28.9,0.1,0,NA,NA,NA,NA,NA,NA,NA,NA,NA,NA,1.6
"DJWILLIAMS","TE","cbs","D.J. Williams","WAS",78,474,NA,NA,NA,NA,NA,NA,NA,NA,1.4,16.2,0.1,0,NA,NA,NA,NA,NA,NA,NA,NA,NA,NA,1.6
"RYANGRIFFIN","TE","cbs","Ryan Griffin","HOU",79,475,NA,NA,NA,NA,NA,NA,NA,NA,1.7,17.9,0.1,0,NA,NA,NA,NA,NA,NA,NA,NA,NA,NA,1.6
"DOMINIQUEJONES","TE","cbs","Dominique Jones","DEN",80,476,NA,NA,NA,NA,NA,NA,NA,NA,1.8,19.9,0.1,0,NA,NA,NA,NA,NA,NA,NA,NA,NA,NA,1.6
"MIKEJAMES","RB","cbs","Mike James","TB",126,477,NA,NA,NA,NA,NA,5.2,20.9,0.1,0.7,1.8,0,0.1,NA,NA,NA,NA,NA,NA,NA,NA,NA,NA,1.4
"JALENSAUNDERS","WR","cbs","Jalen Saunders","NO",157,478,NA,NA,NA,NA,NA,NA,NA,NA,1.7,21.7,0.1,0.1,NA,NA,NA,NA,NA,NA,NA,NA,NA,NA,1.4
"JACOBYJONES","WR","cbs","Jacoby Jones","SD",158,479,NA,NA,NA,NA,NA,NA,NA,NA,2.3,32.1,0.1,0.1,NA,NA,NA,NA,NA,NA,NA,NA,NA,NA,1.4
"GRIFFWHALEN","WR","cbs","Griff Whalen","IND",159,480,NA,NA,NA,NA,NA,NA,NA,NA,1.9,20.3,0.1,0.1,NA,NA,NA,NA,NA,NA,NA,NA,NA,NA,1.4
"PRESTONPARKER","WR","cbs","Preston Parker","NYG",160,481,NA,NA,NA,NA,NA,NA,NA,NA,2.8,33.5,0.1,0.1,NA,NA,NA,NA,NA,NA,NA,NA,NA,NA,1.4
"JACKDOYLE","TE","cbs","Jack Doyle","IND",81,482,NA,NA,NA,NA,NA,NA,NA,NA,2.6,14.8,0.2,0,NA,NA,NA,NA,NA,NA,NA,NA,NA,NA,1.2
"CORYHARKEY","TE","cbs","Cory Harkey","STL",82,483,NA,NA,NA,NA,NA,NA,NA,NA,1.6,10.8,0.2,0,NA,NA,NA,NA,NA,NA,NA,NA,NA,NA,1.2
"REXBURKHEAD","RB","cbs","Rex Burkhead","CIN",127,484,NA,NA,NA,NA,NA,1.8,7.6,0.2,1.6,14.9,0,0.1,NA,NA,NA,NA,NA,NA,NA,NA,NA,NA,1
"CHRISTINEMICHAEL","RB","cbs","Christine Michael","SEA",128,485,NA,NA,NA,NA,NA,5.2,26.9,0,0.1,1.3,0,0,NA,NA,NA,NA,NA,NA,NA,NA,NA,NA,1
"SILASREDD","RB","cbs","Silas Redd","WAS",129,486,NA,NA,NA,NA,NA,2,11,0,1,19,0,0,NA,NA,NA,NA,NA,NA,NA,NA,NA,NA,1
"SHONNGREENE","RB","cbs","Shonn Greene","TEN",130,487,NA,NA,NA,NA,NA,11,47,0,1,5,0,0,NA,NA,NA,NA,NA,NA,NA,NA,NA,NA,1
"DEVIERPOSEY","WR","cbs","DeVier Posey","NYJ",161,488,NA,NA,NA,NA,NA,NA,NA,NA,1.6,22,0,0,NA,NA,NA,NA,NA,NA,NA,NA,NA,NA,1
"KEVINOGLETREE","WR","cbs","Kevin Ogletree","NYG",162,489,NA,NA,NA,NA,NA,NA,NA,NA,3,39,0,0,NA,NA,NA,NA,NA,NA,NA,NA,NA,NA,1
"JUSTINBROWN","WR","cbs","Justin Brown","BUF",163,490,NA,NA,NA,NA,NA,NA,NA,NA,3,22,0,0,NA,NA,NA,NA,NA,NA,NA,NA,NA,NA,1
"RYANGRANT","WR","cbs","Ryan Grant","WAS",164,491,NA,NA,NA,NA,NA,NA,NA,NA,2,27.5,0,0,NA,NA,NA,NA,NA,NA,NA,NA,NA,NA,1
"MARQUEISGRAY","TE","cbs","MarQueis Gray","BUF",83,492,NA,NA,NA,NA,NA,NA,NA,NA,1.6,24,0,0,NA,NA,NA,NA,NA,NA,NA,NA,NA,NA,1
"MICHAELHOOMANAWANUI","TE","cbs","Michael Hoomanawanui","NE",84,493,NA,NA,NA,NA,NA,NA,NA,NA,1.9,21.9,0,0,NA,NA,NA,NA,NA,NA,NA,NA,NA,NA,1
"FREDDAVIS","TE","cbs","Fred Davis","NE",85,494,NA,NA,NA,NA,NA,NA,NA,NA,2,18,0,0,NA,NA,NA,NA,NA,NA,NA,NA,NA,NA,1
"DEREKCARRIER","TE","cbs","Derek Carrier","SF",86,495,NA,NA,NA,NA,NA,NA,NA,NA,1.5,19.5,0,0,NA,NA,NA,NA,NA,NA,NA,NA,NA,NA,1
"KEVINBROCK","TE","cbs","Kevin Brock","NO",87,496,NA,NA,NA,NA,NA,NA,NA,NA,2.5,17.5,0,0,NA,NA,NA,NA,NA,NA,NA,NA,NA,NA,1
"GARRETTCELEK","TE","cbs","Garrett Celek","SF",88,497,NA,NA,NA,NA,NA,NA,NA,NA,1.5,31.5,0,0,NA,NA,NA,NA,NA,NA,NA,NA,NA,NA,1
"KADEEMCAREY","RB","cbs","Ka'Deem Carey","CHI",131,498,NA,NA,NA,NA,NA,5,21.7,0,0.7,8.2,0,0.1,NA,NA,NA,NA,NA,NA,NA,NA,NA,NA,0.8
"QUINTONPATTON","WR","cbs","Quinton Patton","SF",165,499,NA,NA,NA,NA,NA,NA,NA,NA,1.9,29.6,0,0.1,NA,NA,NA,NA,NA,NA,NA,NA,NA,NA,0.8
"TARVARISJACKSON","QB","cbs","Tarvaris Jackson","SEA",52,500,0.8,0.5,7.6,0,0,0.9,1.1,0.1,NA,NA,NA,0,NA,NA,NA,NA,NA,NA,NA,NA,NA,NA,0.6
"KENJONBARNER","RB","cbs","Kenjon Barner","PHI",132,501,NA,NA,NA,NA,NA,3.7,11.7,0.1,1,7.8,0,0,NA,NA,NA,NA,NA,NA,NA,NA,NA,NA,0.6
"DARRIUSHEYWARDBEY","WR","cbs","Darrius Heyward-Bey","PIT",166,502,NA,NA,NA,NA,NA,NA,NA,NA,1.9,20.5,0,0.2,NA,NA,NA,NA,NA,NA,NA,NA,NA,NA,0.6
"ALANBONNER","WR","cbs","Alan Bonner","HOU",167,503,NA,NA,NA,NA,NA,NA,NA,NA,1.1,14.9,0.1,0,NA,NA,NA,NA,NA,NA,NA,NA,NA,NA,0.6
"STEVEMANERI","TE","cbs","Steve Maneri","NYJ",89,504,NA,NA,NA,NA,NA,NA,NA,NA,1,10.1,0.1,0,NA,NA,NA,NA,NA,NA,NA,NA,NA,NA,0.6
"ORSONCHARLES","TE","cbs","Orson Charles","NO",90,505,NA,NA,NA,NA,NA,NA,NA,NA,1,9.6,0.1,0,NA,NA,NA,NA,NA,NA,NA,NA,NA,NA,0.6
"TREYBURTON","TE","cbs","Trey Burton","PHI",91,506,NA,NA,NA,NA,NA,NA,NA,NA,0.6,6.5,0.1,0,NA,NA,NA,NA,NA,NA,NA,NA,NA,NA,0.6
"ANTHONYDENHAM","TE","cbs","Anthony Denham","HOU",92,507,NA,NA,NA,NA,NA,NA,NA,NA,0.8,7.7,0.1,0,NA,NA,NA,NA,NA,NA,NA,NA,NA,NA,0.6
"ANTHONYMCCOY","TE","cbs","Anthony McCoy","SEA",93,508,NA,NA,NA,NA,NA,NA,NA,NA,1,11.1,0.1,0,NA,NA,NA,NA,NA,NA,NA,NA,NA,NA,0.6
"KELLENDAVIS","TE","cbs","Kellen Davis","NYJ",94,509,NA,NA,NA,NA,NA,NA,NA,NA,0.8,8.4,0.1,0,NA,NA,NA,NA,NA,NA,NA,NA,NA,NA,0.6
"JESSEJAMES","TE","cbs","Jesse James","PIT",95,510,NA,NA,NA,NA,NA,NA,NA,NA,1.3,12.6,0.1,0,NA,NA,NA,NA,NA,NA,NA,NA,NA,NA,0.6
"ZACHMILLER","TE","cbs","Zach Miller","CHI",96,511,NA,NA,NA,NA,NA,NA,NA,NA,1.6,15,0.1,0,NA,NA,NA,NA,NA,NA,NA,NA,NA,NA,0.6
"JAMESOSHAUGHNESSY","TE","cbs","James O'Shaughnessy","KC",97,512,NA,NA,NA,NA,NA,NA,NA,NA,1.5,12.9,0.1,0,NA,NA,NA,NA,NA,NA,NA,NA,NA,NA,0.6
"CLIVEWALFORD","TE","cbs","Clive Walford","OAK",98,513,NA,NA,NA,NA,NA,NA,NA,NA,1.6,13,0.1,0,NA,NA,NA,NA,NA,NA,NA,NA,NA,NA,0.6
"NICKBOYLE","TE","cbs","Nick Boyle","BAL",99,514,NA,NA,NA,NA,NA,NA,NA,NA,1.3,14,0.1,0,NA,NA,NA,NA,NA,NA,NA,NA,NA,NA,0.6
"JIMMYCLAUSEN","QB","cbs","Jimmy Clausen","CHI",53,515,2.2,1.3,11.4,0.1,0,0.5,1.6,0,NA,NA,NA,0.1,NA,NA,NA,NA,NA,NA,NA,NA,NA,NA,0.4
"BROCKOSWEILER","QB","cbs","Brock Osweiler","DEN",54,516,1.1,0.6,6.6,0.1,0,1.5,1.7,0,NA,NA,NA,0.1,NA,NA,NA,NA,NA,NA,NA,NA,NA,NA,0.4
"ORLEANSDARKWA","RB","cbs","Orleans Darkwa","NYG",133,517,NA,NA,NA,NA,NA,2.1,5.8,0.1,0.8,7.9,0,0.1,NA,NA,NA,NA,NA,NA,NA,NA,NA,NA,0.4
"MATTHASSELBECK","QB","cbs","Matt Hasselbeck","IND",55,518,2.8,1.7,18.9,0.1,0,2.3,1.7,0,NA,NA,NA,0.2,NA,NA,NA,NA,NA,NA,NA,NA,NA,NA,0.2
"BLAINEGABBERT","QB","cbs","Blaine Gabbert","SF",56,519,2.3,1.2,15.1,0.1,0.1,3,15.7,0,NA,NA,NA,0.1,NA,NA,NA,NA,NA,NA,NA,NA,NA,NA,0.2
"BRUCEGRADKOWSKI","QB","cbs","Bruce Gradkowski","PIT",57,520,0.6,0.4,4.6,0,0,0.7,0.5,0,NA,NA,NA,0,NA,NA,NA,NA,NA,NA,NA,NA,NA,NA,0
"RYANNASSIB","QB","cbs","Ryan Nassib","NYG",58,521,0.6,0.4,6.2,0,0,0.5,0.9,0,NA,NA,NA,0,NA,NA,NA,NA,NA,NA,NA,NA,NA,NA,0
"DANORLOVSKY","QB","cbs","Dan Orlovsky","DET",59,522,0.6,0.4,4.4,0,0,0.1,0.6,0,NA,NA,NA,0,NA,NA,NA,NA,NA,NA,NA,NA,NA,NA,0
"LUKEMCCOWN","QB","cbs","Luke McCown","NO",60,523,0.5,0.3,3.9,0,0,0.4,0.1,0,NA,NA,NA,0,NA,NA,NA,NA,NA,NA,NA,NA,NA,NA,0
"AJMCCARRON","QB","cbs","AJ McCarron","CIN",61,524,0.5,0.3,3.7,0,0,0.2,1,0,NA,NA,NA,0,NA,NA,NA,NA,NA,NA,NA,NA,NA,NA,0
"JAWONCHISHOLM","RB","cbs","Jawon Chisholm","PIT",134,525,NA,NA,NA,NA,NA,1,4,0,0,2,0,0,NA,NA,NA,NA,NA,NA,NA,NA,NA,NA,0
"JOSHHARRIS","RB","cbs","Josh Harris","PIT",135,526,NA,NA,NA,NA,NA,1.3,5.5,0,0.2,1.1,0,0,NA,NA,NA,NA,NA,NA,NA,NA,NA,NA,0
"TREYMILLARD","RB","cbs","Trey Millard","SF",136,527,NA,NA,NA,NA,NA,0.9,4,0,0.3,2.5,0,0,NA,NA,NA,NA,NA,NA,NA,NA,NA,NA,0
"JACKIEBATTLE","RB","cbs","Jackie Battle","TEN",137,528,NA,NA,NA,NA,NA,2,6,0,1,4,0,0,NA,NA,NA,NA,NA,NA,NA,NA,NA,NA,0
"RAYAGNEW","RB","cbs","Ray Agnew","DAL",138,529,NA,NA,NA,NA,NA,0.7,3,0,0.6,5,0,0,NA,NA,NA,NA,NA,NA,NA,NA,NA,NA,0
"ALFONSOSMITH","RB","cbs","Alfonso Smith","SF",139,530,NA,NA,NA,NA,NA,4,10,0,2,9,0,0,NA,NA,NA,NA,NA,NA,NA,NA,NA,NA,0
"COLLINMOONEY","RB","cbs","Collin Mooney","ATL",140,531,NA,NA,NA,NA,NA,0.3,1.3,0,1.8,10.4,0,0,NA,NA,NA,NA,NA,NA,NA,NA,NA,NA,0
"JOEYIOSEFA","RB","cbs","Joey Iosefa","TB",141,532,NA,NA,NA,NA,NA,0.4,1.7,0,0.3,2.4,0,0,NA,NA,NA,NA,NA,NA,NA,NA,NA,NA,0
"GEORGEWINN","RB","cbs","George Winn","DET",142,533,NA,NA,NA,NA,NA,0.3,1.3,0,0,0.2,0,0,NA,NA,NA,NA,NA,NA,NA,NA,NA,NA,0
"KIEROSMALL","RB","cbs","Kiero Small","BAL",143,534,NA,NA,NA,NA,NA,0.6,2.7,0,0.3,2.7,0,0,NA,NA,NA,NA,NA,NA,NA,NA,NA,NA,0
"BRAYLONHEARD","RB","cbs","Braylon Heard","PIT",144,535,NA,NA,NA,NA,NA,1,4.1,0,0.2,1.5,0,0,NA,NA,NA,NA,NA,NA,NA,NA,NA,NA,0
"NIKITAWHITLOCK","RB","cbs","Nikita Whitlock","NYG",145,536,NA,NA,NA,NA,NA,0.6,2.2,0,0.3,2.7,0,0,NA,NA,NA,NA,NA,NA,NA,NA,NA,NA,0
"DIONLEWIS","RB","cbs","Dion Lewis","NE",146,537,NA,NA,NA,NA,NA,0.4,1.3,0,0.1,0.5,0,0,NA,NA,NA,NA,NA,NA,NA,NA,NA,NA,0
"TRAVARISCADET","RB","cbs","Travaris Cadet","NE",147,538,NA,NA,NA,NA,NA,0.1,0.2,0,0.2,1.3,0,0,NA,NA,NA,NA,NA,NA,NA,NA,NA,NA,0
"JORVORSKIELANE","RB","cbs","Jorvorskie Lane","TB",148,539,NA,NA,NA,NA,NA,0.6,8.6,0,0.3,1.7,0,0,NA,NA,NA,NA,NA,NA,NA,NA,NA,NA,0
"AARONRIPKOWSKI","RB","cbs","Aaron Ripkowski","GB",149,540,NA,NA,NA,NA,NA,0.7,3.3,0,0.4,3.3,0,0,NA,NA,NA,NA,NA,NA,NA,NA,NA,NA,0
"JORDANCAMPBELL","RB","cbs","Jordan Campbell","WAS",150,541,NA,NA,NA,NA,NA,0.4,2.1,0,0.4,3.6,0,0,NA,NA,NA,NA,NA,NA,NA,NA,NA,NA,0
"JCCOPELAND","RB","cbs","J.C. Copeland","NYJ",151,542,NA,NA,NA,NA,NA,1,3,0,0,2,0,0,NA,NA,NA,NA,NA,NA,NA,NA,NA,NA,0
"MARCUSEASLEY","WR","cbs","Marcus Easley","BUF",168,543,NA,NA,NA,NA,NA,NA,NA,NA,0.1,0.8,0,0,NA,NA,NA,NA,NA,NA,NA,NA,NA,NA,0
"RUSSELLSHEPARD","WR","cbs","Russell Shepard","TB",169,544,NA,NA,NA,NA,NA,NA,NA,NA,0.4,6.3,0,0,NA,NA,NA,NA,NA,NA,NA,NA,NA,NA,0
"MALCOLMJOHNSON","TE","cbs","Malcolm Johnson","CLE",100,545,NA,NA,NA,NA,NA,NA,NA,NA,0.4,3.6,0,0,NA,NA,NA,NA,NA,NA,NA,NA,NA,NA,0
"LUKESTOCKER","TE","cbs","Luke Stocker","TB",101,546,NA,NA,NA,NA,NA,NA,NA,NA,1.2,9,0,0,NA,NA,NA,NA,NA,NA,NA,NA,NA,NA,0
"CRAIGSTEVENS","TE","cbs","Craig Stevens","TEN",102,547,NA,NA,NA,NA,NA,NA,NA,NA,1.2,13.9,0,0,NA,NA,NA,NA,NA,NA,NA,NA,NA,NA,0
"DENNISPITTA","TE","cbs","Dennis Pitta","BAL",103,548,NA,NA,NA,NA,NA,NA,NA,NA,1.5,15.7,0,0,NA,NA,NA,NA,NA,NA,NA,NA,NA,NA,0
"JAMESHANNA","TE","cbs","James Hanna","DAL",104,549,NA,NA,NA,NA,NA,NA,NA,NA,1,9.3,0,0,NA,NA,NA,NA,NA,NA,NA,NA,NA,NA,0
"TROYNIKLAS","TE","cbs","Troy Niklas","ARZ",105,550,NA,NA,NA,NA,NA,NA,NA,NA,1,12.9,0,0,NA,NA,NA,NA,NA,NA,NA,NA,NA,NA,0
"TJYATES","QB","cbs","T.J. Yates","ATL",62,551,1.5,1,10.9,0,0.1,0.2,0.7,0,NA,NA,NA,0,NA,NA,NA,NA,NA,NA,NA,NA,NA,NA,-0.2
"MATTMOORE","QB","cbs","Matt Moore","MIA",63,552,0.7,0.4,4.4,0,0.1,0.6,0.1,0,NA,NA,NA,0,NA,NA,NA,NA,NA,NA,NA,NA,NA,NA,-0.2
"CEDRICPEERMAN","RB","cbs","Cedric Peerman","CIN",152,553,NA,NA,NA,NA,NA,1.8,5.6,0,0.2,2.2,0,0.1,NA,NA,NA,NA,NA,NA,NA,NA,NA,NA,-0.2
"LAMICHAELJAMES","RB","cbs","LaMichael James","MIA",153,554,NA,NA,NA,NA,NA,2.1,11.9,0,0.2,1.7,0,0.1,NA,NA,NA,NA,NA,NA,NA,NA,NA,NA,-0.2
"JACOBYFORD","WR","cbs","Jacoby Ford","TEN",170,555,NA,NA,NA,NA,NA,NA,NA,NA,1.5,12.3,0,0.1,NA,NA,NA,NA,NA,NA,NA,NA,NA,NA,-0.2
"DWAYNEHARRIS","WR","cbs","Dwayne Harris","NYG",171,556,NA,NA,NA,NA,NA,NA,NA,NA,0.8,11.5,0,0.1,NA,NA,NA,NA,NA,NA,NA,NA,NA,NA,-0.2
"JOSHHUFF","WR","cbs","Josh Huff","PHI",172,557,NA,NA,NA,NA,NA,NA,NA,NA,1,14.2,0,0.1,NA,NA,NA,NA,NA,NA,NA,NA,NA,NA,-0.2
"RICHIEBROCKEL","TE","cbs","Richie Brockel","CAR",106,558,NA,NA,NA,NA,NA,NA,NA,NA,0.1,1.1,0,0.1,NA,NA,NA,NA,NA,NA,NA,NA,NA,NA,-0.2
"CHASEDANIEL","QB","cbs","Chase Daniel","KC",64,559,3.3,2,17.4,0,0.1,2.9,13.3,0,NA,NA,NA,0.1,NA,NA,NA,NA,NA,NA,NA,NA,NA,NA,-0.4
NA,"QB","cbs",NA,"All",65,560,NA,NA,NA,NA,NA,NA,NA,NA,NA,NA,NA,NA,NA,NA,NA,NA,NA,NA,NA,NA,NA,NA,NA
