"name","pos","sourceName","name_fp","team_fp","positionRank","overallRank","passAtt","passComp","passYds","passTds","passInt","rushAtt","rushYds","rushTds","rec","recYds","recTds","returnTds","twoPts","fumbles","fg","xp","points"
"ANDREWLUCK","QB","fp","Andrew Luck","IND",1,1,639.6,393,4717.5,35.3,16.1,55.5,258.6,2.3,NA,NA,NA,NA,NA,5.5,NA,NA,326.3
"AARONRODGERS","QB","fp","Aaron Rodgers","GB",2,2,546.8,354.8,4379.9,34,8.8,49.1,244.9,2,NA,NA,NA,NA,NA,4.9,NA,NA,320.2
"RUSSELLWILSON","QB","fp","Russell Wilson","SEA",3,3,463.1,284.9,3554.1,24.9,10.6,103.5,644,3.9,NA,NA,NA,NA,NA,4.3,NA,NA,299.6
"PEYTONMANNING","QB","fp","Peyton Manning","DEN",4,4,596.9,393.7,4641.9,34.8,13.2,26.7,9.9,0.5,NA,NA,NA,NA,NA,3.5,NA,NA,295.4
"DREWBREES","QB","fp","Drew Brees","NO",5,5,621.8,415.7,4831.9,31.2,14.2,27.5,64.7,1.2,NA,NA,NA,NA,NA,4.1,NA,NA,295.2
"TOMBRADY","QB","fp","Tom Brady","NE",6,6,605.4,387.8,4367.1,31.1,11.6,32.7,57.3,1.3,NA,NA,NA,NA,NA,3.5,NA,NA,282.5
"MATTRYAN","QB","fp","Matt Ryan","ATL",7,7,622.5,408.6,4677,28.4,14.7,26.6,93.4,0.8,NA,NA,NA,NA,NA,3.4,NA,NA,278.5
"CAMNEWTON","QB","fp","Cam Newton","CAR",8,8,501.3,300.5,3593.1,21.8,14.5,104.8,565.5,4.6,NA,NA,NA,NA,NA,5.8,NA,NA,274.4
"TONYROMO","QB","fp","Tony Romo","DAL",9,9,507.8,333.2,4095.1,31.8,11.3,27,67.8,0.8,NA,NA,NA,NA,NA,4.9,NA,NA,270.3
"BENROETHLISBERGER","QB","fp","Ben Roethlisberger","PIT",10,10,594.1,385.7,4539.7,28.6,13.4,28.1,68.6,0.4,NA,NA,NA,NA,NA,5.3,NA,NA,268.1
"MATTHEWSTAFFORD","QB","fp","Matthew Stafford","DET",11,11,626.9,381.3,4461.8,27.2,14.8,36.3,108.4,1.5,NA,NA,NA,NA,NA,5.3,NA,NA,266.9
"RYANTANNEHILL","QB","fp","Ryan Tannehill","MIA",12,12,585.1,372.3,4186.4,25.8,14.8,48.6,242.8,1.5,NA,NA,NA,NA,NA,5.7,NA,NA,262.8
"PHILIPRIVERS","QB","fp","Philip Rivers","SD",13,13,569.2,367.5,4367.4,28.6,16.1,33.8,72.3,0.5,NA,NA,NA,NA,NA,4.5,NA,NA,258
"ELIMANNING","QB","fp","Eli Manning","NYG",14,14,595.3,368.6,4396.8,27.8,16.5,23,66.1,0.7,NA,NA,NA,NA,NA,5.6,NA,NA,253.9
"COLINKAEPERNICK","QB","fp","Colin Kaepernick","SF",15,15,484.5,292.9,3524.8,18.3,11.6,96.7,582.7,2.5,NA,NA,NA,NA,NA,5.8,NA,NA,252.3
"JOEFLACCO","QB","fp","Joe Flacco","BAL",16,16,554.5,342.7,3932.5,25.6,14.3,42.1,118.3,1.5,NA,NA,NA,NA,NA,3.8,NA,NA,244
"JAYCUTLER","QB","fp","Jay Cutler","CHI",17,17,569.9,355.8,3984.4,25.3,17.2,41.5,195.2,1.4,NA,NA,NA,NA,NA,5.4,NA,NA,243.1
"TEDDYBRIDGEWATER","QB","fp","Teddy Bridgewater","MIN",18,18,518.3,319.6,3709,22.2,15,62.1,273.3,1.8,NA,NA,NA,NA,NA,3.5,NA,NA,238.5
"SAMBRADFORD","QB","fp","Sam Bradford","PHI",19,19,520.5,317.7,3773.2,25.2,12.8,39.6,128.2,1.3,NA,NA,NA,NA,NA,4.9,NA,NA,236.8
"CARSONPALMER","QB","fp","Carson Palmer","ARI",20,20,557.9,343,4044.9,24.3,14.2,23.9,60.8,0.6,NA,NA,NA,NA,NA,3.1,NA,NA,234.2
"JAMAALCHARLES","RB","fp","Jamaal Charles","KC",1,21,NA,NA,NA,NA,NA,234.4,1126.3,9.1,52.2,437.8,4.5,NA,NA,3.6,NA,NA,230.7
"ALEXSMITH","QB","fp","Alex Smith","KC",21,22,500,312,3431.3,21.5,11,55.2,275.3,1.5,NA,NA,NA,NA,NA,3.8,NA,NA,230.4
"MARSHAWNLYNCH","RB","fp","Marshawn Lynch","SEA",2,23,NA,NA,NA,NA,NA,278.3,1309,9.8,37.8,325.3,2.2,NA,NA,2.8,NA,NA,229.6
"EDDIELACY","RB","fp","Eddie Lacy","GB",3,24,NA,NA,NA,NA,NA,282.2,1265.8,9.6,45.7,368.9,2.2,NA,NA,2.6,NA,NA,229.1
"ADRIANPETERSON","RB","fp","Adrian Peterson","MIN",4,25,NA,NA,NA,NA,NA,282.7,1319.4,9.7,43.2,327,1.5,NA,NA,3.3,NA,NA,225.3
"ANDYDALTON","QB","fp","Andy Dalton","CIN",22,26,526.9,324.2,3645.9,22.4,18.2,54.7,184.4,1.9,NA,NA,NA,NA,NA,3.7,NA,NA,221.7
"MARCUSMARIOTA","QB","fp","Marcus Mariota","TEN",23,27,493.3,296.2,3441.8,18.5,15.2,67,358.3,2,NA,NA,NA,NA,NA,4.7,NA,NA,220
"LEVEONBELL","RB","fp","Le'Veon Bell","PIT",5,28,NA,NA,NA,NA,NA,240.5,1060.7,7,65.2,558.5,2.4,NA,NA,1.4,NA,NA,215.9
"JAMEISWINSTON","QB","fp","Jameis Winston","TB",24,29,519.6,307.3,3803.9,20.8,17.8,44.4,177.7,1.2,NA,NA,NA,NA,NA,5,NA,NA,215
"ANTONIOBROWN","WR","fp","Antonio Brown","PIT",1,30,NA,NA,NA,NA,NA,4.7,24.8,0,116.5,1535.9,9.9,NA,NA,1.4,NA,NA,213.1
"MATTFORTE","RB","fp","Matt Forte","CHI",6,31,NA,NA,NA,NA,NA,252.4,1062,6.5,69.1,575.1,2.4,NA,NA,2.2,NA,NA,212.6
"CJANDERSON","RB","fp","C.J. Anderson","DEN",7,32,NA,NA,NA,NA,NA,246.2,1112.7,9.3,44.8,379.9,1.5,NA,NA,1.3,NA,NA,211.5
"BLAKEBORTLES","QB","fp","Blake Bortles","JAC",25,33,533.2,316.4,3498.4,17.7,17.6,58.9,358.2,1.2,NA,NA,NA,NA,NA,5,NA,NA,208.3
"DEREKCARR","QB","fp","Derek Carr","OAK",26,34,584.6,346.1,3811.4,20.6,15.5,30,98.6,0.7,NA,NA,NA,NA,NA,5.5,NA,NA,206.9
"DEMARYIUSTHOMAS","WR","fp","Demaryius Thomas","DEN",2,35,NA,NA,NA,NA,NA,0,0,0,101.7,1385.7,11.4,NA,NA,0.5,NA,NA,206.2
"NICKFOLES","QB","fp","Nick Foles","STL",27,36,501.2,305.3,3472.8,19.9,14.1,38.4,165.2,1,NA,NA,NA,NA,NA,4.1,NA,NA,204.8
"DEMARCOMURRAY","RB","fp","DeMarco Murray","PHI",8,37,NA,NA,NA,NA,NA,258.9,1181.6,10.1,37.5,272.3,1,NA,NA,4.8,NA,NA,202
"ODELLBECKHAM","WR","fp","Odell Beckham Jr.","NYG",3,38,NA,NA,NA,NA,NA,5.2,34.9,0.1,101.6,1385.9,10.1,NA,NA,1.3,NA,NA,200.4
"DEZBRYANT","WR","fp","Dez Bryant","DAL",4,39,NA,NA,NA,NA,NA,0.1,0.4,0,89.1,1326.5,11.4,NA,NA,0.8,NA,NA,199.6
"JEREMYHILL","RB","fp","Jeremy Hill","CIN",9,40,NA,NA,NA,NA,NA,256.7,1183.9,9,28.5,223.7,1,NA,NA,4,NA,NA,192.8
"CALVINJOHNSON","WR","fp","Calvin Johnson","DET",5,41,NA,NA,NA,NA,NA,0,0,0,86.9,1310.7,10,NA,NA,0.5,NA,NA,190.3
"JULIOJONES","WR","fp","Julio Jones","ATL",6,42,NA,NA,NA,NA,NA,1.7,10.1,0,101.9,1406.9,8.3,NA,NA,1.8,NA,NA,187.8
"RANDALLCOBB","WR","fp","Randall Cobb","GB",7,43,NA,NA,NA,NA,NA,9.3,72.3,0.1,91.9,1259.1,9.3,NA,NA,1.5,NA,NA,186.1
"LESEANMCCOY","RB","fp","LeSean McCoy","BUF",10,44,NA,NA,NA,NA,NA,282.5,1236.2,6.2,35.2,242,0.9,NA,NA,2.9,NA,NA,185
"JUSTINFORSETT","RB","fp","Justin Forsett","BAL",11,45,NA,NA,NA,NA,NA,216.1,1043.5,5.7,53.4,376.2,1.4,NA,NA,1.8,NA,NA,181.1
"AJGREEN","WR","fp","A.J. Green","CIN",8,46,NA,NA,NA,NA,NA,2.7,17.1,0,93.8,1289.2,8.3,NA,NA,2.2,NA,NA,176.2
"LAMARMILLER","RB","fp","Lamar Miller","MIA",12,47,NA,NA,NA,NA,NA,228.1,1055.2,6.7,38.2,284,1.1,NA,NA,2.6,NA,NA,175.2
"ROBGRONKOWSKI","TE","fp","Rob Gronkowski","NE",1,48,NA,NA,NA,NA,NA,NA,NA,NA,84.3,1101.2,10.4,NA,NA,0.3,NA,NA,172.1
"MARKINGRAM","RB","fp","Mark Ingram","NO",13,49,NA,NA,NA,NA,NA,230.3,1004.8,9,26.5,178,0.6,NA,NA,2,NA,NA,171.7
"ALSHONJEFFERY","WR","fp","Alshon Jeffery","CHI",9,50,NA,NA,NA,NA,NA,5.4,34.9,0,85.8,1170.9,8.6,NA,NA,0.8,NA,NA,170.7
"TYRODTAYLOR","QB","fp","Tyrod Taylor","BUF",28,51,395.2,239.5,2615.7,15.2,14,62.2,297.5,1.7,NA,NA,NA,NA,NA,3.5,NA,NA,170.4
"LATAVIUSMURRAY","RB","fp","Latavius Murray","OAK",14,52,NA,NA,NA,NA,NA,221.6,1000.5,5.9,33.1,265.8,1,NA,NA,1.6,NA,NA,165.1
"MELVINGORDON","RB","fp","Melvin Gordon","SD",15,53,NA,NA,NA,NA,NA,230.2,1023.6,5.7,31.1,248,1.3,NA,NA,2.2,NA,NA,164.9
"MIKEEVANS","WR","fp","Mike Evans","TB",10,54,NA,NA,NA,NA,NA,0,0,0,78.8,1164.7,8.3,NA,NA,0.7,NA,NA,164.7
"TYHILTON","WR","fp","T.Y. Hilton","IND",11,55,NA,NA,NA,NA,NA,2.7,17.4,0,84.9,1208.5,7.3,NA,NA,1.3,NA,NA,164.1
"FRANKGORE","RB","fp","Frank Gore","IND",16,56,NA,NA,NA,NA,NA,233.7,949.3,6.4,32.8,271.6,1.5,NA,NA,2.6,NA,NA,164
"JOSHMCCOWN","QB","fp","Josh McCown","CLE",29,57,437.5,253.8,3001.5,14,13.8,37.3,172.9,1.6,NA,NA,NA,NA,NA,6.3,NA,NA,163.2
"CARLOSHYDE","RB","fp","Carlos Hyde","SF",17,58,NA,NA,NA,NA,NA,239.6,1008.8,7.1,25.2,181.9,0.6,NA,NA,2,NA,NA,160.9
"EMMANUELSANDERS","WR","fp","Emmanuel Sanders","DEN",12,59,NA,NA,NA,NA,NA,4.8,30.6,0.1,82.5,1113.3,7.5,NA,NA,0.6,NA,NA,158.5
"ALFREDMORRIS","RB","fp","Alfred Morris","WAS",18,60,NA,NA,NA,NA,NA,235.2,1027.7,6.6,20.1,153.3,0.6,NA,NA,2,NA,NA,157.3
"KIRKCOUSINS","QB","fp","Kirk Cousins","WAS",30,61,413.4,255.6,3029.9,15.4,14.1,18.4,70.2,0.3,NA,NA,NA,NA,NA,3.9,NA,NA,155.7
"ARIANFOSTER","RB","fp","Arian Foster","HOU",19,62,NA,NA,NA,NA,NA,191.8,873.9,5.4,32.9,271.4,2,NA,NA,1.9,NA,NA,154.8
"BRANDINCOOKS","WR","fp","Brandin Cooks","NO",13,63,NA,NA,NA,NA,NA,9.9,71.7,0.1,89.1,1102.1,5.9,NA,NA,0.6,NA,NA,152.3
"ANDREELLINGTON","RB","fp","Andre Ellington","ARI",20,64,NA,NA,NA,NA,NA,187.2,751.2,4,50.6,444,1.9,NA,NA,2.2,NA,NA,150.3
"DEANDREHOPKINS","WR","fp","DeAndre Hopkins","HOU",14,65,NA,NA,NA,NA,NA,0,0,0,82.7,1166.1,5.9,NA,NA,1.6,NA,NA,148.9
"TODDGURLEY","RB","fp","Todd Gurley","STL",21,66,NA,NA,NA,NA,NA,201.8,909.5,6.2,25.6,204.4,0.8,NA,NA,2.2,NA,NA,148.4
"TJYELDON","RB","fp","T.J. Yeldon","JAC",22,67,NA,NA,NA,NA,NA,199,869.1,5.4,32.8,253.2,1,NA,NA,2.1,NA,NA,146.5
"JONATHANSTEWART","RB","fp","Jonathan Stewart","CAR",23,68,NA,NA,NA,NA,NA,204.8,909.9,5.1,29.7,221.3,1,NA,NA,1.5,NA,NA,146.4
"JORDANMATTHEWS","WR","fp","Jordan Matthews","PHI",15,69,NA,NA,NA,NA,NA,0,0,0,74.2,990.2,7.7,NA,NA,0.6,NA,NA,144.1
"BRIANHOYER","QB","fp","Brian Hoyer","HOU",31,70,390.6,230,2710.5,14.2,12,23.6,47.8,0.5,NA,NA,NA,NA,NA,3.1,NA,NA,143
"JULIANEDELMAN","WR","fp","Julian Edelman","NE",16,71,NA,NA,NA,NA,NA,7.2,54,0.1,96.4,1008.9,6.4,NA,NA,1.3,NA,NA,142.1
"CHRISIVORY","RB","fp","Christopher Ivory","NYJ",24,72,NA,NA,NA,NA,NA,205.8,906,5.2,25.3,174.4,0.8,NA,NA,1.9,NA,NA,140.3
"DESEANJACKSON","WR","fp","DeSean Jackson","WAS",17,73,NA,NA,NA,NA,NA,4.1,21.8,0,65.3,1035.6,5.8,NA,NA,0.4,NA,NA,139.6
"JOSEPHRANDLE","RB","fp","Joseph Randle","DAL",25,74,NA,NA,NA,NA,NA,199.4,911.3,6.1,18.6,140.9,0.6,NA,NA,3.4,NA,NA,139.1
"LEGARRETTEBLOUNT","RB","fp","LeGarrette Blount","NE",26,75,NA,NA,NA,NA,NA,187.4,831.7,7.8,14.5,100.7,0.4,NA,NA,1.6,NA,NA,139.1
"RYANFITZPATRICK","QB","fp","Ryan Fitzpatrick","NYJ",32,76,317.8,193.2,2236.3,13.4,9.9,34.3,143.1,0.9,NA,NA,NA,NA,NA,2,NA,NA,138.7
"RASHADJENNINGS","RB","fp","Rashad Jennings","NYG",27,77,NA,NA,NA,NA,NA,189.7,784,5.8,30.8,235.7,0.8,NA,NA,1.4,NA,NA,138.5
"JOIQUEBELL","RB","fp","Joique Bell","DET",28,78,NA,NA,NA,NA,NA,181.7,729.6,6.1,32.3,283,1,NA,NA,2.5,NA,NA,138.4
"STEPHENGOSTKOWSKI","K","fp","Stephen Gostkowski","NE",1,79,NA,NA,NA,NA,NA,NA,NA,NA,NA,NA,NA,NA,NA,NA,30.5,46.4,137.8
"GOLDENTATE","WR","fp","Golden Tate","DET",18,80,NA,NA,NA,NA,NA,2.6,15.5,0,80.9,1045.2,5.4,NA,NA,0.6,NA,NA,137.3
"ANDREJOHNSON","WR","fp","Andre Johnson","IND",19,81,NA,NA,NA,NA,NA,0,0,0,78.2,973.1,7.3,NA,NA,2.2,NA,NA,136.4
"JIMMYGRAHAM","TE","fp","Jimmy Graham","SEA",2,82,NA,NA,NA,NA,NA,NA,NA,NA,68.9,837.5,8.7,NA,NA,1.2,NA,NA,133.7
"KEENANALLEN","WR","fp","Keenan Allen","SD",20,83,NA,NA,NA,NA,NA,0,0,0,80.4,1024.7,5.6,NA,NA,1.4,NA,NA,133.5
"JEREMYMACLIN","WR","fp","Jeremy Maclin","KC",21,84,NA,NA,NA,NA,NA,0,0,0,73,958.8,6.4,NA,NA,0.4,NA,NA,133.4
"BRANDONMARSHALL","WR","fp","Brandon Marshall","NYJ",22,85,NA,NA,NA,NA,NA,0.2,0.4,0,74.1,961.4,6.4,NA,NA,1,NA,NA,132.6
"SAMMYWATKINS","WR","fp","Sammy Watkins","BUF",23,86,NA,NA,NA,NA,NA,2.8,16.3,0,65,943.3,6,NA,NA,1.1,NA,NA,130.1
"MASONCROSBY","K","fp","Mason Crosby","GB",2,87,NA,NA,NA,NA,NA,NA,NA,NA,NA,NA,NA,NA,NA,NA,27.5,47.4,129.8
"JUSTINTUCKER","K","fp","Justin Tucker","BAL",3,88,NA,NA,NA,NA,NA,NA,NA,NA,NA,NA,NA,NA,NA,NA,30.3,38.7,129.7
"DAVANTEADAMS","WR","fp","Davante Adams","GB",24,89,NA,NA,NA,NA,NA,0,0,0,70,919.7,6.3,NA,NA,0.4,NA,NA,129.1
"STEVENHAUSCHKA","K","fp","Steven Hauschka","SEA",4,90,NA,NA,NA,NA,NA,NA,NA,NA,NA,NA,NA,NA,NA,NA,29.4,40.7,128.9
"CODYPARKEY","K","fp","Cody Parkey","PHI",5,91,NA,NA,NA,NA,NA,NA,NA,NA,NA,NA,NA,NA,NA,NA,28.3,43.7,128.4
"GIOVANIBERNARD","RB","fp","Giovani Bernard","CIN",29,92,NA,NA,NA,NA,NA,133,550.1,4,50.3,397,1.7,NA,NA,1.1,NA,NA,126.6
"ADAMVINATIERI","K","fp","Adam Vinatieri","IND",6,93,NA,NA,NA,NA,NA,NA,NA,NA,NA,NA,NA,NA,NA,NA,27.3,44.4,126.5
"GARRETTHARTLEY","K","fp","Garrett Hartley","PIT",7,94,NA,NA,NA,NA,NA,NA,NA,NA,NA,NA,NA,NA,NA,NA,27,45,126
"VINCENTJACKSON","WR","fp","Vincent Jackson","TB",25,95,NA,NA,NA,NA,NA,0.1,-0.2,0,66,986.7,4.8,NA,NA,0.9,NA,NA,125.9
"BRANDONMCMANUS","K","fp","Brandon McManus","DEN",8,96,NA,NA,NA,NA,NA,NA,NA,NA,NA,NA,NA,NA,NA,NA,26.4,46.8,125.9
"ISAIAHCROWELL","RB","fp","Isaiah Crowell","CLE",30,97,NA,NA,NA,NA,NA,197.3,824.8,5.5,18.1,140.8,0.5,NA,NA,3.3,NA,NA,125.7
"AMARICOOPER","WR","fp","Amari Cooper","OAK",26,98,NA,NA,NA,NA,NA,1.9,12.3,0,71.8,943.1,5.2,NA,NA,0.8,NA,NA,125.2
"GREGOLSEN","TE","fp","Greg Olsen","CAR",3,99,NA,NA,NA,NA,NA,NA,NA,NA,76.6,914.4,5.6,NA,NA,0.6,NA,NA,123.6
"DANBAILEY","K","fp","Dan Bailey","DAL",9,100,NA,NA,NA,NA,NA,NA,NA,NA,NA,NA,NA,NA,NA,NA,25.7,46.7,123.6
"AMEERABDULLAH","RB","fp","Ameer Abdullah","DET",31,101,NA,NA,NA,NA,NA,138.4,592.8,4.3,41,322.6,1.6,NA,NA,1.9,NA,NA,123
"TEVINCOLEMAN","RB","fp","Tevin Coleman","ATL",32,102,NA,NA,NA,NA,NA,161.4,667.6,5.4,27.9,211.7,0.9,NA,NA,1.9,NA,NA,121.8
"STEVESMITH","WR","fp","Steve Smith","BAL",27,103,NA,NA,NA,NA,NA,0,0,0,70.2,932.6,5.2,NA,NA,1.3,NA,NA,121.6
"CJSPILLER","RB","fp","C.J. Spiller","NO",33,104,NA,NA,NA,NA,NA,108.3,471.6,2.6,61,475.5,2.9,NA,NA,3,NA,NA,121.5
"DEVONTAFREEMAN","RB","fp","Devonta Freeman","ATL",34,105,NA,NA,NA,NA,NA,155.1,602.2,4,39.1,328.5,1.1,NA,NA,1.5,NA,NA,120.8
"JARVISLANDRY","WR","fp","Jarvis Landry","MIA",28,106,NA,NA,NA,NA,NA,2.2,13.6,0,83.8,920,5.1,NA,NA,1.8,NA,NA,120.4
"MATTBRYANT","K","fp","Matt Bryant","ATL",10,107,NA,NA,NA,NA,NA,NA,NA,NA,NA,NA,NA,NA,NA,NA,27.5,37.8,120.2
"CHANDLERCATANZARO","K","fp","Chandler Catanzaro","ARI",11,108,NA,NA,NA,NA,NA,NA,NA,NA,NA,NA,NA,NA,NA,NA,28.7,33.5,119.6
"ANQUANBOLDIN","WR","fp","Anquan Boldin","SF",29,109,NA,NA,NA,NA,NA,0.1,0.6,0,72.9,935.2,4.3,NA,NA,0.5,NA,NA,118.5
"MIKEWALLACE","WR","fp","Mike Wallace","MIN",30,110,NA,NA,NA,NA,NA,0.9,7.7,0,59.1,859.6,5.6,NA,NA,0.9,NA,NA,118.5
"DOUGMARTIN","RB","fp","Doug Martin","TB",35,111,NA,NA,NA,NA,NA,195.6,768.8,4.4,23.4,152.6,0.2,NA,NA,1.4,NA,NA,117.6
"ALLENROBINSON","WR","fp","Allen Robinson","JAC",31,112,NA,NA,NA,NA,NA,0,0,0,73.4,899.9,4.8,NA,NA,0.5,NA,NA,117.6
"ERICDECKER","WR","fp","Eric Decker","NYJ",32,113,NA,NA,NA,NA,NA,0,0,0,66.5,885.9,4.9,NA,NA,0.3,NA,NA,117.1
"DUSTINHOPKINS","K","fp","Dustin Hopkins","NO",12,114,NA,NA,NA,NA,NA,NA,NA,NA,NA,NA,NA,NA,NA,NA,24.9,42.4,117.1
"TRAVISKELCE","TE","fp","Travis Kelce","KC",4,115,NA,NA,NA,NA,NA,NA,NA,NA,73.3,848.3,6.1,NA,NA,2.1,NA,NA,117
"JOSHBROWN","K","fp","Josh Brown","NYG",13,116,NA,NA,NA,NA,NA,NA,NA,NA,NA,NA,NA,NA,NA,NA,26.4,37.6,116.9
"RODDYWHITE","WR","fp","Roddy White","ATL",33,117,NA,NA,NA,NA,NA,0,0,0,70.3,864.8,5.6,NA,NA,1.7,NA,NA,116.8
"DANCARPENTER","K","fp","Dan Carpenter","BUF",14,118,NA,NA,NA,NA,NA,NA,NA,NA,NA,NA,NA,NA,NA,NA,28,32.7,116.7
"MICHAELFLOYD","WR","fp","Michael Floyd","ARI",34,119,NA,NA,NA,NA,NA,0.1,0.3,0,54.9,833.6,5.9,NA,NA,1.4,NA,NA,116.3
"GRAHAMGANO","K","fp","Graham Gano","CAR",15,120,NA,NA,NA,NA,NA,NA,NA,NA,NA,NA,NA,NA,NA,NA,26.1,36.7,115.1
"NELSONAGHOLOR","WR","fp","Nelson Agholor","PHI",35,121,NA,NA,NA,NA,NA,0,0,0,60,819,5.8,NA,NA,0.8,NA,NA,114.8
"CALEBSTURGIS","K","fp","Caleb Sturgis","MIA",16,122,NA,NA,NA,NA,NA,NA,NA,NA,NA,NA,NA,NA,NA,NA,26.1,36.4,114.6
"BLAIRWALSH","K","fp","Blair Walsh","MIN",17,123,NA,NA,NA,NA,NA,NA,NA,NA,NA,NA,NA,NA,NA,NA,26.3,35.3,114.2
"MARQUESCOLSTON","WR","fp","Marques Colston","NO",36,124,NA,NA,NA,NA,NA,0,0,0,58,859.7,5,NA,NA,1,NA,NA,114.1
"PHILDAWSON","K","fp","Phil Dawson","SF",18,125,NA,NA,NA,NA,NA,NA,NA,NA,NA,NA,NA,NA,NA,NA,27.3,32.2,114
"NICKNOVAK","K","fp","Nick Novak","SD",19,126,NA,NA,NA,NA,NA,NA,NA,NA,NA,NA,NA,NA,NA,NA,25.7,36.9,113.9
"JOSHSCOBEE","K","fp","Josh Scobee","PIT",20,127,NA,NA,NA,NA,NA,NA,NA,NA,NA,NA,NA,NA,NA,NA,26.7,33.8,113.9
"TORREYSMITH","WR","fp","Torrey Smith","SF",37,128,NA,NA,NA,NA,NA,0,0,0,53.5,849.8,4.9,NA,NA,0.3,NA,NA,113.8
"MARTELLUSBENNETT","TE","fp","Martellus Bennett","CHI",5,129,NA,NA,NA,NA,NA,NA,NA,NA,77.7,819.2,5.3,NA,NA,0.3,NA,NA,113.2
"RANDYBULLOCK","K","fp","Randy Bullock","HOU",21,130,NA,NA,NA,NA,NA,NA,NA,NA,NA,NA,NA,NA,NA,NA,27.1,31.7,113.1
"LARRYFITZGERALD","WR","fp","Larry Fitzgerald","ARI",38,131,NA,NA,NA,NA,NA,0.1,0.4,0,70.4,866.2,4.8,NA,NA,1.3,NA,NA,112.8
"CAIROSANTOS","K","fp","Cairo Santos","KC",22,132,NA,NA,NA,NA,NA,NA,NA,NA,NA,NA,NA,NA,NA,NA,25.1,37.4,112.8
"JOHNBROWN","WR","fp","John Brown","ARI",39,133,NA,NA,NA,NA,NA,2.4,14.4,0,56.5,805.7,5.2,NA,NA,0.4,NA,NA,112.7
"NICKFOLK","K","fp","Nick Folk","NYJ",23,134,NA,NA,NA,NA,NA,NA,NA,NA,NA,NA,NA,NA,NA,NA,26.9,31.7,112.4
"CHARLESJOHNSON","WR","fp","Charles Johnson","MIN",40,135,NA,NA,NA,NA,NA,0.4,0.3,0,57.5,814.2,5.1,NA,NA,0.2,NA,NA,111.5
"GREGZUERLEIN","K","fp","Greg Zuerlein","STL",24,136,NA,NA,NA,NA,NA,NA,NA,NA,NA,NA,NA,NA,NA,NA,26.4,32.2,111.5
"DEVINFUNCHESS","WR","fp","Devin Funchess","CAR",41,137,NA,NA,NA,NA,NA,0,0,0,60.5,788.8,5.4,NA,NA,0.7,NA,NA,109.6
"MIKENUGENT","K","fp","Mike Nugent","CIN",25,138,NA,NA,NA,NA,NA,NA,NA,NA,NA,NA,NA,NA,NA,NA,24.6,35.5,109.3
"MATTPRATER","K","fp","Matt Prater","DET",26,139,NA,NA,NA,NA,NA,NA,NA,NA,NA,NA,NA,NA,NA,NA,23.9,37,108.7
"JASONWITTEN","TE","fp","Jason Witten","DAL",6,140,NA,NA,NA,NA,NA,NA,NA,NA,64.3,736.8,5.9,NA,NA,0.4,NA,NA,108.1
"PIERREGARCON","WR","fp","Pierre Garcon","WAS",42,141,NA,NA,NA,NA,NA,0.1,0.2,0,70.6,848.2,3.9,NA,NA,0.4,NA,NA,107.6
"SEBASTIANJANIKOWSKI","K","fp","Sebastian Janikowski","OAK",27,142,NA,NA,NA,NA,NA,NA,NA,NA,NA,NA,NA,NA,NA,NA,25.4,30.4,106.7
"KAIFORBATH","K","fp","Kai Forbath","WAS",28,143,NA,NA,NA,NA,NA,NA,NA,NA,NA,NA,NA,NA,NA,NA,24.5,33.1,106.6
"DOUGBALDWIN","WR","fp","Doug Baldwin","SEA",43,144,NA,NA,NA,NA,NA,1.3,8.5,0,57.8,767,5,NA,NA,0.7,NA,NA,106.3
"KENDALLWRIGHT","WR","fp","Kendall Wright","TEN",44,145,NA,NA,NA,NA,NA,2.4,16,0,70.9,807.1,4.3,NA,NA,1.2,NA,NA,105.8
"ROBBIEGOULD","K","fp","Robbie Gould","CHI",29,146,NA,NA,NA,NA,NA,NA,NA,NA,NA,NA,NA,NA,NA,NA,23.3,35.3,105.3
"TERRANCEWILLIAMS","WR","fp","Terrance Williams","DAL",45,147,NA,NA,NA,NA,NA,0.1,0.2,0,41.3,687.6,6.1,NA,NA,0.5,NA,NA,104.3
"MALCOMFLOYD","WR","fp","Malcom Floyd","SD",46,148,NA,NA,NA,NA,NA,0,0,0,43,761.1,4.7,NA,NA,0.2,NA,NA,103.7
"RUEBENRANDLE","WR","fp","Rueben Randle","NYG",47,149,NA,NA,NA,NA,NA,0,0,0,54.2,788,4.2,NA,NA,0.4,NA,NA,103.1
"TRAVISCOONS","K","fp","Travis Coons","CLE",30,150,NA,NA,NA,NA,NA,NA,NA,NA,NA,NA,NA,NA,NA,NA,23.8,30.2,101.7
"PATRICKMUR","K","fp","Patrick Mur","ray",31,151,NA,NA,NA,NA,NA,NA,NA,NA,NA,NA,NA,NA,NA,NA,23.6,30.3,101
"CONNORBA","K","fp","Connor Ba","rth",32,152,NA,NA,NA,NA,NA,NA,NA,NA,NA,NA,NA,NA,NA,NA,23.3,31,100.9
"RYANSUCCOP","K","fp","Ryan Succop","TEN",33,153,NA,NA,NA,NA,NA,NA,NA,NA,NA,NA,NA,NA,NA,NA,23.7,29.4,100.5
"BISHOPSANKEY","RB","fp","Bishop Sankey","TEN",36,154,NA,NA,NA,NA,NA,162.4,661.9,3.5,20.9,154.7,0.4,NA,NA,2.6,NA,NA,99.9
"RYANMATHEWS","RB","fp","Ryan Mathews","PHI",37,155,NA,NA,NA,NA,NA,128.7,587.4,5,14.6,121.6,0.6,NA,NA,2.4,NA,NA,99.7
"JASONMYERS","K","fp","Jason Myers","JAC",34,156,NA,NA,NA,NA,NA,NA,NA,NA,NA,NA,NA,NA,NA,NA,24.1,27.4,99.6
"DARRENMCFADDEN","RB","fp","Darren McFadden","DAL",38,157,NA,NA,NA,NA,NA,138.1,559.6,4.5,18.7,140.4,0.8,NA,NA,1.5,NA,NA,99.2
"BRANDONLAFELL","WR","fp","Brandon LaFell","NE",48,158,NA,NA,NA,NA,NA,0.3,2.1,0,53.4,715.1,5,NA,NA,1.1,NA,NA,99.2
"SHANEVEREEN","RB","fp","Shane Vereen","NYG",39,159,NA,NA,NA,NA,NA,84.7,349.3,2.4,47.9,423.7,1.7,NA,NA,1.3,NA,NA,99.1
"CAREYSP","K","fp","Carey Sp","ear",35,160,NA,NA,NA,NA,NA,NA,NA,NA,NA,NA,NA,NA,NA,NA,23.6,26.5,97.3
"VICTORCRUZ","WR","fp","Victor Cruz","NYG",49,161,NA,NA,NA,NA,NA,0,0,0,56.5,747.1,3.8,NA,NA,0.5,NA,NA,96.7
"EDDIEROYAL","WR","fp","Eddie Royal","CHI",50,162,NA,NA,NA,NA,NA,0.5,4,0,58.9,705.8,4.7,NA,NA,1.7,NA,NA,95.9
"ZACHERTZ","TE","fp","Zach Ertz","PHI",7,163,NA,NA,NA,NA,NA,NA,NA,NA,54.5,675.3,5,NA,NA,0.9,NA,NA,95.8
"BRIANQUICK","WR","fp","Brian Quick","STL",51,164,NA,NA,NA,NA,NA,0,0,0,51.5,718.7,4.1,NA,NA,0.7,NA,NA,95.3
"DWAYNEBOWE","WR","fp","Dwayne Bowe","CLE",52,165,NA,NA,NA,NA,NA,0,0,0,54.4,750.8,3.4,NA,NA,0.7,NA,NA,94.1
"ALFREDBLUE","RB","fp","Alfred Blue","HOU",40,166,NA,NA,NA,NA,NA,151.9,594.1,2.8,17.9,149.4,0.7,NA,NA,1,NA,NA,93.3
"DELANIEWALKER","TE","fp","Delanie Walker","TEN",8,167,NA,NA,NA,NA,NA,NA,NA,NA,58.1,681.9,4.3,NA,NA,0.9,NA,NA,92.2
"MARKUSWHEATON","WR","fp","Markus Wheaton","PIT",53,168,NA,NA,NA,NA,NA,3.2,19.4,0,55,699.2,3.2,NA,NA,0.4,NA,NA,90.6
"KENNYBRITT","WR","fp","Kenny Britt","STL",54,169,NA,NA,NA,NA,NA,0.2,0.1,0,46.9,682.4,3.8,NA,NA,0.4,NA,NA,90.3
"CHARLESSIMS","RB","fp","Charles Sims","TB",41,170,NA,NA,NA,NA,NA,108.8,417.4,2.4,39.9,341.4,0.8,NA,NA,2.6,NA,NA,90.2
"BRESHADPERRIMAN","WR","fp","Breshad Perriman","BAL",55,171,NA,NA,NA,NA,NA,0,0,0,45.3,642.4,4.5,NA,NA,0.6,NA,NA,90.2
"TREMASON","RB","fp","Tre Mason","STL",42,172,NA,NA,NA,NA,NA,133.4,585.3,2.7,19,155.8,0.5,NA,NA,1.7,NA,NA,90
"JORDANCAMERON","TE","fp","Jordan Cameron","MIA",9,173,NA,NA,NA,NA,NA,NA,NA,NA,51.4,618.8,4.5,NA,NA,0.4,NA,NA,88.3
"DWAYNEALLEN","TE","fp","Dwayne Allen","IND",10,174,NA,NA,NA,NA,NA,NA,NA,NA,41.9,495,6.6,NA,NA,0.4,NA,NA,88
"MARTAVISBRYANT","WR","fp","Martavis Bryant","PIT",56,175,NA,NA,NA,NA,NA,1.8,11,0,35.9,563.5,5.2,NA,NA,0.4,NA,NA,87.7
"MICHAELCRABTREE","WR","fp","Michael Crabtree","OAK",57,176,NA,NA,NA,NA,NA,0.1,0.8,0,58,656.4,3.7,NA,NA,0.3,NA,NA,87.4
"STEVEJOHNSON","WR","fp","Steve Johnson","SD",58,177,NA,NA,NA,NA,NA,0,-0.1,0,48.6,629.4,4.2,NA,NA,0.5,NA,NA,87.2
"DANNYWOODHEAD","RB","fp","Danny Woodhead","SD",43,178,NA,NA,NA,NA,NA,64.5,256,1.1,49.7,444.8,2.2,NA,NA,1.5,NA,NA,87.1
"BRANDONCOLEMAN","WR","fp","Brandon Coleman","NO",59,179,NA,NA,NA,NA,NA,0,0,0,43.3,631.5,4,NA,NA,0.6,NA,NA,86.2
"KENNYSTILLS","WR","fp","Kenny Stills","MIA",60,180,NA,NA,NA,NA,NA,2.2,13.7,0,44.9,651.8,3.4,NA,NA,0.4,NA,NA,86.1
"PERCYHARVIN","WR","fp","Percy Harvin","BUF",61,181,NA,NA,NA,NA,NA,14.9,91.5,0.6,52.4,575.5,3,NA,NA,1.8,NA,NA,85.1
"GENOSMITH","QB","fp","Geno Smith","NYJ",33,182,193.2,113.2,1338,7.9,6.8,24.5,116.7,1,NA,NA,NA,NA,NA,2,NA,NA,85
"COBYFLEENER","TE","fp","Coby Fleener","IND",11,183,NA,NA,NA,NA,NA,NA,NA,NA,44.6,551.1,4.9,NA,NA,0.3,NA,NA,84
"DUKEJOHNSON","RB","fp","Duke Johnson","CLE",44,184,NA,NA,NA,NA,NA,96.6,415.4,2.9,29.7,244.5,0.6,NA,NA,1.5,NA,NA,83.9
"DEVANTEPARKER","WR","fp","Devante Parker","MIA",62,185,NA,NA,NA,NA,NA,0,0,0,46.3,619.2,3.9,NA,NA,0.6,NA,NA,83.9
"HEATHMILLER","TE","fp","Heath Miller","PIT",12,186,NA,NA,NA,NA,NA,NA,NA,NA,58,636.4,3.9,NA,NA,1.8,NA,NA,83.4
"KYLERUDOLPH","TE","fp","Kyle Rudolph","MIN",13,187,NA,NA,NA,NA,NA,NA,NA,NA,51.9,560.4,4.6,NA,NA,0.3,NA,NA,83.4
"ANTONIOGATES","TE","fp","Antonio Gates","SD",14,188,NA,NA,NA,NA,NA,NA,NA,NA,44.3,520.8,5.3,NA,NA,0.6,NA,NA,82.7
"ALLENHURNS","WR","fp","Allen Hurns","JAC",63,189,NA,NA,NA,NA,NA,1.9,12.2,0,47,612.3,3.5,NA,NA,0.4,NA,NA,82.6
"OWENDANIELS","TE","fp","Owen Daniels","DEN",15,190,NA,NA,NA,NA,NA,NA,NA,NA,48.9,558,4.6,NA,NA,0.3,NA,NA,82.6
"REGGIEBUSH","RB","fp","Reggie Bush","SF",45,191,NA,NA,NA,NA,NA,87.2,381,1.8,38,299.3,0.9,NA,NA,1.4,NA,NA,81.1
"JORDANREED","TE","fp","Jordan Reed","WAS",16,192,NA,NA,NA,NA,NA,NA,NA,NA,59.7,612.3,3.7,NA,NA,1.2,NA,NA,81.1
"JONASGRAY","RB","fp","Jonas Gray","NE",46,193,NA,NA,NA,NA,NA,103.7,450.8,4.5,10.1,72.6,0.3,NA,NA,0.8,NA,NA,79.5
"JULIUSTHOMAS","TE","fp","Julius Thomas","JAC",17,194,NA,NA,NA,NA,NA,NA,NA,NA,48.8,549.6,4.2,NA,NA,0.7,NA,NA,79.1
"JAREDCOOK","TE","fp","Jared Cook","STL",18,195,NA,NA,NA,NA,NA,NA,NA,NA,48.7,579.8,3.5,NA,NA,0.3,NA,NA,78.3
"TYLEREIFERT","TE","fp","Tyler Eifert","CIN",19,196,NA,NA,NA,NA,NA,NA,NA,NA,52.9,558.3,3.7,NA,NA,0.5,NA,NA,76.9
"KNILEDAVIS","RB","fp","Knile Davis","KC",47,197,NA,NA,NA,NA,NA,103.4,404.3,4,16,124.5,0.7,NA,NA,2.2,NA,NA,76.5
"DARRENSPROLES","RB","fp","Darren Sproles","PHI",48,198,NA,NA,NA,NA,NA,49.7,228,2,43,377.7,1.2,NA,NA,1.6,NA,NA,76.4
"CODYLATIMER","WR","fp","Cody Latimer","DEN",64,199,NA,NA,NA,NA,NA,0,0,0,41.6,551.6,3.7,NA,NA,0.5,NA,NA,76.1
"MARVINJONES","WR","fp","Marvin Jones","CIN",65,200,NA,NA,NA,NA,NA,1.4,8.7,0,40,533.6,3.8,NA,NA,0.4,NA,NA,76.1
"LARRYDONNELL","TE","fp","Larry Donnell","NYG",20,201,NA,NA,NA,NA,NA,NA,NA,NA,51,544.4,4.4,NA,NA,2.4,NA,NA,75.9
"VERNONDAVIS","TE","fp","Vernon Davis","SF",21,202,NA,NA,NA,NA,NA,NA,NA,NA,42.5,526.3,4.1,NA,NA,0.5,NA,NA,75.9
"ROYHELU","RB","fp","Roy Helu","OAK",49,203,NA,NA,NA,NA,NA,71,303.1,1.8,38.6,315.3,1.1,NA,NA,1.8,NA,NA,75.7
"DAVIDCOBB","RB","fp","David Cobb","TEN",50,204,NA,NA,NA,NA,NA,108,446.8,3,15.4,125.6,0.4,NA,NA,1.2,NA,NA,75.3
"GREGJENNINGS","WR","fp","Greg Jennings","MIA",66,205,NA,NA,NA,NA,NA,0,0,0,40.3,542.2,3.6,NA,NA,0.4,NA,NA,75.2
"DAVIDJOHNSON","RB","fp","David Johnson","ARI",51,206,NA,NA,NA,NA,NA,96,383.4,2.7,23.7,192.4,0.5,NA,NA,1.3,NA,NA,74.3
"LORENZOTALIAFERRO","RB","fp","Lorenzo Taliaferro","BAL",52,207,NA,NA,NA,NA,NA,89.7,371.6,3.3,17.4,151.9,0.8,NA,NA,1.8,NA,NA,73.4
"ANDREWHAWKINS","WR","fp","Andrew Hawkins","CLE",67,208,NA,NA,NA,NA,NA,4.3,30.7,0,47.8,568.1,2.2,NA,NA,0.2,NA,NA,73.1
"JERMAINEKEARSE","WR","fp","Jermaine Kearse","SEA",68,209,NA,NA,NA,NA,NA,0.4,3,0,36.9,534.9,3.3,NA,NA,0.4,NA,NA,72.7
"MATTJONES","RB","fp","Matt Jones","WAS",53,210,NA,NA,NA,NA,NA,78.7,326.4,2.9,26.8,217.5,0.9,NA,NA,2.1,NA,NA,72.5
"CHARLESCLAY","TE","fp","Charles Clay","BUF",22,211,NA,NA,NA,NA,NA,NA,NA,NA,48.3,529.9,3.4,NA,NA,0.3,NA,NA,72.5
"COLEBEASLEY","WR","fp","Cole Beasley","DAL",69,212,NA,NA,NA,NA,NA,0,0,0,45.8,531.3,3.6,NA,NA,1.2,NA,NA,72.2
"AUSTINSEFERIANJENKINS","TE","fp","Austin Seferian-Jenkins","TB",23,213,NA,NA,NA,NA,NA,NA,NA,NA,49.5,549.3,3.4,NA,NA,1.6,NA,NA,71.9
"ANDREWILLIAMS","RB","fp","Andre Williams","NYG",54,214,NA,NA,NA,NA,NA,105.4,414.5,3.6,12.8,93.9,0.2,NA,NA,1.2,NA,NA,71.5
"JERRICHOCOTCHERY","WR","fp","Jerricho Cotchery","CAR",70,215,NA,NA,NA,NA,NA,0,1.1,0,43.5,539,2.9,NA,NA,0.3,NA,NA,71
"TYMONTGOMERY","WR","fp","Ty Montgomery","GB",71,216,NA,NA,NA,NA,NA,3,20.1,0,36.3,494,3.4,NA,NA,0.5,NA,NA,70.9
"PHILLYBROWN","WR","fp","Philly Brown","CAR",72,217,NA,NA,NA,NA,NA,4.8,33.1,0,35.9,515.3,2.8,NA,NA,1,NA,NA,69.9
"RONNIEHILLMAN","RB","fp","Ronnie Hillman","DEN",55,218,NA,NA,NA,NA,NA,85.3,357.1,2.7,17.9,141.1,0.8,NA,NA,1.2,NA,NA,68.7
"RICHARDRODGERS","TE","fp","Richard Rodgers","GB",24,219,NA,NA,NA,NA,NA,NA,NA,NA,37.4,416.6,4.6,NA,NA,0.4,NA,NA,68.5
"DANIELHERRON","RB","fp","Daniel Herron","IND",56,220,NA,NA,NA,NA,NA,76.4,324.9,2.3,26.9,215.6,0.7,NA,NA,2.1,NA,NA,68
"DENARDROBINSON","RB","fp","Denard Robinson","JAC",57,221,NA,NA,NA,NA,NA,89.3,377.4,2.2,25.5,165.8,0.7,NA,NA,2.2,NA,NA,67.1
"BRIANHARTLINE","WR","fp","Brian Hartline","CLE",73,222,NA,NA,NA,NA,NA,0,0,0,39.2,542.7,2.2,NA,NA,0.3,NA,NA,67.1
"LANCEDUNBAR","RB","fp","Lance Dunbar","DAL",58,223,NA,NA,NA,NA,NA,66.9,277.2,1.4,28,258.6,1,NA,NA,1,NA,NA,65.9
"ERICEBRON","TE","fp","Eric Ebron","DET",25,224,NA,NA,NA,NA,NA,NA,NA,NA,45.6,486.5,3,NA,NA,0.5,NA,NA,65.9
"JOSHHILL","TE","fp","Josh Hill","NO",26,225,NA,NA,NA,NA,NA,NA,NA,NA,38,413.2,4,NA,NA,0.4,NA,NA,64.8
"NATEWASHINGTON","WR","fp","Nate Washington","HOU",74,226,NA,NA,NA,NA,NA,0,0,0,33.7,496.5,2.4,NA,NA,0.4,NA,NA,63.4
"ROBERTWOODS","WR","fp","Robert Woods","BUF",75,227,NA,NA,NA,NA,NA,0,0.1,0,36,454.7,3,NA,NA,0.7,NA,NA,62
"TAVONAUSTIN","WR","fp","Tavon Austin","STL",76,228,NA,NA,NA,NA,NA,18.9,155.5,0.4,35,342.8,1.6,NA,NA,0.3,NA,NA,61.5
"CECILSHORTS","WR","fp","Cecil Shorts","HOU",77,229,NA,NA,NA,NA,NA,0,0,0,39.3,500.4,2.3,NA,NA,1.1,NA,NA,61.4
"JAMESSTARKS","RB","fp","James Starks","GB",59,230,NA,NA,NA,NA,NA,78.9,336,1.7,18.7,142.5,0.7,NA,NA,0.9,NA,NA,60.8
"BENJAMINWATSON","TE","fp","Benjamin Watson","NO",27,231,NA,NA,NA,NA,NA,NA,NA,NA,41.7,435.8,3,NA,NA,0.4,NA,NA,60.8
"MYCHALRIVERA","TE","fp","Mychal Rivera","OAK",28,232,NA,NA,NA,NA,NA,NA,NA,NA,41.5,436.1,3.2,NA,NA,0.9,NA,NA,60.8
"DAMIENWILLIAMS","RB","fp","Damien Williams","MIA",60,233,NA,NA,NA,NA,NA,77.9,306.5,2,18,154.1,0.5,NA,NA,0.8,NA,NA,59.4
"MOHAMEDSANU","WR","fp","Mohamed Sanu","CIN",78,234,NA,NA,NA,NA,NA,4.6,30.7,0.1,33.3,403.7,2.7,NA,NA,0.2,NA,NA,59.4
"RYANMALLETT","QB","fp","Ryan Mallett","HOU",34,235,145.2,87.2,1049.2,5.3,4,14.8,35.5,0.3,NA,NA,NA,NA,NA,0.6,NA,NA,59.3
"LADARIUSGREEN","TE","fp","Ladarius Green","SD",29,236,NA,NA,NA,NA,NA,NA,NA,NA,33.8,417.7,2.9,NA,NA,0.2,NA,NA,58.9
"LEONARDHANKERSON","WR","fp","Leonard Hankerson","ATL",79,237,NA,NA,NA,NA,NA,0,0,0,32.8,408.5,3,NA,NA,0.3,NA,NA,58.4
"REGGIEWAYNE","WR","fp","Reggie Wayne","NE",80,238,NA,NA,NA,NA,NA,0,0,0,37.5,453.7,2.3,NA,NA,0.6,NA,NA,58.1
"JEFFCUMBERLAND","TE","fp","Jeff Cumberland","NYJ",30,239,NA,NA,NA,NA,NA,NA,NA,NA,33.8,386.7,3.2,NA,NA,0.3,NA,NA,57.5
"TERRANCEWEST","RB","fp","Terrance West","CLE",61,240,NA,NA,NA,NA,NA,82.5,342.1,2.1,13.3,98.1,0.5,NA,NA,1.4,NA,NA,56.7
"DONTEMONCRIEF","WR","fp","Donte Moncrief","IND",81,241,NA,NA,NA,NA,NA,2.5,15.9,0,28.5,390.5,2.7,NA,NA,0.3,NA,NA,56.4
"MARQISELEE","WR","fp","Marqise Lee","JAC",82,242,NA,NA,NA,NA,NA,0.5,1.8,0,38.4,459,1.8,NA,NA,0.4,NA,NA,56.2
"KAMARAIKEN","WR","fp","Kamar Aiken","BAL",83,243,NA,NA,NA,NA,NA,0,0,0,30,387.3,3,NA,NA,0.4,NA,NA,55.9
"TAYLORGABRIEL","WR","fp","Taylor Gabriel","CLE",84,244,NA,NA,NA,NA,NA,1.3,10.8,0,29.2,429.4,2,NA,NA,0.2,NA,NA,55.8
"BILALPOWELL","RB","fp","Bilal Powell","NYJ",62,245,NA,NA,NA,NA,NA,55,226.9,1.5,28.2,219,0.6,NA,NA,0.8,NA,NA,55.3
"JERICKMCKINNON","RB","fp","Jerick McKinnon","MIN",63,246,NA,NA,NA,NA,NA,60.4,284.8,1.6,23.4,155.9,0.4,NA,NA,0.6,NA,NA,54.6
"TYLERLOCKETT","WR","fp","Tyler Lockett","SEA",85,247,NA,NA,NA,NA,NA,1.1,7.4,0,28.8,408.1,2.3,NA,NA,0.4,NA,NA,54.5
"ANDREROBERTS","WR","fp","Andre Roberts","WAS",86,248,NA,NA,NA,NA,NA,1.3,6.9,0,34.5,435.7,2.2,NA,NA,1.4,NA,NA,54.4
"HARRYDOUGLAS","WR","fp","Harry Douglas","TEN",87,249,NA,NA,NA,NA,NA,0,0,0,35.4,431.3,2,NA,NA,0.4,NA,NA,54.4
"PHILLIPDORSETT","WR","fp","Phillip Dorsett","IND",88,250,NA,NA,NA,NA,NA,2,12.9,0,29,384.6,2.6,NA,NA,0.5,NA,NA,54.3
"JARIUSWRIGHT","WR","fp","Jarius Wright","MIN",89,251,NA,NA,NA,NA,NA,2.5,16.6,0,29.5,385,2.2,NA,NA,0.2,NA,NA,53
"JACOBTAMME","TE","fp","Jacob Tamme","ATL",31,252,NA,NA,NA,NA,NA,NA,NA,NA,38.3,391,2.6,NA,NA,0.9,NA,NA,53
"MAXXWILLIAMS","TE","fp","Maxx Williams","BAL",32,253,NA,NA,NA,NA,NA,NA,NA,NA,32.8,367.9,2.8,NA,NA,0.4,NA,NA,52.8
"DANNYAMENDOLA","WR","fp","Danny Amendola","NE",90,254,NA,NA,NA,NA,NA,0.1,0.1,0,36.8,378.4,2.5,NA,NA,0.3,NA,NA,52.1
"RODSTREATER","WR","fp","Rod Streater","OAK",91,255,NA,NA,NA,NA,NA,0,0.1,0,29.4,399.5,2.2,NA,NA,0.6,NA,NA,52
"JEFFJANIS","WR","fp","Jeff Janis","GB",92,256,NA,NA,NA,NA,NA,0,0,0,26.6,375,2.5,NA,NA,0.4,NA,NA,52
"JAMESWHITE","RB","fp","James White","NE",64,257,NA,NA,NA,NA,NA,45.8,189.4,1,27.5,212.4,1.2,NA,NA,0.8,NA,NA,51.8
"DEANGELOWILLIAMS","RB","fp","DeAngelo Williams","PIT",65,258,NA,NA,NA,NA,NA,82.8,341.8,1.6,11.6,98.6,0.2,NA,NA,1.8,NA,NA,51.3
"BRENTCELEK","TE","fp","Brent Celek","PHI",33,259,NA,NA,NA,NA,NA,NA,NA,NA,31.2,352.5,2.9,NA,NA,0.9,NA,NA,50.9
"DEXTERMCCLUSTER","RB","fp","Dexter McCluster","TEN",66,260,NA,NA,NA,NA,NA,39.3,154.7,0.7,30.8,261.6,1,NA,NA,0.8,NA,NA,50.3
"ROBERTTURBIN","RB","fp","Robert Turbin","SEA",67,261,NA,NA,NA,NA,NA,63.1,267.6,1.2,15.2,131.2,0.8,NA,NA,0.8,NA,NA,50
"RAYR","RB","fp","Ray R","ice",68,262,NA,NA,NA,NA,NA,67,275,2,14,100,0,NA,NA,0,NA,NA,49.5
"BENNYCUNNINGHAM","RB","fp","Benny Cunningham","STL",69,263,NA,NA,NA,NA,NA,41.3,166.1,0.9,28.5,229.3,0.9,NA,NA,0.6,NA,NA,49.2
"JAVORIUSALLEN","RB","fp","Javorius Allen","BAL",70,264,NA,NA,NA,NA,NA,64.5,282.8,1.8,13,102.3,0.3,NA,NA,1,NA,NA,49
"RILEYCOOPER","WR","fp","Riley Cooper","PHI",93,265,NA,NA,NA,NA,NA,0,0,0,27,363.7,2.3,NA,NA,0.6,NA,NA,49
"THEORIDDICK","RB","fp","Theo Riddick","DET",71,266,NA,NA,NA,NA,NA,28,106.8,0.5,29.1,254.5,1.9,NA,NA,0.7,NA,NA,48.6
"BRANDENOLIVER","RB","fp","Branden Oliver","SD",72,267,NA,NA,NA,NA,NA,65,254.9,2,13.2,104.9,0.3,NA,NA,0.6,NA,NA,48.6
"ANDREHOLMES","WR","fp","Andre Holmes","OAK",94,268,NA,NA,NA,NA,NA,0,0,0,23.3,364,2.1,NA,NA,0.2,NA,NA,48.5
"DEVINSMITH","WR","fp","Devin Smith","NYJ",95,269,NA,NA,NA,NA,NA,0.6,5,0,25.4,354.3,2.1,NA,NA,0.4,NA,NA,48
"CHRISCONLEY","WR","fp","Chris Conley","KC",96,270,NA,NA,NA,NA,NA,0,0,0,29,359.5,2.1,NA,NA,0.4,NA,NA,47.6
"GARRETTGRAHAM","TE","fp","Garrett Graham","HOU",34,271,NA,NA,NA,NA,NA,NA,NA,NA,32.1,338,2.4,NA,NA,0.6,NA,NA,46.8
"MIKETOLBERT","RB","fp","Mike Tolbert","CAR",73,272,NA,NA,NA,NA,NA,48.1,163.3,1.7,18.4,132.6,1,NA,NA,0.2,NA,NA,45.5
"CROCKETTGILLMORE","TE","fp","Crockett Gillmore","BAL",35,273,NA,NA,NA,NA,NA,NA,NA,NA,27.6,306.7,2.6,NA,NA,0.3,NA,NA,45.5
"JAELENSTRONG","WR","fp","Jaelen Strong","HOU",97,274,NA,NA,NA,NA,NA,0,0,0,26.2,352.3,1.8,NA,NA,0.5,NA,NA,45.4
"CORDARRELLEPATTERSON","WR","fp","Cordarrelle Patterson","MIN",98,275,NA,NA,NA,NA,NA,8.2,63.9,0.3,24.7,298.3,1.5,NA,NA,0.7,NA,NA,45.3
"ROBERTGRIFFIN","QB","fp","Robert Griffin III","WAS",35,276,96.8,60,705.8,3.7,2.8,14.7,83.3,0.5,NA,NA,NA,NA,NA,2,NA,NA,44.7
"CHRISJOHNSON","RB","fp","Chris Johnson","ARI",74,277,NA,NA,NA,NA,NA,60.7,247.7,1.4,13.1,98.9,0.6,NA,NA,1,NA,NA,44.6
"LANCEKENDRICKS","TE","fp","Lance Kendricks","STL",36,278,NA,NA,NA,NA,NA,NA,NA,NA,25.5,266.5,3,NA,NA,0.3,NA,NA,44.3
"ALBERTWILSON","WR","fp","Albert Wilson","KC",99,279,NA,NA,NA,NA,NA,0,0,0,26,342.3,1.7,NA,NA,0.3,NA,NA,44
"LOUISMURPHY","WR","fp","Louis Murphy","TB",100,280,NA,NA,NA,NA,NA,0,0,0,27.1,345.6,1.8,NA,NA,0.6,NA,NA,43.9
"STEDMANBAILEY","WR","fp","Stedman Bailey","STL",101,281,NA,NA,NA,NA,NA,0.1,0.7,0,26,340.8,1.6,NA,NA,0.2,NA,NA,43.5
"DORIALGREENBECKHAM","WR","fp","Dorial Green-Beckham","TEN",102,282,NA,NA,NA,NA,NA,0,0,0,23.3,315.7,2,NA,NA,0.2,NA,NA,43.2
"ANDREWQUARLESS","TE","fp","Andrew Quarless","GB",37,283,NA,NA,NA,NA,NA,NA,NA,NA,25.4,285.8,2.5,NA,NA,0.2,NA,NA,43.2
"HAKEEMNICKS","WR","fp","Hakeem Nicks","TEN",103,284,NA,NA,NA,NA,NA,0,0,0,25.8,330.1,1.6,NA,NA,0.2,NA,NA,42.4
"MONTEEBALL","RB","fp","Montee Ball","DEN",75,285,NA,NA,NA,NA,NA,57.5,236.1,1.9,8.1,58,0.4,NA,NA,0.7,NA,NA,41.5
"MARQUESSWILSON","WR","fp","Marquess Wilson","CHI",104,286,NA,NA,NA,NA,NA,0,0,0,27.1,313.6,1.8,NA,NA,0.3,NA,NA,41.5
"GAVINESCOBAR","TE","fp","Gavin Escobar","DAL",38,287,NA,NA,NA,NA,NA,NA,NA,NA,18.6,226.7,3.2,NA,NA,0.3,NA,NA,41.5
"JUSTINHUNTER","WR","fp","Justin Hunter","TEN",105,288,NA,NA,NA,NA,NA,0,0,0,18.9,310.6,1.6,NA,NA,0.2,NA,NA,40.3
"VIRGILGREEN","TE","fp","Virgil Green","DEN",39,289,NA,NA,NA,NA,NA,NA,NA,NA,26.6,267.1,2.3,NA,NA,0.3,NA,NA,39.7
"STEVANRIDLEY","RB","fp","Stevan Ridley","NYJ",76,290,NA,NA,NA,NA,NA,62.6,265,1.9,5.5,38.5,0.1,NA,NA,1.3,NA,NA,39.6
"ROBHOUSLER","TE","fp","Rob Housler","CLE",40,291,NA,NA,NA,NA,NA,NA,NA,NA,26.3,295,1.8,NA,NA,0.3,NA,NA,39.5
"KARLOSWILLIAMS","RB","fp","Karlos Williams","BUF",77,292,NA,NA,NA,NA,NA,52.2,215.1,1.5,11.3,87.5,0.3,NA,NA,1.3,NA,NA,38.9
"KEVINWHITE","WR","fp","Kevin White","CHI",106,293,NA,NA,NA,NA,NA,0,0,0,21.7,299.3,1.6,NA,NA,0.3,NA,NA,38.7
"CAMERONARTISPAYNE","RB","fp","Cameron Artis-Payne","CAR",78,294,NA,NA,NA,NA,NA,53.8,220.2,1.5,8.4,69.5,0.2,NA,NA,0.4,NA,NA,38.1
"JACQUIZZRODGERS","RB","fp","Jacquizz Rodgers","CHI",79,295,NA,NA,NA,NA,NA,45.6,178.1,1.1,18.1,124.8,0.5,NA,NA,0.9,NA,NA,37.9
"MARLONBROWN","WR","fp","Marlon Brown","BAL",107,296,NA,NA,NA,NA,NA,0,0.1,0,22.7,273.7,1.8,NA,NA,0.2,NA,NA,37.8
"MARCEDESLEWIS","TE","fp","Marcedes Lewis","JAC",41,297,NA,NA,NA,NA,NA,NA,NA,NA,22.6,259.6,2.1,NA,NA,0.6,NA,NA,37.3
"JEREMYKERLEY","WR","fp","Jeremy Kerley","NYJ",108,298,NA,NA,NA,NA,NA,1.4,8.9,0,22,271.5,1.6,NA,NA,0.2,NA,NA,37.2
"JUSTINHARDY","WR","fp","Justin Hardy","ATL",109,299,NA,NA,NA,NA,NA,0,0,0,21.7,273.9,1.5,NA,NA,0.2,NA,NA,36
"FREDJACKSON","RB","fp","Fred Jackson","BUF",80,300,NA,NA,NA,NA,NA,56,225,1,9,67,0,NA,NA,0,NA,NA,35.2
"TOBYGERHART","RB","fp","Toby Gerhart","JAC",81,301,NA,NA,NA,NA,NA,36.9,147.1,1.1,16,129.6,0.4,NA,NA,0.9,NA,NA,35.1
"QUINCYENUNWA","WR","fp","Quincy Enunwa","NYJ",110,302,NA,NA,NA,NA,NA,0,0,0,21.1,262.9,1.5,NA,NA,0.3,NA,NA,34.9
"SCOTTCHANDLER","TE","fp","Scott Chandler","NE",42,303,NA,NA,NA,NA,NA,NA,NA,NA,20.8,236.7,1.9,NA,NA,0.2,NA,NA,34.9
"TEDGINN","WR","fp","Ted Ginn","CAR",111,304,NA,NA,NA,NA,NA,3.2,20.2,0,18.5,264.7,1.5,NA,NA,1.3,NA,NA,34.8
"DARRENFELLS","TE","fp","Darren Fells","ARI",43,305,NA,NA,NA,NA,NA,NA,NA,NA,19.7,219.8,2.2,NA,NA,0.3,NA,NA,34.8
"BRANDONBOLDEN","RB","fp","Brandon Bolden","NE",82,306,NA,NA,NA,NA,NA,44.6,177.9,1.5,10.6,72,0.3,NA,NA,0.6,NA,NA,34.1
"CLIVEWALFORD","TE","fp","Clive Walford","OAK",44,307,NA,NA,NA,NA,NA,NA,NA,NA,20.4,236.7,1.7,NA,NA,0.2,NA,NA,33.4
"DIONSIMS","TE","fp","Dion Sims","MIA",45,308,NA,NA,NA,NA,NA,NA,NA,NA,21.2,234.6,1.7,NA,NA,0.3,NA,NA,33.3
"DEANTHONYTHOMAS","RB","fp","De'Anthony Thomas","KC",83,309,NA,NA,NA,NA,NA,12.3,71.3,0.2,24,180.5,1.1,NA,NA,0,NA,NA,33.2
"JOHNNYMANZIEL","QB","fp","Johnny Manziel","CLE",36,310,83.6,47.7,546.2,2.8,2.9,10.9,41,0.4,NA,NA,NA,NA,NA,0.8,NA,NA,32.1
"KHIRYROBINSON","RB","fp","Khiry Robinson","NO",84,311,NA,NA,NA,NA,NA,37.3,164.1,1.4,7.5,62.9,0.2,NA,NA,0.5,NA,NA,31.7
"QUINTONPATTON","WR","fp","Quinton Patton","SF",112,312,NA,NA,NA,NA,NA,1.2,7.5,0,20.7,264.4,1.1,NA,NA,1.3,NA,NA,31.3
"MARCELREECE","RB","fp","Marcel Reece","OAK",85,313,NA,NA,NA,NA,NA,18.9,77.7,0.5,20.4,175.6,0.7,NA,NA,0.7,NA,NA,31.1
"LUKEWILLSON","TE","fp","Luke Willson","SEA",46,314,NA,NA,NA,NA,NA,NA,NA,NA,16.6,216.4,1.6,NA,NA,0.1,NA,NA,31.1
"FOZZYWHITTAKER","RB","fp","Fozzy Whittaker","CAR",86,315,NA,NA,NA,NA,NA,36.1,143.2,0.7,8,81.9,0.9,NA,NA,0.8,NA,NA,30.6
"DEVINHESTER","WR","fp","Devin Hester","ATL",113,316,NA,NA,NA,NA,NA,3,18.9,0.1,19,244.1,1,NA,NA,1,NA,NA,30.5
"JERMAINEGRESHAM","TE","fp","Jermaine Gresham","ARI",47,317,NA,NA,NA,NA,NA,NA,NA,NA,22.4,217.4,1.6,NA,NA,0.6,NA,NA,30.1
"RYANGRANT","WR","fp","Ryan Grant","WAS",114,318,NA,NA,NA,NA,NA,0,0,0,16.2,239.4,1.1,NA,NA,0.3,NA,NA,29.9
"EJMANUEL","QB","fp","E.J. Manuel","BUF",37,319,72.6,42.9,483.3,3,2.2,8.9,32.2,0.1,NA,NA,NA,NA,NA,0.5,NA,NA,29.7
"COREYFULLER","WR","fp","Corey Fuller","DET",115,320,NA,NA,NA,NA,NA,1.3,8.8,0,16.7,240.1,1.2,NA,NA,1.4,NA,NA,29.5
"DANIELFELLS","TE","fp","Daniel Fells","NYG",48,321,NA,NA,NA,NA,NA,NA,NA,NA,17.5,195.4,2,NA,NA,1.2,NA,NA,29.3
"DEREKCARRIER","TE","fp","Derek Carrier","WAS",49,322,NA,NA,NA,NA,NA,NA,NA,NA,19.3,225.2,1.2,NA,NA,0.3,NA,NA,29.2
"JOSHROBINSON","RB","fp","Josh Robinson","IND",87,323,NA,NA,NA,NA,NA,44.3,185,0.7,7.6,59.8,0.1,NA,NA,0,NA,NA,29
"EDDICKSON","TE","fp","Ed Dickson","CAR",50,324,NA,NA,NA,NA,NA,NA,NA,NA,18.8,205.4,1.5,NA,NA,0.3,NA,NA,28.7
"DARRELYOUNG","RB","fp","Darrel Young","WAS",88,325,NA,NA,NA,NA,NA,8.4,35.3,1.5,9.2,83.5,1.3,NA,NA,0.1,NA,NA,28.5
"GARYBARNIDGE","TE","fp","Gary Barnidge","CLE",51,326,NA,NA,NA,NA,NA,NA,NA,NA,18,201,1.4,NA,NA,0.2,NA,NA,28
"JONATHANGRIMES","RB","fp","Jonathan Grimes","HOU",89,327,NA,NA,NA,NA,NA,34.2,136,0.6,9.4,82,0.4,NA,NA,0.4,NA,NA,27.4
"MATTSPAETH","TE","fp","Matt Spaeth","PIT",52,328,NA,NA,NA,NA,NA,NA,NA,NA,17.1,185.2,1.6,NA,NA,0.2,NA,NA,27.4
"JAMESOSHAUGHNESSY","TE","fp","James O'Shaughnessy","KC",53,329,NA,NA,NA,NA,NA,NA,NA,NA,19.7,190,1.5,NA,NA,0.3,NA,NA,27.2
"LAMICHAELJAMES","RB","fp","LaMichael James","MIA",90,330,NA,NA,NA,NA,NA,33.9,140.2,0.9,11,74.8,0.4,NA,NA,0.9,NA,NA,27.1
"JOSHHUFF","WR","fp","Josh Huff","PHI",116,331,NA,NA,NA,NA,NA,0.4,1.3,0,17.8,236.7,1.2,NA,NA,2,NA,NA,27
"RHETTELLISON","TE","fp","Rhett Ellison","MIN",54,332,NA,NA,NA,NA,NA,NA,NA,NA,16.6,191.8,1.3,NA,NA,0.1,NA,NA,26.7
"JASONAVANT","WR","fp","Jason Avant","KC",117,333,NA,NA,NA,NA,NA,0.2,0.3,0,20.4,213.9,0.8,NA,NA,0.2,NA,NA,25.8
"SHONNGRE","RB","fp","Shonn Gre","ene",91,334,NA,NA,NA,NA,NA,32.9,127.3,1.1,6.5,55,0.1,NA,NA,0,NA,NA,25.3
"BOBBYRAINEY","RB","fp","Bobby Rainey","TB",92,335,NA,NA,NA,NA,NA,30.2,128.3,0.8,10.1,78.6,0.1,NA,NA,0.5,NA,NA,25.3
"ANTONESMITH","RB","fp","Antone Smith","ATL",93,336,NA,NA,NA,NA,NA,23.6,118.6,0.8,7.4,65.1,0.4,NA,NA,0.2,NA,NA,25.1
"BRUCEMILLER","RB","fp","Bruce Miller","SF",94,337,NA,NA,NA,NA,NA,12.9,38.3,0.3,15.6,149.6,1,NA,NA,0.7,NA,NA,25
"CHRISMATTHEWS","WR","fp","Chris Matthews","SEA",118,338,NA,NA,NA,NA,NA,0,0,0,12.9,181.5,1.1,NA,NA,0.1,NA,NA,24.6
"CHRISGRAGG","TE","fp","Chris Gragg","BUF",55,339,NA,NA,NA,NA,NA,NA,NA,NA,15,161.3,1.5,NA,NA,0.4,NA,NA,24.6
"CHRISPOLK","RB","fp","Chris Polk","HOU",95,340,NA,NA,NA,NA,NA,32.5,143.2,1,4.9,40.4,0.1,NA,NA,0.3,NA,NA,24.5
"ANDRECALDWELL","WR","fp","Andre Caldwell","DEN",119,341,NA,NA,NA,NA,NA,0.1,0.7,0,14.5,193.8,0.9,NA,NA,0.2,NA,NA,24.3
"JAYAJAYI","RB","fp","Jay Ajayi","MIA",96,342,NA,NA,NA,NA,NA,31.4,129,0.7,9.1,67.1,0.1,NA,NA,0.1,NA,NA,24.2
"MATTASIATA","RB","fp","Matt Asiata","MIN",97,343,NA,NA,NA,NA,NA,18,76.8,0.8,12,89.8,0.5,NA,NA,0.2,NA,NA,23.9
"CJFIEDOROWICZ","TE","fp","C.J. Fiedorowicz","HOU",56,344,NA,NA,NA,NA,NA,NA,NA,NA,15.6,166.4,1.3,NA,NA,0.3,NA,NA,23.9
"JARONBROWN","WR","fp","Jaron Brown","ARI",120,345,NA,NA,NA,NA,NA,0,0,0,12.9,181.4,1,NA,NA,0.2,NA,NA,23.8
"SEANTAVIUSJONES","WR","fp","Seantavius Jones","NO",121,346,NA,NA,NA,NA,NA,0,0,0,11.6,179.5,1,NA,NA,0.1,NA,NA,23.7
"TONYMOEAKI","TE","fp","Tony Moeaki","ATL",57,347,NA,NA,NA,NA,NA,NA,NA,NA,12.8,155.4,1.4,NA,NA,0.2,NA,NA,23.6
"ANTHONYFASANO","TE","fp","Anthony Fasano","TEN",58,348,NA,NA,NA,NA,NA,NA,NA,NA,14.3,143.5,1.6,NA,NA,0.2,NA,NA,23.6
"JACOBYJONES","WR","fp","Jacoby Jones","SD",122,349,NA,NA,NA,NA,NA,0.3,0.3,0,15,193.9,1,NA,NA,0.9,NA,NA,23.3
"ZACHLINE","RB","fp","Zach Line","MIN",98,350,NA,NA,NA,NA,NA,17.4,86,0.6,11.8,94,0.3,NA,NA,0.1,NA,NA,23.2
"KENDALLHUNTER","RB","fp","Kendall Hunter","SF",99,351,NA,NA,NA,NA,NA,29.8,128.8,0.7,7.4,57.4,0.1,NA,NA,0.1,NA,NA,23.1
"BRUCEELLINGTON","WR","fp","Bruce Ellington","SF",123,352,NA,NA,NA,NA,NA,2.3,15,0,9.9,139.6,1.3,NA,NA,0.3,NA,NA,23.1
"AUSTINJOHNSON","RB","fp","Austin Johnson","NO",100,353,NA,NA,NA,NA,NA,12.1,37,0.2,10.8,91.4,1.4,NA,NA,0.1,NA,NA,22.2
"ROBERTHUG","RB","fp","Robert Hug","hes",101,354,NA,NA,NA,NA,NA,30.9,98.7,1.3,4.2,36.9,0.3,NA,NA,0.3,NA,NA,22.2
"JEREMYROSS","WR","fp","Jeremy Ross","DET",124,355,NA,NA,NA,NA,NA,0.1,0.3,0,13.4,179.9,1,NA,NA,1.1,NA,NA,22
"JEREMYLANGFORD","RB","fp","Jeremy Langford","CHI",102,356,NA,NA,NA,NA,NA,40.6,162.5,0.8,1.8,14.5,0,NA,NA,0.4,NA,NA,21.8
"BRANDONMYERS","TE","fp","Brandon Myers","TB",59,357,NA,NA,NA,NA,NA,NA,NA,NA,16.9,170,0.9,NA,NA,0.2,NA,NA,21.8
"JAMISONCROWDER","WR","fp","Jamison Crowder","WAS",125,358,NA,NA,NA,NA,NA,0,0,0,14.8,176.7,0.7,NA,NA,0.3,NA,NA,21.4
"MARKSANCHEZ","QB","fp","Mark Sanchez","PHI",38,359,47.4,29.4,350.5,2.4,1.8,5.5,14.6,0,NA,NA,NA,NA,NA,0.3,NA,NA,21.2
"RICARDOLOCKETTE","WR","fp","Ricardo Lockette","SEA",126,360,NA,NA,NA,NA,NA,0.3,2.1,0,11.3,155,0.9,NA,NA,0.1,NA,NA,21.1
"PRESTONPARKER","WR","fp","Preston Parker","NYG",127,361,NA,NA,NA,NA,NA,0,0,0,12.5,160,0.8,NA,NA,0.1,NA,NA,20.7
"DRIARCHER","RB","fp","Dri Archer","PIT",103,362,NA,NA,NA,NA,NA,17.8,65.4,0.2,12.8,101.1,0.5,NA,NA,0.3,NA,NA,20.5
"JOHNKUHN","RB","fp","John Kuhn","GB",104,363,NA,NA,NA,NA,NA,20.7,76.6,1.1,8.6,58.6,0.2,NA,NA,0.4,NA,NA,20.4
"KADEEMCAREY","RB","fp","Ka'Deem Carey","CHI",105,364,NA,NA,NA,NA,NA,23.6,104.4,0.5,6.9,59.5,0.2,NA,NA,0.1,NA,NA,20.4
"LEVINETOILOLO","TE","fp","Levine Toilolo","ATL",60,365,NA,NA,NA,NA,NA,NA,NA,NA,15.3,146.1,1,NA,NA,0.1,NA,NA,20.3
"RISHARDMATTHEWS","WR","fp","Rishard Matthews","MIA",128,366,NA,NA,NA,NA,NA,0.2,0.3,0,11.6,148.4,0.9,NA,NA,0.1,NA,NA,20.2
"DERRICKCOLEMAN","RB","fp","Derrick Coleman","SEA",106,367,NA,NA,NA,NA,NA,1.5,2.4,0,7.3,84.4,1.9,NA,NA,0,NA,NA,20.1
"CHRISHOGAN","WR","fp","Chris Hogan","BUF",129,368,NA,NA,NA,NA,NA,0,0,0,13.1,157.1,1.1,NA,NA,1.3,NA,NA,20.1
"SAMMIECOATES","WR","fp","Sammie Coates","PIT",130,369,NA,NA,NA,NA,NA,0,0,0,11.3,154.4,0.8,NA,NA,0.1,NA,NA,20
"JOSEPHFAURIA","TE","fp","Joseph Fauria","DET",61,370,NA,NA,NA,NA,NA,NA,NA,NA,9.3,109.8,1.5,NA,NA,0.1,NA,NA,20
"MICHAELCAMPANARO","WR","fp","Michael Campanaro","BAL",131,371,NA,NA,NA,NA,NA,2.1,14,0,10.7,139.5,0.7,NA,NA,0.3,NA,NA,19.5
"DENNISPITTA","TE","fp","Dennis Pitta","BAL",62,372,NA,NA,NA,NA,NA,NA,NA,NA,11.5,134.5,1,NA,NA,0,NA,NA,19.5
"BRANDONTATE","WR","fp","Brandon Tate","CIN",132,373,NA,NA,NA,NA,NA,0.5,3.6,0,14,171.9,0.6,NA,NA,1,NA,NA,19.2
"JEROMESIMPSON","WR","fp","Jerome Simpson","SF",133,374,NA,NA,NA,NA,NA,0,0,0,11.1,153.2,0.7,NA,NA,0.2,NA,NA,19
"PAULRICHARDSON","WR","fp","Paul Richardson","SEA",134,375,NA,NA,NA,NA,NA,0,0,0,10.5,148.8,0.7,NA,NA,0.1,NA,NA,19
"ANTHONYDIXON","RB","fp","Anthony Dixon","BUF",107,376,NA,NA,NA,NA,NA,25.2,97.7,1,3.5,27.1,0.1,NA,NA,0.1,NA,NA,18.9
"STEPFANTAYLOR","RB","fp","Stepfan Taylor","ARI",108,377,NA,NA,NA,NA,NA,28.1,104.6,0.2,7.9,64.2,0.1,NA,NA,0,NA,NA,18.8
"DANTEROSA","TE","fp","Dante Rosa","rio",63,378,NA,NA,NA,NA,NA,NA,NA,NA,15.8,151.3,0.8,NA,NA,0.7,NA,NA,18.8
"KELLENDAVIS","TE","fp","Kellen Davis","NYJ",64,379,NA,NA,NA,NA,NA,NA,NA,NA,13.1,136.4,0.9,NA,NA,0.2,NA,NA,18.7
"KENNYBELL","WR","fp","Kenny Bell","TB",135,380,NA,NA,NA,NA,NA,0,0,0,11.9,152.5,0.6,NA,NA,0.2,NA,NA,18.6
"TROYNIKLAS","TE","fp","Troy Niklas","ARI",65,381,NA,NA,NA,NA,NA,NA,NA,NA,11.7,131.3,0.9,NA,NA,0,NA,NA,18.4
"CHRISTINEMICHAEL","RB","fp","Christine Michael","SEA",109,382,NA,NA,NA,NA,NA,28.9,131.3,0.5,3.1,25,0.1,NA,NA,0.4,NA,NA,18.3
"ZACSTACY","RB","fp","Zac Stacy","NYJ",110,383,NA,NA,NA,NA,NA,34,138.1,0.5,3.1,22.7,0.1,NA,NA,0.7,NA,NA,18.2
"BRANDONPETTIGREW","TE","fp","Brandon Pettigrew","DET",66,384,NA,NA,NA,NA,NA,NA,NA,NA,13.9,134.2,0.9,NA,NA,0.3,NA,NA,18.1
"JOSEPHMORGAN","WR","fp","Joseph Morgan","NO",136,385,NA,NA,NA,NA,NA,0,0.8,0,8.6,139.6,0.6,NA,NA,0,NA,NA,17.7
"RASHADGREENE","WR","fp","Rashad Greene","JAC",137,386,NA,NA,NA,NA,NA,0,0,0,11.5,148.8,0.5,NA,NA,0.2,NA,NA,17.6
"JIMDRAY","TE","fp","Jim Dray","CLE",67,387,NA,NA,NA,NA,NA,NA,NA,NA,12,139.5,0.7,NA,NA,0.3,NA,NA,17.3
"DONTRELLEINMAN","WR","fp","Dontrelle Inman","SD",138,388,NA,NA,NA,NA,NA,0,0,0,9.7,130.5,0.6,NA,NA,0,NA,NA,16.6
"LEESMITH","TE","fp","Lee Smith","OAK",68,389,NA,NA,NA,NA,NA,NA,NA,NA,12.8,115.2,0.9,NA,NA,0.2,NA,NA,16.3
"ANTHONYSHERMAN","RB","fp","Anthony Sherman","KC",111,390,NA,NA,NA,NA,NA,4.6,20.1,0.2,10.2,79.6,0.9,NA,NA,0.2,NA,NA,16.1
"TYLERKROFT","TE","fp","Tyler Kroft","CIN",69,391,NA,NA,NA,NA,NA,NA,NA,NA,10.4,107.5,0.9,NA,NA,0.3,NA,NA,15.8
"TRAVISBENJAMIN","WR","fp","Travis Benjamin","CLE",139,392,NA,NA,NA,NA,NA,1.7,10.1,0,7.9,123.2,0.4,NA,NA,0,NA,NA,15.7
"PATRICKDIMARCO","RB","fp","Patrick DiMarco","ATL",112,393,NA,NA,NA,NA,NA,3.2,12.4,0,12,90.2,0.9,NA,NA,0,NA,NA,15.6
"CRAIGSTEVENS","TE","fp","Craig Stevens","TEN",70,394,NA,NA,NA,NA,NA,NA,NA,NA,9.4,108.8,0.8,NA,NA,0,NA,NA,15.6
"MATTCASSEL","QB","fp","Matt Cassel","BUF",39,395,48.3,27.7,320.3,1.4,2,5.2,15.2,0.1,NA,NA,NA,NA,NA,0.6,NA,NA,15.1
"KYLEJUSZCZYK","RB","fp","Kyle Juszczyk","BAL",113,396,NA,NA,NA,NA,NA,0.8,2,0,19.5,148.4,0.6,NA,NA,1.7,NA,NA,15
"JEROMEFELTON","RB","fp","Jerome Felton","BUF",114,397,NA,NA,NA,NA,NA,13.8,62.7,0.4,7,48.2,0.2,NA,NA,0.1,NA,NA,14.7
"TOMMYBOHANON","RB","fp","Tommy Bohanon","NYJ",115,398,NA,NA,NA,NA,NA,10.4,39.8,0.2,9.8,84.5,0.2,NA,NA,0,NA,NA,14.6
"STORMJOHN","RB","fp","Storm John","son",116,399,NA,NA,NA,NA,NA,23.3,79.5,0.4,5.5,34.4,0.1,NA,NA,0,NA,NA,14.5
"VICKBALLARD","RB","fp","Vick Ballard","IND",117,400,NA,NA,NA,NA,NA,16.2,67.3,0.5,5.3,41.7,0.1,NA,NA,0.1,NA,NA,14.4
"JALSTONFOWLER","RB","fp","Jalston Fowler","TEN",118,401,NA,NA,NA,NA,NA,12.8,49.7,0.4,6.5,57.2,0.3,NA,NA,0.1,NA,NA,14.2
"TYLERCLUTTS","RB","fp","Tyler Clutts","DAL",119,402,NA,NA,NA,NA,NA,8.5,24.9,0.2,6.4,25,1.6,NA,NA,0.6,NA,NA,14
"KELLENMOORE","QB","fp","Kellen Moore","DET",40,403,33.3,20.3,228.3,1.4,1,2.4,7.3,0.1,NA,NA,NA,NA,NA,0.2,NA,NA,13.9
"COLTMCCOY","QB","fp","Colt McCoy","WAS",41,404,30.3,19.4,220.7,1.5,1,3.1,10,0.1,NA,NA,NA,NA,NA,0.3,NA,NA,13.5
"MICHAELDYER","RB","fp","Michael Dyer","OAK",120,405,NA,NA,NA,NA,NA,18.5,73.1,0.4,4.3,34.5,0.1,NA,NA,0.3,NA,NA,13.3
"JUWANTHOMPSON","RB","fp","Juwan Thompson","DEN",121,406,NA,NA,NA,NA,NA,16,72.1,0.7,2.8,19.4,0,NA,NA,0.1,NA,NA,13.3
"DEVINSTREET","WR","fp","Devin Street","DAL",140,407,NA,NA,NA,NA,NA,0,0,0,8.5,116.5,0.3,NA,NA,0,NA,NA,13.3
"MARQUEISGRAY","TE","fp","MarQueis Gray","BUF",71,408,NA,NA,NA,NA,NA,NA,NA,NA,8.6,97.7,0.6,NA,NA,0.3,NA,NA,13.1
"MILESAUSTIN","WR","fp","Miles Austin","PHI",141,409,NA,NA,NA,NA,NA,0,0,0,6.9,89.1,0.7,NA,NA,0,NA,NA,12.8
"VANCEMCDONALD","TE","fp","Vance McDonald","SF",72,410,NA,NA,NA,NA,NA,NA,NA,NA,12.4,132.9,0.4,NA,NA,1.5,NA,NA,12.8
"MALCOLMJOHNSON","RB","fp","Malcolm Johnson","CLE",122,411,NA,NA,NA,NA,NA,10.4,40.6,0.2,7.5,61.2,0.2,NA,NA,0,NA,NA,12.6
"MYCOLEPRUITT","TE","fp","MyCole Pruitt","MIN",73,412,NA,NA,NA,NA,NA,NA,NA,NA,7.6,86.1,0.7,NA,NA,0.1,NA,NA,12.5
"TRAVARISCADET","RB","fp","Travaris Cadet","NE",123,413,NA,NA,NA,NA,NA,9,41.2,0,8.1,63.8,0.3,NA,NA,0.1,NA,NA,12.4
"BJDANIELS","QB","fp","B.J. Daniels","SEA",42,414,28.7,16.9,203.7,1.2,1,2.7,10.6,0,NA,NA,NA,NA,NA,0.1,NA,NA,12.1
"JAMESCASEY","RB","fp","James Casey","DEN",124,415,NA,NA,NA,NA,NA,0.2,0.2,0,8.7,78.2,0.7,NA,NA,0.1,NA,NA,12
"MICHAELBURTON","RB","fp","Michael Burton","DET",125,416,NA,NA,NA,NA,NA,14.1,52.3,0.3,5.6,45.3,0.1,NA,NA,0.1,NA,NA,11.8
"JAYPROSCH","RB","fp","Jay Prosch","HOU",126,417,NA,NA,NA,NA,NA,10.7,39.3,0.2,5.4,55,0.2,NA,NA,0.1,NA,NA,11.8
"RYANHEWITT","RB","fp","Ryan Hewitt","CIN",127,418,NA,NA,NA,NA,NA,8.2,26.2,0.2,6.7,57.7,0.3,NA,NA,0.1,NA,NA,11.4
"DARRIUSHEYWARDBEY","WR","fp","Darrius Heyward-Bey","PIT",142,419,NA,NA,NA,NA,NA,0.2,0.8,0,8.2,93,0.4,NA,NA,0.3,NA,NA,11.3
"JOSHMORGAN","WR","fp","Josh Morgan","NO",143,420,NA,NA,NA,NA,NA,0,0.4,0,7.6,94.6,0.3,NA,NA,0.1,NA,NA,11.3
"CLAYHARBOR","TE","fp","Clay Harbor","JAC",74,421,NA,NA,NA,NA,NA,NA,NA,NA,8.2,84.7,0.5,NA,NA,0.1,NA,NA,11.2
"CHRISTHOMPSON","RB","fp","Chris Thompson","WAS",128,422,NA,NA,NA,NA,NA,8.6,33.3,0.2,6.6,53.2,0.2,NA,NA,0.2,NA,NA,10.5
"HENRYHYNOSKI","RB","fp","Henry Hynoski","NYG",129,423,NA,NA,NA,NA,NA,16.8,56.9,0.4,3.3,21.4,0,NA,NA,0.1,NA,NA,10.3
"DEREKANDERSON","QB","fp","Derek Anderson","CAR",43,424,23.3,13.9,168.1,1.1,0.7,2.7,7.4,0,NA,NA,NA,NA,NA,0.3,NA,NA,10.2
"DREWSTANTON","QB","fp","Drew Stanton","ARI",44,425,26.9,16.1,185.8,1,0.8,2,6.4,0,NA,NA,NA,NA,NA,0.2,NA,NA,10.2
"FITZGERALDTOUSSAINT","RB","fp","Fitzgerald Toussaint","BAL",130,426,NA,NA,NA,NA,NA,10.6,42.9,0.3,4,33.1,0.2,NA,NA,0.1,NA,NA,10.2
"WALTPOWELL","WR","fp","Walt Powell","NYJ",144,427,NA,NA,NA,NA,NA,0,0,0,6.2,79.8,0.4,NA,NA,0,NA,NA,10.1
"JACKDOYLE","TE","fp","Jack Doyle","IND",75,428,NA,NA,NA,NA,NA,NA,NA,NA,6.4,59.6,0.7,NA,NA,0.1,NA,NA,10
"TERRELLEPRYOR","WR","fp","Terrelle Pryor","CLE",145,429,NA,NA,NA,NA,NA,4.5,29.9,0.1,3.8,48.6,0.3,NA,NA,0.1,NA,NA,9.7
"SAALIMHA","WR","fp","Saalim Ha","kim",146,430,NA,NA,NA,NA,NA,0,0,0,6,81.7,0.3,NA,NA,0,NA,NA,9.7
"IFEANYIMOMAH","TE","fp","Ifeanyi Momah","ARI",76,431,NA,NA,NA,NA,NA,NA,NA,NA,5.8,66.5,0.5,NA,NA,0.1,NA,NA,9.7
"BLAKEBELL","TE","fp","Blake Bell","SF",77,432,NA,NA,NA,NA,NA,NA,NA,NA,6.4,72.2,0.4,NA,NA,0.1,NA,NA,9.6
"MATTSLATER","WR","fp","Matt Slater","NE",147,433,NA,NA,NA,NA,NA,0,0,0,5.6,70.6,0.4,NA,NA,0,NA,NA,9.5
"BRANDONWEEDEN","QB","fp","Brandon Weeden","DAL",45,434,19.6,11.7,140.6,1.1,0.3,1.1,3,0,NA,NA,NA,NA,NA,0.1,NA,NA,9.4
"DARYLRICHARDSON","RB","fp","Daryl Richardson","NYJ",131,435,NA,NA,NA,NA,NA,13,60,0.3,1.9,17.9,0,NA,NA,0.1,NA,NA,9.4
"JEFFMAEHL","WR","fp","Jeff Maehl","PHI",148,436,NA,NA,NA,NA,NA,0,0,0,6.3,70.5,0.4,NA,NA,0,NA,NA,9.4
"COOPERHELFET","TE","fp","Cooper Helfet","SEA",78,437,NA,NA,NA,NA,NA,NA,NA,NA,4.7,59.2,0.6,NA,NA,0,NA,NA,9.4
"TAIWANJONES","RB","fp","Taiwan Jones","OAK",132,438,NA,NA,NA,NA,NA,9.1,35.2,0.2,4.3,35.7,0.1,NA,NA,0,NA,NA,9.3
"WILLJOHN","RB","fp","Will John","son",133,439,NA,NA,NA,NA,NA,2,4.9,0,9.1,67.5,0.3,NA,NA,0.1,NA,NA,9.3
"DEMETRIUSHARRIS","TE","fp","Demetrius Harris","KC",79,440,NA,NA,NA,NA,NA,NA,NA,NA,7.1,67.7,0.4,NA,NA,0,NA,NA,9.3
"MARIONGRICE","RB","fp","Marion Grice","ARI",134,441,NA,NA,NA,NA,NA,9.3,37,0.3,4.6,31.5,0.1,NA,NA,0,NA,NA,9
"JORVORSKIELANE","RB","fp","Jorvorskie Lane","TB",135,442,NA,NA,NA,NA,NA,6.7,35.4,0.2,4.9,34.7,0.1,NA,NA,0.1,NA,NA,8.9
"JOSHHARRIS","RB","fp","Josh Harris","PIT",136,443,NA,NA,NA,NA,NA,15.5,59.7,0.4,1.6,10.5,0,NA,NA,0.2,NA,NA,8.9
"RASHADROSS","WR","fp","Rashad Ross","WAS",149,444,NA,NA,NA,NA,NA,0,0,0,5.7,71.7,0.3,NA,NA,0,NA,NA,8.9
"ZACHMETTENBERGER","QB","fp","Zach Mettenberger","TEN",46,445,23.1,13.5,154.3,0.9,0.7,1.4,5.8,0,NA,NA,NA,NA,NA,0.1,NA,NA,8.8
"AUSTINPET","WR","fp","Austin Pet","tis",150,446,NA,NA,NA,NA,NA,0,0,0,5.2,62.6,0.4,NA,NA,0,NA,NA,8.8
"JIMMYCLAUSEN","QB","fp","Jimmy Clausen","CHI",47,447,24,13.8,157.7,0.9,0.6,1.9,6.4,0,NA,NA,NA,NA,NA,0.4,NA,NA,8.7
"MARLONMOORE","WR","fp","Marlon Moore","CLE",151,448,NA,NA,NA,NA,NA,0,-0.2,0,5.8,71.9,0.2,NA,NA,0,NA,NA,8.6
"JOHNPHILLIPS","TE","fp","John Phillips","SD",80,449,NA,NA,NA,NA,NA,NA,NA,NA,5.6,59.7,0.4,NA,NA,0.1,NA,NA,8.4
"REXBURKHEAD","RB","fp","Rex Burkhead","CIN",137,450,NA,NA,NA,NA,NA,4.8,18.7,0.2,5.8,47.2,0.1,NA,NA,0.1,NA,NA,8.3
"CORYHARKEY","RB","fp","Cory Harkey","STL",138,451,NA,NA,NA,NA,NA,0,0,0,7.4,63,0.4,NA,NA,0.1,NA,NA,8.3
"COREYWASHINGTON","WR","fp","Corey Washington","NYG",152,452,NA,NA,NA,NA,NA,0,0,0,5.2,64.1,0.3,NA,NA,0.1,NA,NA,8.3
"RYANSPADOLA","WR","fp","Ryan Spadola","ARI",153,453,NA,NA,NA,NA,NA,0,0,0,5.1,64.6,0.3,NA,NA,0,NA,NA,8.1
"MICHAELHOOMANAWANUI","TE","fp","Michael Hoomanawanui","NE",81,454,NA,NA,NA,NA,NA,NA,NA,NA,4.7,50.8,0.5,NA,NA,0,NA,NA,8
"AUSTINDAVIS","QB","fp","Austin Davis","STL",48,455,21.8,13.3,143.6,0.8,0.7,2.2,5.6,0,NA,NA,NA,NA,NA,0.2,NA,NA,7.9
"WILLIESNEAD","WR","fp","Willie Snead","NO",154,456,NA,NA,NA,NA,NA,0,0,0,3.9,60.6,0.3,NA,NA,0.1,NA,NA,7.9
"DUJUANHAR","RB","fp","DuJuan Har","ris",139,457,NA,NA,NA,NA,NA,8,28.7,0.1,3.8,36.5,0.1,NA,NA,0,NA,NA,7.8
"CHASEDANIEL","QB","fp","Chase Daniel","KC",49,458,17.9,10.5,115.6,0.7,0.3,1.9,8.6,0,NA,NA,NA,NA,NA,0.1,NA,NA,7.7
"DEONTETHOMP","WR","fp","Deonte Thomp","son",155,459,NA,NA,NA,NA,NA,0,0,0,5.1,59.9,0.3,NA,NA,0,NA,NA,7.7
"DEVIERPO","WR","fp","DeVier Po","sey",156,460,NA,NA,NA,NA,NA,0,0,0,6,77,0,NA,NA,0,NA,NA,7.7
"KEVINDORSEY","WR","fp","Kevin Dorsey","NE",157,461,NA,NA,NA,NA,NA,0,0,0,4.7,55.5,0.4,NA,NA,0,NA,NA,7.7
"CHRISGIVENS","WR","fp","Chris Givens","STL",158,462,NA,NA,NA,NA,NA,0,0.1,0,4.7,69.4,0.1,NA,NA,0,NA,NA,7.6
"MIKEGLENNON","QB","fp","Mike Glennon","TB",50,463,18.9,11.1,129.3,0.8,0.7,3.8,8.4,0,NA,NA,NA,NA,NA,0.2,NA,NA,7.5
"ERICWEEMS","WR","fp","Eric Weems","ATL",159,464,NA,NA,NA,NA,NA,0,0,0,4.3,57.1,0.3,NA,NA,0,NA,NA,7.5
"TREYBURTON","TE","fp","Trey Burton","PHI",82,465,NA,NA,NA,NA,NA,NA,NA,NA,5.1,51.8,0.4,NA,NA,0,NA,NA,7.5
"MICHAELVICK","QB","fp","Michael Vick","PIT",51,466,16.5,9.4,106,0.7,0.3,3.4,14.1,0,NA,NA,NA,NA,NA,0.3,NA,NA,7.4
"JORDANTODMAN","RB","fp","Jordan Todman","CAR",140,467,NA,NA,NA,NA,NA,8.1,37.6,0.2,2.8,19.4,0.1,NA,NA,0.1,NA,NA,7.4
"STEFONDIGGS","WR","fp","Stefon Diggs","MIN",160,468,NA,NA,NA,NA,NA,0,0,0,4.7,61.2,0.2,NA,NA,0,NA,NA,7.3
"MARQUISEGOODWIN","WR","fp","Marquise Goodwin","BUF",161,469,NA,NA,NA,NA,NA,0.1,-0.8,0,4.6,62.7,0.2,NA,NA,0,NA,NA,7.3
"BRENTONBERSIN","WR","fp","Brenton Bersin","CAR",162,470,NA,NA,NA,NA,NA,0,0,0,4,55.1,0.3,NA,NA,0.1,NA,NA,7.2
"PHILLIPSUPERNAW","TE","fp","Phillip Supernaw","TEN",83,471,NA,NA,NA,NA,NA,NA,NA,NA,5.7,48.7,0.4,NA,NA,0,NA,NA,7.2
"JJNELSON","WR","fp","J.J. Nelson","ARI",163,472,NA,NA,NA,NA,NA,0,0,0,4.3,53.7,0.3,NA,NA,0,NA,NA,7.1
"MYLESWHITE","WR","fp","Myles White","GB",164,473,NA,NA,NA,NA,NA,0,0,0,3.2,50.2,0.3,NA,NA,0,NA,NA,7
"TREYWATTS","RB","fp","Trey Watts","STL",141,474,NA,NA,NA,NA,NA,5.8,24.1,0.1,3.9,33,0.1,NA,NA,0,NA,NA,6.9
"TIMHIGHTOWER","RB","fp","Tim Hightower","NO",142,475,NA,NA,NA,NA,NA,8.1,30.2,0.2,3.1,22.5,0.1,NA,NA,0,NA,NA,6.8
"BRYCEBROWN","RB","fp","Bryce Brown","BUF",143,476,NA,NA,NA,NA,NA,9.7,36.5,0.1,2.8,25.4,0,NA,NA,0.2,NA,NA,6.8
"DARRENWALLER","WR","fp","Darren Waller","BAL",165,477,NA,NA,NA,NA,NA,0,0,0,3.9,49.9,0.3,NA,NA,0,NA,NA,6.8
"GREGSALAS","WR","fp","Greg Salas","DET",166,478,NA,NA,NA,NA,NA,0.1,1.6,0,3.9,53.5,0.2,NA,NA,0,NA,NA,6.8
"CHARCANDRICKWEST","RB","fp","Charcandrick West","KC",144,479,NA,NA,NA,NA,NA,9.3,35.8,0.3,2.1,13.8,0,NA,NA,0.1,NA,NA,6.7
"ZURLONTIPTON","RB","fp","Zurlon Tipton","IND",145,480,NA,NA,NA,NA,NA,7.3,23.5,0.2,2.7,26.7,0.2,NA,NA,0.1,NA,NA,6.7
"GARRETTCELEK","TE","fp","Garrett Celek","SF",84,481,NA,NA,NA,NA,NA,NA,NA,NA,2.6,41.3,0.4,NA,NA,0,NA,NA,6.7
"CAMERONBRATE","TE","fp","Cameron Brate","TB",85,482,NA,NA,NA,NA,NA,NA,NA,NA,3.7,44.7,0.4,NA,NA,0,NA,NA,6.7
"BLAINEGABBERT","QB","fp","Blaine Gabbert","SF",52,483,19.7,11.6,133.7,0.3,0.4,2.4,8.5,0,NA,NA,NA,NA,NA,0.2,NA,NA,6.6
"LANCEMOORE","WR","fp","Lance Moore","DET",167,484,NA,NA,NA,NA,NA,0,0,0,4.1,53,0.2,NA,NA,0,NA,NA,6.6
"DURONCARTER","WR","fp","Duron Carter","IND",168,485,NA,NA,NA,NA,NA,0,0,0,3.4,44.5,0.3,NA,NA,0,NA,NA,6.4
"SHAUNHILL","QB","fp","Shaun Hill","MIN",53,486,17.7,10.6,122.6,0.6,0.5,0.8,1.4,0.1,NA,NA,NA,NA,NA,0.1,NA,NA,6.3
"CHADHENNE","QB","fp","Chad Henne","JAC",54,487,20.8,11.9,127.1,0.5,0.5,1.5,6.2,0,NA,NA,NA,NA,NA,0.2,NA,NA,6.3
"BRICEBUTLER","WR","fp","Brice Butler","OAK",169,488,NA,NA,NA,NA,NA,0,0,0,4,50.3,0.2,NA,NA,0,NA,NA,6.3
"SEANMCGRATH","TE","fp","Sean McGrath","IND",86,489,NA,NA,NA,NA,NA,NA,NA,NA,3.7,44.6,0.3,NA,NA,0,NA,NA,6.3
"CASEKEENUM","QB","fp","Case Keenum","STL",55,490,15.9,9.4,107.6,0.6,0.4,0.3,2,0,NA,NA,NA,NA,NA,0.1,NA,NA,6.2
"ISAIAHBURSE","WR","fp","Isaiah Burse","DEN",170,491,NA,NA,NA,NA,NA,0,0,0,4.9,57.8,0.1,NA,NA,0,NA,NA,6.2
"JERONHAMM","TE","fp","Je'Ron Hamm","WAS",87,492,NA,NA,NA,NA,NA,NA,NA,NA,4,46.3,0.3,NA,NA,0,NA,NA,6.2
"CHASEFORD","TE","fp","Chase Ford","MIN",88,493,NA,NA,NA,NA,NA,NA,NA,NA,3.8,45.9,0.3,NA,NA,0,NA,NA,6.2
"ZACHZENNER","RB","fp","Zach Zenner","DET",146,494,NA,NA,NA,NA,NA,12.2,48.5,0.2,0.3,2.8,0,NA,NA,0.1,NA,NA,6.1
"VINCEMAYLE","WR","fp","Vince Mayle","CLE",171,495,NA,NA,NA,NA,NA,0,0,0,3.6,47.7,0.2,NA,NA,0,NA,NA,6
"COLLINMOONEY","RB","fp","Collin Mooney","ATL",147,496,NA,NA,NA,NA,NA,2.8,11.1,0,4.6,35.4,0.2,NA,NA,0,NA,NA,5.9
"JIMMYGAROPPOLO","QB","fp","Jimmy Garoppolo","NE",56,497,16.3,9.5,103,0.6,0.5,1.4,3.1,0,NA,NA,NA,NA,NA,0.1,NA,NA,5.8
"DONALDBROWN","RB","fp","Donald Brown","SD",148,498,NA,NA,NA,NA,NA,5.9,22.1,0.1,3.2,24.7,0.1,NA,NA,0,NA,NA,5.8
"KESHAWNMARTIN","WR","fp","Keshawn Martin","HOU",172,499,NA,NA,NA,NA,NA,0,0,0,4.2,48,0.2,NA,NA,0,NA,NA,5.8
"AARONDOBSON","WR","fp","Aaron Dobson","NE",173,500,NA,NA,NA,NA,NA,0,0,0,3.6,45.6,0.2,NA,NA,0,NA,NA,5.8
"TIMWRIGHT","TE","fp","Tim Wright","DET",89,501,NA,NA,NA,NA,NA,NA,NA,NA,4.3,47.9,0.2,NA,NA,0,NA,NA,5.8
"MIKEBROWN","WR","fp","Mike Brown","CAR",174,502,NA,NA,NA,NA,NA,0,0,0,3.1,49,0.2,NA,NA,0.2,NA,NA,5.7
"JAMESJONES","WR","fp","James Jones","NYG",175,503,NA,NA,NA,NA,NA,0,0,0,3.3,43.6,0.2,NA,NA,0.1,NA,NA,5.6
"BRIANLEONHARDT","TE","fp","Brian Leonhardt","OAK",90,504,NA,NA,NA,NA,NA,NA,NA,NA,4.5,37.6,0.3,NA,NA,0,NA,NA,5.6
"KERWYNNWILLIAMS","RB","fp","Kerwynn Williams","ARI",149,505,NA,NA,NA,NA,NA,7.1,28.8,0.1,2.3,16.6,0,NA,NA,0,NA,NA,5.5
"ADAMTHIELEN","WR","fp","Adam Thielen","MIN",176,506,NA,NA,NA,NA,NA,0,0,0,3.5,44,0.2,NA,NA,0,NA,NA,5.5
"JOHNCROCKETT","RB","fp","John Crockett","GB",150,507,NA,NA,NA,NA,NA,7,26.2,0.2,1.1,9.7,0.1,NA,NA,0,NA,NA,5.4
"MIKEDAVIS","RB","fp","Mike Davis","SF",151,508,NA,NA,NA,NA,NA,8.7,32.6,0.1,1.9,15.2,0,NA,NA,0.1,NA,NA,5.4
"VINCENTBROWN","WR","fp","Vincent Brown","IND",177,509,NA,NA,NA,NA,NA,0,0,0,4.3,46.3,0.1,NA,NA,0,NA,NA,5.4
"SENORISEPERRY","RB","fp","Senorise Perry","CHI",152,510,NA,NA,NA,NA,NA,5.3,16,0.2,3.3,19.6,0.1,NA,NA,0,NA,NA,5.2
"ORLEANSDARKWA","RB","fp","Orleans Darkwa","NYG",153,511,NA,NA,NA,NA,NA,4.5,13.5,0.2,2.5,24.8,0.1,NA,NA,0.1,NA,NA,5.2
"CHRISOWUSU","WR","fp","Chris Owusu","NYJ",178,512,NA,NA,NA,NA,NA,0.1,0.5,0,3.9,43,0.1,NA,NA,0,NA,NA,5.2
"RAYAGNEW","RB","fp","Ray Agnew","DAL",154,513,NA,NA,NA,NA,NA,5.6,23.9,0.3,1.5,10.3,0,NA,NA,0,NA,NA,5.1
"NEALSTERLING","WR","fp","Neal Sterling","JAC",179,514,NA,NA,NA,NA,NA,0,0,0,3.1,40.7,0.2,NA,NA,0,NA,NA,5.1
"ZACHMILLER","TE","fp","Zach Miller","CHI",91,515,NA,NA,NA,NA,NA,NA,NA,NA,3.5,38.2,0.2,NA,NA,0,NA,NA,5.1
"ADRIENROBINSON","TE","fp","Adrien Robinson","NYG",92,516,NA,NA,NA,NA,NA,NA,NA,NA,3.5,34.2,0.3,NA,NA,0,NA,NA,5.1
"JJWATT","TE","fp","J.J. Watt","HOU",93,517,NA,NA,NA,NA,NA,NA,NA,NA,3.4,37.8,0.2,NA,NA,0,NA,NA,5.1
"KEITHMUMPHERY","WR","fp","Keith Mumphery","HOU",180,518,NA,NA,NA,NA,NA,0,0,0,3,40.2,0.2,NA,NA,0,NA,NA,5
"KRISDURHAM","WR","fp","Kris Durham","OAK",181,519,NA,NA,NA,NA,NA,0,0,0,5.2,49.5,0,NA,NA,0,NA,NA,5
"RODNEYSM","WR","fp","Rodney Sm","ith",182,520,NA,NA,NA,NA,NA,0,0,0,4.4,49.8,0,NA,NA,0,NA,NA,5
"MARCUSMURPHY","RB","fp","Marcus Murphy","NO",155,521,NA,NA,NA,NA,NA,4.1,15.9,0.2,2.4,20,0.1,NA,NA,0.1,NA,NA,4.9
"JORDANTHOMPSON","TE","fp","Jordan Thompson","DET",94,522,NA,NA,NA,NA,NA,NA,NA,NA,4.1,37.6,0.2,NA,NA,0,NA,NA,4.9
"RONNIEBR","RB","fp","Ronnie Br","own",156,523,NA,NA,NA,NA,NA,6,24.3,0.1,2.4,16.8,0,NA,NA,0,NA,NA,4.8
"GUSJOHNSON","RB","fp","Gus Johnson","DAL",157,524,NA,NA,NA,NA,NA,4.5,17.5,0.2,2,16.7,0.1,NA,NA,0.1,NA,NA,4.8
"DARRINREAVES","RB","fp","Darrin Reaves","KC",158,525,NA,NA,NA,NA,NA,6.8,26.2,0.1,2,13.6,0,NA,NA,0,NA,NA,4.8
"DWAYNEHARRIS","WR","fp","Dwayne Harris","NYG",183,526,NA,NA,NA,NA,NA,0.3,2.7,0,2.9,39.6,0.1,NA,NA,0.1,NA,NA,4.8
"ANTONIOANDREWS","RB","fp","Antonio Andrews","TEN",159,527,NA,NA,NA,NA,NA,7.4,27.7,0.2,1.4,9.3,0,NA,NA,0.1,NA,NA,4.7
"MARCUSTHIGPEN","RB","fp","Marcus Thigpen","BUF",160,528,NA,NA,NA,NA,NA,2.9,8.8,0.1,4.5,26.2,0.1,NA,NA,0,NA,NA,4.7
"GEORGEWINN","RB","fp","George Winn","DET",161,529,NA,NA,NA,NA,NA,6.4,27.7,0.1,1.5,11.2,0,NA,NA,0,NA,NA,4.7
"JOSHBELLAMY","WR","fp","Josh Bellamy","CHI",184,530,NA,NA,NA,NA,NA,0,0,0,2.7,35.3,0.2,NA,NA,0,NA,NA,4.7
"NICJACOBS","TE","fp","Nic Jacobs","JAC",95,531,NA,NA,NA,NA,NA,NA,NA,NA,2.2,26.4,0.4,NA,NA,0,NA,NA,4.7
"SCOTTTOLZIEN","QB","fp","Scott Tolzien","GB",57,532,11.4,7.2,80.6,0.3,0.3,1,5.4,0.1,NA,NA,NA,NA,NA,0.1,NA,NA,4.6
"JAMESHANNA","TE","fp","James Hanna","DAL",96,533,NA,NA,NA,NA,NA,NA,NA,NA,3.6,36.6,0.1,NA,NA,0,NA,NA,4.5
"AJMCCARRON","QB","fp","AJ McCarron","CIN",58,534,5,2.9,34.2,0,0,0.1,0.3,0.5,NA,NA,NA,NA,NA,0,NA,NA,4.4
"CHRISTIANPONDER","QB","fp","Christian Ponder","OAK",59,535,12.4,7,71.2,0.3,0.4,1.9,8.1,0.1,NA,NA,NA,NA,NA,0.2,NA,NA,4.4
"JEROMESMITH","RB","fp","Jerome Smith","ATL",162,536,NA,NA,NA,NA,NA,6.2,22.1,0.2,1.3,9.7,0,NA,NA,0,NA,NA,4.4
"RAJIONNEAL","RB","fp","Rajion Neal","GB",163,537,NA,NA,NA,NA,NA,4.1,16.1,0.1,2,15.6,0.1,NA,NA,0.1,NA,NA,4.4
"ORSONCHARLES","TE","fp","Orson Charles","NO",97,538,NA,NA,NA,NA,NA,NA,NA,NA,3,29,0.2,NA,NA,0,NA,NA,4.4
"DAMARISJOHN","WR","fp","Damaris John","son",185,539,NA,NA,NA,NA,NA,2.3,15.2,0,1.5,20.5,0.1,NA,NA,0,NA,NA,4.3
"JESSEJAMES","TE","fp","Jesse James","PIT",98,540,NA,NA,NA,NA,NA,NA,NA,NA,2.6,28.8,0.2,NA,NA,0,NA,NA,4.3
"MARCMARIANI","WR","fp","Marc Mariani","CHI",186,541,NA,NA,NA,NA,NA,0,0,0,2.7,33.5,0.1,NA,NA,0,NA,NA,4.2
"MIKEJAMES","RB","fp","Mike James","TB",164,542,NA,NA,NA,NA,NA,7.4,27.9,0.2,0.7,2.3,0,NA,NA,0.1,NA,NA,4.1
"SEYIAJIROTUTU","WR","fp","Seyi Ajirotutu","PHI",187,543,NA,NA,NA,NA,NA,0,0,0,2.7,32.4,0.2,NA,NA,0,NA,NA,4.1
"RYANTAYLOR","TE","fp","Ryan Taylor","KC",99,544,NA,NA,NA,NA,NA,NA,NA,NA,3.3,28.9,0.2,NA,NA,0,NA,NA,4.1
"ERIKLO","RB","fp","Erik Lo","rig",165,545,NA,NA,NA,NA,NA,3.8,5.1,0.2,4.5,14.2,0.2,NA,NA,0,NA,NA,4
"LUKESTOCKER","TE","fp","Luke Stocker","TB",100,546,NA,NA,NA,NA,NA,NA,NA,NA,3.2,30.7,0.2,NA,NA,0,NA,NA,4
"ANTHONYMCCOY","TE","fp","Anthony McCoy","SEA",101,547,NA,NA,NA,NA,NA,NA,NA,NA,2.6,27,0.2,NA,NA,0,NA,NA,4
"KENNYHILLI","RB","fp","Kenny Hilli","ard",166,548,NA,NA,NA,NA,NA,5.7,22.2,0.1,1,8.1,0,NA,NA,0.1,NA,NA,3.9
"FRANKIEHAMMOND","WR","fp","Frankie Hammond","KC",188,549,NA,NA,NA,NA,NA,0,0,0,2.3,34,0.1,NA,NA,0,NA,NA,3.8
"RYANNASSIB","QB","fp","Ryan Nassib","NYG",60,550,9.5,5.9,66.5,0.4,0.3,0.7,0.9,0,NA,NA,NA,NA,NA,0,NA,NA,3.6
"EDWINBAKER","RB","fp","Edwin Baker","NO",167,551,NA,NA,NA,NA,NA,4,16,0,2,20,0,NA,NA,0,NA,NA,3.6
"KIEROSMALL","RB","fp","Kiero Small","BAL",168,552,NA,NA,NA,NA,NA,3.9,17.5,0.1,1.8,12.7,0,NA,NA,0,NA,NA,3.5
"CHRISHARPER","WR","fp","Chris Harper","NE",189,553,NA,NA,NA,NA,NA,0,0,0,2,25.1,0.2,NA,NA,0,NA,NA,3.5
"JAREDABBREDERIS","WR","fp","Jared Abbrederis","GB",190,554,NA,NA,NA,NA,NA,0,0,0,1.6,25,0.2,NA,NA,0,NA,NA,3.5
"CEDRICPEERMAN","RB","fp","Cedric Peerman","CIN",169,555,NA,NA,NA,NA,NA,2.7,8.4,0,2.8,22.1,0.1,NA,NA,0.1,NA,NA,3.4
"JAMIZEOLAWALE","RB","fp","Jamize Olawale","OAK",170,556,NA,NA,NA,NA,NA,1.2,2.5,0,2.3,16.7,0.2,NA,NA,0,NA,NA,3.4
"GREGLITTLE","WR","fp","Greg Little","CIN",191,557,NA,NA,NA,NA,NA,0,0,0,2.5,28.1,0.1,NA,NA,0,NA,NA,3.4
"MARCUSEASLEY","WR","fp","Marcus Easley","BUF",192,558,NA,NA,NA,NA,NA,0,0,0,2.2,25.4,0.1,NA,NA,0,NA,NA,3.4
"LUCKYWHITEHEAD","WR","fp","Lucky Whitehead","DAL",193,559,NA,NA,NA,NA,NA,0,0,0,1.6,23.7,0.2,NA,NA,0,NA,NA,3.3
"KENNARDBACKMAN","TE","fp","Kennard Backman","GB",102,560,NA,NA,NA,NA,NA,NA,NA,NA,1.8,20.3,0.2,NA,NA,0,NA,NA,3.3
"MATTHASSELBECK","QB","fp","Matt Hasselbeck","IND",61,561,9.1,5.9,67.7,0.2,0.1,0.8,0.3,0,NA,NA,NA,NA,NA,0.1,NA,NA,3.2
"LUKEMCCOWN","QB","fp","Luke McCown","NO",62,562,9.6,5.7,63.8,0.3,0.2,0.6,1.4,0,NA,NA,NA,NA,NA,0.1,NA,NA,3.2
"JOHNCON","RB","fp","John Con","ner",171,563,NA,NA,NA,NA,NA,1,3.4,0,0.9,10.3,0.3,NA,NA,0,NA,NA,3.2
"BEARPAS","TE","fp","Bear Pas","coe",103,564,NA,NA,NA,NA,NA,NA,NA,NA,2.6,18.7,0.2,NA,NA,0,NA,NA,3.2
"RUSSELLSHEPARD","WR","fp","Russell Shepard","TB",194,565,NA,NA,NA,NA,NA,0,0,0,1.8,26.1,0.1,NA,NA,0,NA,NA,3.1
"BRANDONWILLIAMS","TE","fp","Brandon Williams","ARI",104,566,NA,NA,NA,NA,NA,NA,NA,NA,2.1,22,0.2,NA,NA,0,NA,NA,3.1
"KELLENCLEMENS","QB","fp","Kellen Clemens","SD",63,567,9.9,5.7,62,0.3,0.3,0.7,1.1,0,NA,NA,NA,NA,NA,0.2,NA,NA,2.8
"ALFONSOSM","RB","fp","Alfonso Sm","ith",172,568,NA,NA,NA,NA,NA,4,10.5,0,2.5,15.2,0,NA,NA,0,NA,NA,2.8
"WESSAXTON","TE","fp","Wes Saxton","NYJ",105,569,NA,NA,NA,NA,NA,NA,NA,NA,1.8,20,0.1,NA,NA,0,NA,NA,2.7
"NICKBOYLE","TE","fp","Nick Boyle","BAL",106,570,NA,NA,NA,NA,NA,NA,NA,NA,1.7,18.5,0.1,NA,NA,0,NA,NA,2.7
"CJUZOMAH","TE","fp","C.J. Uzomah","CIN",107,571,NA,NA,NA,NA,NA,NA,NA,NA,1.7,19.5,0.1,NA,NA,0,NA,NA,2.7
"BROCKOSWEILER","QB","fp","Brock Osweiler","DEN",64,572,6.8,4,45.1,0.2,0.1,1.6,3.4,0,NA,NA,NA,NA,NA,0.1,NA,NA,2.6
"BERNARDPIERCE","RB","fp","Bernard Pierce","JAC",173,573,NA,NA,NA,NA,NA,4.2,14,0.1,1,5.4,0,NA,NA,0,NA,NA,2.6
"KAELINCLAY","WR","fp","Kaelin Clay","TB",195,574,NA,NA,NA,NA,NA,0,0,0,1.5,20.8,0.1,NA,NA,0,NA,NA,2.6
"JALENSAUNDERS","WR","fp","Jalen Saunders","NE",196,575,NA,NA,NA,NA,NA,0,0,0,2.5,23.1,0.1,NA,NA,0,NA,NA,2.6
"TREMCBRIDE","WR","fp","Tre McBride","TEN",197,576,NA,NA,NA,NA,NA,0,0,0,1.5,19.7,0.1,NA,NA,0,NA,NA,2.6
"KEVINNORWOOD","WR","fp","Kevin Norwood","CAR",198,577,NA,NA,NA,NA,NA,0,0,0,1.4,18.8,0.1,NA,NA,0,NA,NA,2.6
"CHRISTIONJONES","WR","fp","Christion Jones","MIA",199,578,NA,NA,NA,NA,NA,0,0,0,1.6,19.3,0.1,NA,NA,0,NA,NA,2.5
"THOMASRAWLS","RB","fp","Thomas Rawls","SEA",174,579,NA,NA,NA,NA,NA,4.5,17.6,0.1,0,0,0,NA,NA,0.1,NA,NA,2.4
"GRIFFWHALEN","WR","fp","Griff Whalen","IND",200,580,NA,NA,NA,NA,NA,0,0,0,1.9,20.3,0.1,NA,NA,0.1,NA,NA,2.4
"MARIOALFORD","WR","fp","Mario Alford","CIN",201,581,NA,NA,NA,NA,NA,0,0,0,1.4,18.5,0.1,NA,NA,0,NA,NA,2.4
"JAKESTONEBURNER","TE","fp","Jake Stoneburner","MIA",108,582,NA,NA,NA,NA,NA,NA,NA,NA,1.6,16.6,0.1,NA,NA,0,NA,NA,2.4
"DOMINIQUEJONES","TE","fp","Dominique Jones","DEN",109,583,NA,NA,NA,NA,NA,NA,NA,NA,1.6,17.6,0.1,NA,NA,0,NA,NA,2.4
"MATTSCHAUB","QB","fp","Matt Schaub","BAL",65,584,9.5,5.7,60,0.2,0.3,1.1,1.1,0,NA,NA,NA,NA,NA,0.2,NA,NA,2.3
"TREYWILLIAMS","RB","fp","Trey Williams","WAS",175,585,NA,NA,NA,NA,NA,3.2,12.3,0.1,0.5,5,0,NA,NA,0,NA,NA,2.2
"EJBIBBS","TE","fp","E.J. Bibbs","CLE",110,586,NA,NA,NA,NA,NA,NA,NA,NA,1.5,16.7,0.1,NA,NA,0,NA,NA,2.2
"MATTHEWMULLIGAN","TE","fp","Matthew Mulligan","BUF",111,587,NA,NA,NA,NA,NA,NA,NA,NA,1.2,12.3,0.2,NA,NA,0,NA,NA,2.2
"DJWILLIAMS","TE","fp","D.J. Williams","WAS",112,588,NA,NA,NA,NA,NA,NA,NA,NA,1.3,14.9,0.1,NA,NA,0,NA,NA,2.1
"MATTMOORE","QB","fp","Matt Moore","MIA",66,589,4.9,3.1,36.5,0.2,0.1,0.5,0,0,NA,NA,NA,NA,NA,0.1,NA,NA,1.9
"KENJONBARNER","RB","fp","Kenjon Barner","PHI",176,590,NA,NA,NA,NA,NA,3.2,10.6,0.1,0.5,3.6,0,NA,NA,0,NA,NA,1.9
"DIONLEWIS","RB","fp","Dion Lewis","NE",177,591,NA,NA,NA,NA,NA,2.6,9.9,0.1,0.5,3.7,0,NA,NA,0,NA,NA,1.9
"RICHARDGORDON","TE","fp","Richard Gordon","KC",113,592,NA,NA,NA,NA,NA,NA,NA,NA,1.9,14.5,0.1,NA,NA,0,NA,NA,1.9
"COREYGRANT","RB","fp","Corey Grant","JAC",178,593,NA,NA,NA,NA,NA,3.7,14.3,0.1,0,0,0,NA,NA,0,NA,NA,1.8
"SHAUNDRAUGHN","RB","fp","Shaun Draughn","CLE",179,594,NA,NA,NA,NA,NA,4.5,11.1,0.1,0.5,1,0,NA,NA,0,NA,NA,1.6
"TAYLORYA","QB","fp","Taylor Ya","tes",67,595,5,3.2,33.5,0.1,0.2,0.5,0.5,0,NA,NA,NA,NA,NA,0.1,NA,NA,1.2
"JARRYDHAYNE","RB","fp","Jarryd Hayne","SF",180,596,NA,NA,NA,NA,NA,2.1,8.1,0.1,0,0,0,NA,NA,0,NA,NA,1.1
"JACOBYFORD","WR","fp","Jacoby Ford","TEN",202,597,NA,NA,NA,NA,NA,0,0,0,1.5,12.3,0,NA,NA,0.1,NA,NA,1
"MATTMCGLOIN","QB","fp","Matt McGloin","OAK",68,598,3,2,23,0,0,0,0,0,NA,NA,NA,NA,NA,0,NA,NA,0.9
"TARVARISJACKSON","QB","fp","Tarvaris Jackson","SEA",69,599,1.8,1,14.5,0,0,0.3,0.4,0,NA,NA,NA,NA,NA,0,NA,NA,0.8
"DANORLOVSKY","QB","fp","Dan Orlovsky","DET",70,600,1.7,1,12.1,0,0,0,0.1,0,NA,NA,NA,NA,NA,0,NA,NA,0.6
"AARONRIPKOWSKI","RB","fp","Aaron Ripkowski","GB",181,601,NA,NA,NA,NA,NA,0.7,3.2,0,0.4,3.2,0,NA,NA,0,NA,NA,0.6
"SPENCERWARE","RB","fp","Spencer Ware","KC",182,602,NA,NA,NA,NA,NA,0.9,3.9,0,0.3,2,0,NA,NA,0,NA,NA,0.6
"JORDANCAMPBELL","RB","fp","Jordan Campbell","WAS",183,603,NA,NA,NA,NA,NA,0.5,2.1,0,0.3,3.3,0,NA,NA,0,NA,NA,0.5
"NIKITAWHITLOCK","RB","fp","Nikita Whitlock","NYG",184,604,NA,NA,NA,NA,NA,0.6,2.2,0,0.3,2.7,0,NA,NA,0,NA,NA,0.5
"ASANTECLEVELAND","TE","fp","Asante Cleveland","NE",114,605,NA,NA,NA,NA,NA,NA,NA,NA,0.7,3.3,0,NA,NA,0,NA,NA,0.4
"BRYCEPETTY","QB","fp","Bryce Petty","NYJ",71,606,0.7,0.4,4.7,0,0,0,0.1,0,NA,NA,NA,NA,NA,0,NA,NA,0.3
"MALCOLMBROWN","RB","fp","Malcolm Brown","STL",185,607,NA,NA,NA,NA,NA,0.5,1.7,0,0.1,1.1,0,NA,NA,0,NA,NA,0.3
"TONYCREECY","RB","fp","Tony Creecy","NE",186,608,NA,NA,NA,NA,NA,0.7,2.1,0,0.1,0.7,0,NA,NA,0,NA,NA,0.3
"ROOSEVELTNIX","RB","fp","Roosevelt Nix","PIT",187,609,NA,NA,NA,NA,NA,0.1,0.4,0,0,0.5,0,NA,NA,0,NA,NA,0.1
"TOMSAVAGE","QB","fp","Tom Savage","HOU",72,610,0,0,0,0,0,0,0,0,NA,NA,NA,NA,NA,0,NA,NA,0
"BRETTHUNDLEY","QB","fp","Brett Hundley","GB",73,611,0,0,0,0,0,0,0,0,NA,NA,NA,NA,NA,0,NA,NA,0
"GARRETTGRAYSON","QB","fp","Garrett Grayson","NO",74,612,0,0,0,0,0,0,0,0,NA,NA,NA,NA,NA,0,NA,NA,0
"TIMTEBOW","QB","fp","Tim Tebow","PHI",75,613,0,0,0,0,0,0,0,0,NA,NA,NA,NA,NA,0,NA,NA,0
"JOEWEBB","QB","fp","Joe Webb","CAR",76,614,0,0,0,0,0,0,0,0,NA,NA,NA,NA,NA,0,NA,NA,0
"CHARLIEWHITEHURST","QB","fp","Charlie Whitehurst","TEN",77,615,0,0,0,0,0,0,0,0,NA,NA,NA,NA,NA,0,NA,NA,0
"RICKYSTANZI","QB","fp","Ricky Stanzi","NYG",78,616,0,0,0,0,0,0,0,0,NA,NA,NA,NA,NA,0,NA,NA,0
"CHANDLERHARNISH","QB","fp","Chandler Harnish","ARI",79,617,0,0,0,0,0,0,0,0,NA,NA,NA,NA,NA,0,NA,NA,0
"SEANRENFREE","QB","fp","Sean Renfree","ATL",80,618,0,0,0,0,0,0,0,0,NA,NA,NA,NA,NA,0,NA,NA,0
"LANDRYJONES","QB","fp","Landry Jones","PIT",81,619,0,0,0,0,0,0,0,0,NA,NA,NA,NA,NA,0,NA,NA,0
"MATTBARKLEY","QB","fp","Matt Barkley","PHI",82,620,0,0,0,0,0,0,0,0,NA,NA,NA,NA,NA,0,NA,NA,0
"MATTSI","QB","fp","Matt Si","mms",83,621,0,0,0,0,0,0,0,0,NA,NA,NA,NA,NA,0,NA,NA,0
"LOGANTHOMAS","QB","fp","Logan Thomas","ARI",84,622,0,0,0,0,0,0,0,0,NA,NA,NA,NA,NA,0,NA,NA,0
"PIERRETHO","RB","fp","Pierre Tho","mas",188,623,NA,NA,NA,NA,NA,0,0,0,0,0,0,NA,NA,0,NA,NA,0
"TRENTRICHARD","RB","fp","Trent Richard","son",189,624,NA,NA,NA,NA,NA,0,0,0,0,0,0,NA,NA,0,NA,NA,0
"TYLERGAFFNEY","RB","fp","Tyler Gaffney","NE",190,625,NA,NA,NA,NA,NA,0,0,0,0,0,0,NA,NA,0,NA,NA,0
"RICHIEBROCKEL","TE","fp","Richie Brockel","CAR",115,626,NA,NA,NA,NA,NA,NA,NA,NA,0.1,1.3,0,NA,NA,0.1,NA,NA,-0.1
