"name","pos","name_fs","team_fs","positionRank_fs","overallRank_fs","pts_fs","passAtt_fs","passComp_fs","passYds_fs","passTds_fs","passInt_fs","rushAtt_fs","rushYds_fs","rushTds_fs","rec_fs","recYds_fs","recTds_fs","returnTds_fs","twoPts_fs","fumbles_fs"
"PEYTONMANNING","QB","Peyton Manning","DEN",1,1,359,NA,399,4898,45,12,26,0,1,0,0,0,NA,NA,5
"DREWBREES","QB","Drew Brees","NOS",2,2,341,NA,398,4848,37,14,25,40,2,0,0,0,NA,NA,1
"ANDREWLUCK","QB","Andrew Luck","IND",3,3,325,NA,365,4375,27,17,69,350,5,0,0,0,NA,NA,3
"AARONRODGERS","QB","Aaron Rodgers","GBP",4,4,319,NA,343,4226,34,11,49,217,2,0,0,0,NA,NA,4
"MATTHEWSTAFFORD","QB","Matthew Stafford","DET",5,5,318,NA,399,4784,32,20,32,96,3,0,0,0,NA,NA,4
"CAMNEWTON","QB","Cam Newton","CAR",6,6,314,NA,269,3399,22,15,117,684,7,0,0,0,NA,NA,2
"NICKFOLES","QB","Nick Foles","PHI",7,7,313,NA,295,3750,32,10,69,313,4,0,0,0,NA,NA,5
"COLINKAEPERNICK","QB","Colin Kaepernick","SFO",8,8,309,NA,259,3485,24,9,115,550,6,0,0,0,NA,NA,4
"TOMBRADY","QB","Tom Brady","NEP",9,9,297,NA,372,4425,30,10,28,23,2,0,0,0,NA,NA,2
"JAYCUTLER","QB","Jay Cutler","CHI",10,10,294,NA,355,4251,31,14,39,221,0,0,0,0,NA,NA,4
"RUSSELLWILSON","QB","Russell Wilson","SEA",11,11,293,NA,262,3417,28,7,87,482,2,0,0,0,NA,NA,4
"ROBERTGRIFFIN","QB","Robert Griffin III","WAS",12,12,286,NA,299,3499,22,12,105,630,3,0,0,0,NA,NA,5
"MATTRYAN","QB","Matt Ryan","ATL",13,13,280,NA,411,4539,29,16,21,72,0,0,0,0,NA,NA,4
"TONYROMO","QB","Tony Romo","DAL",14,14,279,NA,370,4151,31,19,25,45,1,0,0,0,NA,NA,1
"BENROETHLISBERGER","QB","Ben Roethlisberger","PIT",15,15,275,NA,354,3996,30,13,27,110,1,0,0,0,NA,NA,4
"ANDYDALTON","QB","Andy Dalton","CIN",16,16,270,NA,326,3749,27,20,56,172,4,0,0,0,NA,NA,4
"JAMAALCHARLES","RB","Jamaal Charles","KCC",1,16,270,NA,0,0,0,0,263,1350,10,51,436,6,NA,NA,2
"ADRIANPETERSON","RB","Adrian Peterson","MIN",2,18,269,NA,0,0,0,0,320,1600,12,41,310,2,NA,NA,3
"ALEXSMITH","QB","Alex Smith","KCC",17,19,268,NA,295,3231,26,9,79,468,1,0,0,0,NA,NA,4
"PHILIPRIVERS","QB","Philip Rivers","SDC",18,20,258,NA,326,3815,30,12,31,60,0,0,0,0,NA,NA,4
"CARSONPALMER","QB","Carson Palmer","ARI",19,21,244,NA,360,4253,25,20,24,5,0,0,0,0,NA,NA,3
"LESEANMCCOY","RB","LeSean McCoy","PHI",3,22,243,NA,0,0,0,0,268,1286,8,55,474,4,NA,NA,2
"EDDIELACY","RB","Eddie Lacy","GBP",4,23,242,NA,0,0,0,0,336,1351,13,43,316,0,NA,NA,1
"RYANTANNEHILL","QB","Ryan Tannehill","MIA",20,24,240,NA,332,3706,20,16,42,244,2,0,0,0,NA,NA,4
"MATTFORTE","RB","Matt Forte","CHI",5,25,239,NA,0,0,0,0,278,1275,8,62,480,3,NA,NA,1
"JOEFLACCO","QB","Joe Flacco","BAL",21,26,233,NA,320,3700,21,15,33,101,2,0,0,0,NA,NA,3
"DEMARYIUSTHOMAS","WR","Demaryius Thomas","DEN",1,26,233,NA,0,0,0,0,0,0,0,95,1450,15,NA,NA,1
"CALVINJOHNSON","WR","Calvin Johnson","DET",2,28,230,NA,0,0,0,0,0,0,0,94,1625,12,NA,NA,2
"MARSHAWNLYNCH","RB","Marshawn Lynch","SEA",6,29,225,NA,0,0,0,0,272,1250,13,24,204,1,NA,NA,2
"MONTEEBALL","RB","Montee Ball","DEN",7,30,222,NA,0,0,0,0,252,1200,9,50,387,2,NA,NA,1
"EJMANUEL","QB","E.J. Manuel","BUF",22,31,220,NA,288,3233,18,14,76,252,3,0,0,0,NA,NA,5
"JIMMYGRAHAM","TE","Jimmy Graham","NOS",1,31,220,NA,0,0,0,0,0,0,0,84,1300,15,NA,NA,0
"DEZBRYANT","WR","Dez Bryant","DAL",3,31,220,NA,0,0,0,0,2,0,0,97,1325,15,NA,NA,1
"ANDREELLINGTON","RB","Andre Ellington","ARI",8,34,211,NA,0,0,0,0,225,1100,7,45,430,3,NA,NA,1
"DEMARCOMURRAY","RB","DeMarco Murray","DAL",8,34,211,NA,0,0,0,0,245,1162,8,56,394,2,NA,NA,2
"ELIMANNING","QB","Eli Manning","NYG",23,36,210,NA,302,3525,22,17,18,23,0,0,0,0,NA,NA,2
"JULIOJONES","WR","Julio Jones","ATL",4,37,208,NA,0,0,0,0,2,12,0,105,1375,12,NA,NA,1
"BRANDONMARSHALL","WR","Brandon Marshall","CHI",5,38,206,NA,0,0,0,0,1,0,0,102,1400,11,NA,NA,0
"AJGREEN","WR","A.J. Green","CIN",6,39,204,NA,0,0,0,0,2,12,0,93,1335,12,NA,NA,1
"DEREKCARR","QB","Derek Carr","OAK",24,40,202,NA,265,3183,16,19,54,308,2,0,0,0,NA,NA,6
"DOUGMARTIN","RB","Doug Martin","TBB",10,40,202,NA,0,0,0,0,250,1150,8,40,314,2,NA,NA,2
"TOBYGERHART","RB","Toby Gerhart","JAC",11,42,200,NA,0,0,0,0,265,1225,7,38,281,2,NA,NA,2
"GENOSMITH","QB","Geno Smith","NYJ",25,43,199,NA,245,2966,11,19,63,305,6,0,0,0,NA,NA,5
"SHAUNHILL","QB","Shaun Hill","STL",26,44,198,NA,283,3214,19,14,36,87,1,0,0,0,NA,NA,3
"CHRISJOHNSON","RB","Chris Johnson","NYJ",12,45,197,NA,0,0,0,0,268,1092,6,41,306,4,NA,NA,1
"ROBGRONKOWSKI","TE","Rob Gronkowski","NEP",2,45,197,NA,0,0,0,0,0,1,0,80,1250,12,NA,NA,0
"RYANFITZPATRICK","QB","Ryan Fitzpatrick","HOU",27,47,196,NA,303,3467,15,19,34,135,2,0,0,0,NA,NA,4
"FRANKGORE","RB","Frank Gore","SFO",13,47,196,NA,0,0,0,0,280,1162,10,19,180,1,NA,NA,2
"JOSHMCCOWN","QB","Josh McCown","TBB",28,49,191,NA,280,3198,20,13,27,74,0,0,0,0,NA,NA,5
"BISHOPSANKEY","RB","Bishop Sankey","TEN",14,50,189,NA,0,0,0,0,245,1055,6,39,286,4,NA,NA,2
"LEVEONBELL","RB","Le'Veon Bell","PIT",15,51,184,NA,0,0,0,0,273,1008,8,45,405,0,NA,NA,2
"ZACSTACY","RB","Zac Stacy","STL",15,51,184,NA,0,0,0,0,290,1190,7,37,210,1,NA,NA,2
"JORDYNELSON","WR","Jordy Nelson","GBP",7,53,183,NA,0,0,0,0,1,7,0,93,1351,8,NA,NA,0
"CJSPILLER","RB","C.J. Spiller","BUF",17,54,182,NA,0,0,0,0,215,1011,6,40,353,2,NA,NA,1
"ANTONIOBROWN","WR","Antonio Brown","PIT",8,55,180,NA,0,0,0,0,7,8,0,100,1342,8,NA,NA,1
"ALSHONJEFFERY","WR","Alshon Jeffery","CHI",8,55,180,NA,0,0,0,0,11,59,0,78,1295,8,NA,NA,1
"ARIANFOSTER","RB","Arian Foster","HOU",18,57,179,NA,0,0,0,0,250,1050,6,47,306,2,NA,NA,2
"BENTATE","RB","Ben Tate","CLE",18,57,179,NA,0,0,0,0,250,1075,4,48,323,3,NA,NA,1
"ANDREJOHNSON","WR","Andre Johnson","HOU",10,59,178,NA,0,0,0,0,0,0,0,90,1300,8,NA,NA,0
"VICTORCRUZ","WR","Victor Cruz","NYG",11,60,177,NA,0,0,0,0,3,14,1,85,1225,8,NA,NA,0
"VINCENTJACKSON","WR","Vincent Jackson","TBB",11,60,177,NA,0,0,0,0,1,0,0,75,1298,8,NA,NA,0
"CORDARRELLEPATTERSON","WR","Cordarrelle Patterson","MIN",13,62,176,NA,0,0,0,0,10,61,2,82,1165,7,NA,NA,0
"JAKELOCKER","QB","Jake Locker","TEN",29,63,175,NA,221,2513,13,18,53,318,3,0,0,0,NA,NA,4
"REGGIEBUSH","RB","Reggie Bush","DET",20,63,175,NA,0,0,0,0,175,780,5,60,536,4,NA,NA,5
"ALFREDMORRIS","RB","Alfred Morris","WAS",21,65,172,NA,0,0,0,0,268,1250,8,10,78,0,NA,NA,4
"TRENTRICHARDSON","RB","Trent Richardson","IND",22,66,169,NA,0,0,0,0,207,751,7,41,342,3,NA,NA,0
"JULIUSTHOMAS","TE","Julius Thomas","DEN",3,66,169,NA,0,0,0,0,0,0,0,75,875,14,NA,NA,1
"TORREYSMITH","WR","Torrey Smith","BAL",14,68,168,NA,0,0,0,0,1,0,0,75,1200,8,NA,NA,0
"FREDJACKSON","RB","Fred Jackson","BUF",23,69,167,NA,0,0,0,0,210,890,7,42,329,1,NA,NA,1
"ERICDECKER","WR","Eric Decker","NYJ",15,70,166,NA,0,0,0,0,1,2,0,82,1140,9,NA,NA,1
"RANDALLCOBB","WR","Randall Cobb","GBP",16,71,164,NA,0,0,0,0,7,39,0,79,1097,9,NA,NA,1
"JEREMYMACLIN","WR","Jeremy Maclin","PHI",16,71,164,NA,0,0,0,0,1,0,0,75,1064,10,NA,NA,1
"GIOVANIBERNARD","RB","Giovani Bernard","CIN",24,73,163,NA,0,0,0,0,199,751,5,52,503,2,NA,NA,2
"RYANMATHEWS","RB","Ryan Mathews","SDC",25,74,162,NA,0,0,0,0,240,1080,5,34,220,1,NA,NA,2
"KNOWSHONMORENO","RB","Knowshon Moreno","MIA",25,74,162,NA,0,0,0,0,175,750,7,34,298,3,NA,NA,1
"MICHAELCRABTREE","WR","Michael Crabtree","SFO",18,76,161,NA,0,0,0,0,1,6,0,78,1150,8,NA,NA,1
"MICHAELFLOYD","WR","Michael Floyd","ARI",18,76,161,NA,0,0,0,0,1,2,0,72,1150,8,NA,NA,1
"RODDYWHITE","WR","Roddy White","ATL",18,76,161,NA,0,0,0,0,1,0,0,78,1116,9,NA,NA,2
"KEENANALLEN","WR","Keenan Allen","SDC",21,79,160,NA,0,0,0,0,0,1,0,75,1160,8,NA,NA,2
"RASHADJENNINGS","RB","Rashad Jennings","NYG",27,80,158,NA,0,0,0,0,216,825,8,39,267,1,NA,NA,2
"LARRYFITZGERALD","WR","Larry Fitzgerald","ARI",22,81,157,NA,0,0,0,0,2,5,0,84,1050,9,NA,NA,1
"PIERREGARCON","WR","Pierre Garcon","WAS",22,81,157,NA,0,0,0,0,3,17,0,99,1225,6,NA,NA,1
"JOIQUEBELL","RB","Joique Bell","DET",28,83,156,NA,0,0,0,0,153,643,8,53,509,0,NA,NA,3
"CHADHENNE","QB","Chad Henne","JAC",30,84,154,NA,239,2601,13,13,22,75,1,0,0,0,NA,NA,1
"KELVINBENJAMIN","WR","Kelvin Benjamin","CAR",24,84,154,NA,0,0,0,0,4,21,0,71,983,9,NA,NA,0
"JOHNNYMANZIEL","QB","Johnny Manziel","CLE",31,86,152,NA,192,2125,12,10,50,215,2,0,0,0,NA,NA,2
"VERNONDAVIS","TE","Vernon Davis","SFO",4,86,152,NA,0,0,0,0,0,0,0,55,825,12,NA,NA,1
"DESEANJACKSON","WR","DeSean Jackson","WAS",25,86,152,NA,0,0,0,0,5,11,0,72,1075,8,NA,NA,2
"JAMESJONES","WR","James Jones","OAK",26,89,151,NA,0,0,0,0,1,3,0,75,1057,8,NA,NA,1
"DEANGELOWILLIAMS","RB","DeAngelo Williams","CAR",29,90,150,NA,0,0,0,0,187,783,4,24,347,3,NA,NA,2
"PIERRETHOMAS","RB","Pierre Thomas","NOS",30,91,148,NA,0,0,0,0,150,601,4,71,483,3,NA,NA,1
"REGGIEWAYNE","WR","Reggie Wayne","IND",27,92,146,NA,0,0,0,0,1,0,0,82,1120,6,NA,NA,1
"RAYRICE","RB","Ray Rice","BAL",31,93,144,NA,0,0,0,0,224,795,6,50,330,0,NA,NA,2
"MILESAUSTIN","WR","Miles Austin","CLE",28,94,143,NA,0,0,0,0,3,19,0,72,1123,5,NA,NA,0
"JORDANREED","TE","Jordan Reed","WAS",5,95,142,NA,0,0,0,0,2,10,0,82,915,9,NA,NA,2
"SAMMYWATKINS","WR","Sammy Watkins","BUF",29,96,138,NA,0,0,0,0,2,14,0,67,977,7,NA,NA,1
"KYLERUDOLPH","TE","Kyle Rudolph","MIN",6,97,137,NA,0,0,0,0,0,0,0,72,775,10,NA,NA,0
"CECILSHORTS","WR","Cecil Shorts","JAC",30,97,137,NA,0,0,0,0,0,1,0,72,918,8,NA,NA,1
"LAMARMILLER","RB","Lamar Miller","MIA",32,99,136,NA,0,0,0,0,195,754,5,31,215,2,NA,NA,1
"MARQUESCOLSTON","WR","Marques Colston","NOS",31,100,133,NA,0,0,0,0,0,0,0,71,995,6,NA,NA,1
"PERCYHARVIN","WR","Percy Harvin","SEA",32,101,132,NA,0,0,0,0,9,50,0,63,919,6,NA,NA,0
"MIKEWALLACE","WR","Mike Wallace","MIA",32,101,132,NA,0,0,0,0,3,18,0,79,975,6,NA,NA,1
"STEVANRIDLEY","RB","Stevan Ridley","NEP",33,103,131,NA,0,0,0,0,200,826,8,12,72,0,NA,NA,3
"DENNISPITTA","TE","Dennis Pitta","BAL",7,104,130,NA,0,0,0,0,0,0,0,80,825,8,NA,NA,0
"GREGJENNINGS","WR","Greg Jennings","MIN",34,104,130,NA,0,0,0,0,2,8,0,76,885,7,NA,NA,0
"JEREMYHILL","RB","Jeremy Hill","CIN",34,106,129,NA,0,0,0,0,166,670,7,20,165,1,NA,NA,1
"TEDDYBRIDGEWATER","QB","Teddy Bridgewater","MIN",32,107,128,NA,145,1650,13,9,32,135,1,0,0,0,NA,NA,0
"MAURICEJONESDREW","RB","Maurice Jones-Drew","OAK",35,107,128,NA,0,0,0,0,175,700,4,42,325,1,NA,NA,2
"JASONWITTEN","TE","Jason Witten","DAL",8,109,126,NA,0,0,0,0,0,0,0,84,900,6,NA,NA,0
"EMMANUELSANDERS","WR","Emmanuel Sanders","DEN",35,109,126,NA,0,0,0,0,1,3,0,70,900,6,NA,NA,0
"DANNYWOODHEAD","RB","Danny Woodhead","SDC",36,111,124,NA,0,0,0,0,111,439,3,62,471,3,NA,NA,1
"JORDANCAMERON","TE","Jordan Cameron","CLE",9,111,124,NA,0,0,0,0,0,0,0,67,769,8,NA,NA,0
"DARRENMCFADDEN","RB","Darren McFadden","OAK",37,113,122,NA,0,0,0,0,167,550,4,40,334,2,NA,NA,1
"JULIANEDELMAN","WR","Julian Edelman","NEP",36,113,122,NA,0,0,0,0,1,6,0,90,925,5,NA,NA,0
"TYHILTON","WR","T.Y. Hilton","IND",36,113,122,NA,0,0,0,0,1,0,0,70,983,4,NA,NA,0
"RODSTREATER","WR","Rod Streater","OAK",38,116,121,NA,0,0,0,0,2,11,0,60,920,5,NA,NA,1
"KENDALLWRIGHT","WR","Kendall Wright","TEN",38,116,121,NA,0,0,0,0,1,2,0,81,976,4,NA,NA,0
"DWAYNEBOWE","WR","Dwayne Bowe","KCC",40,118,120,NA,0,0,0,0,0,0,0,67,866,6,NA,NA,1
"WESWELKER","WR","Wes Welker","DEN",41,119,119,NA,0,0,0,0,0,0,0,78,775,7,NA,NA,0
"TERRANCEWILLIAMS","WR","Terrance Williams","DAL",41,119,119,NA,0,0,0,0,1,5,0,62,875,6,NA,NA,2
"DOUGBALDWIN","WR","Doug Baldwin","SEA",43,121,118,NA,0,0,0,0,2,8,0,55,825,6,NA,NA,0
"GOLDENTATE","WR","Golden Tate","DET",44,122,117,NA,0,0,0,0,3,14,0,65,800,6,NA,NA,0
"BRIANHARTLINE","WR","Brian Hartline","MIA",45,123,116,NA,0,0,0,0,0,0,0,75,1000,3,NA,NA,1
"BERNARDPIERCE","RB","Bernard Pierce","BAL",38,124,115,NA,0,0,0,0,175,715,6,16,86,0,NA,NA,0
"GREGOLSEN","TE","Greg Olsen","CAR",10,124,115,NA,0,0,0,0,0,0,0,69,791,6,NA,NA,0
"ANDREWHAWKINS","WR","Andrew Hawkins","CLE",46,126,113,NA,0,0,0,0,1,2,0,60,850,5,NA,NA,1
"DANNYAMENDOLA","WR","Danny Amendola","NEP",47,127,112,NA,0,0,0,0,0,0,0,60,825,5,NA,NA,0
"DEANDREHOPKINS","WR","DeAndre Hopkins","HOU",47,127,112,NA,0,0,0,0,1,2,0,65,900,4,NA,NA,1
"NATEWASHINGTON","WR","Nate Washington","TEN",47,127,112,NA,0,0,0,0,0,0,0,57,888,4,NA,NA,0
"RILEYCOOPER","WR","Riley Cooper","PHI",50,130,111,NA,0,0,0,0,0,2,0,51,750,6,NA,NA,0
"SHANEVEREEN","RB","Shane Vereen","NEP",39,131,110,NA,0,0,0,0,80,350,2,52,475,3,NA,NA,1
"ANDREWILLIAMS","RB","Andre Williams","NYG",39,131,110,NA,0,0,0,0,150,650,7,10,73,0,NA,NA,2
"LADARIUSGREEN","TE","Ladarius Green","SDC",11,133,109,NA,0,0,0,0,0,0,0,38,675,7,NA,NA,0
"AARONDOBSON","WR","Aaron Dobson","NEP",51,133,109,NA,0,0,0,0,0,2,0,50,678,7,NA,NA,0
"RUEBENRANDLE","WR","Rueben Randle","NYG",51,133,109,NA,0,0,0,0,0,0,0,54,750,6,NA,NA,1
"DARRENSPROLES","RB","Darren Sproles","PHI",41,136,108,NA,0,0,0,0,45,195,3,55,490,4,NA,NA,1
"JONATHANSTEWART","RB","Jonathan Stewart","CAR",42,137,106,NA,0,0,0,0,150,630,4,27,190,0,NA,NA,0
"ZACHERTZ","TE","Zach Ertz","PHI",12,137,106,NA,0,0,0,0,0,0,0,53,624,8,NA,NA,2
"LEGARRETTEBLOUNT","RB","LeGarrette Blount","PIT",43,139,105,NA,0,0,0,0,140,625,5,14,118,1,NA,NA,2
"CHARLESCLAY","TE","Charles Clay","MIA",13,139,105,NA,0,0,0,0,5,10,1,57,624,6,NA,NA,0
"BRANDINCOOKS","WR","Brandin Cooks","NOS",53,139,105,NA,0,0,0,0,2,6,0,75,775,5,NA,NA,1
"MARKUSWHEATON","WR","Markus Wheaton","PIT",54,142,103,NA,0,0,0,0,3,7,0,65,698,6,NA,NA,1
"ANQUANBOLDIN","WR","Anquan Boldin","SFO",55,143,101,NA,0,0,0,0,2,3,0,64,775,4,NA,NA,0
"JARRETTBOYKIN","WR","Jarrett Boykin","GBP",55,143,101,NA,0,0,0,0,1,3,0,53,713,5,NA,NA,0
"MARQISELEE","WR","Marqise Lee","JAC",55,143,101,NA,0,0,0,0,2,8,0,64,734,5,NA,NA,1
"GARRETTGRAHAM","TE","Garrett Graham","HOU",14,146,100,NA,0,0,0,0,0,0,0,64,726,5,NA,NA,1
"MIKEEVANS","WR","Mike Evans","TBB",58,146,100,NA,0,0,0,0,0,0,0,47,640,6,NA,NA,0
"MATTCASSEL","QB","Matt Cassel","MIN",33,148,99,NA,130,1550,9,8,20,70,1,0,0,0,NA,NA,2
"MARKINGRAM","RB","Mark Ingram","NOS",44,148,99,NA,0,0,0,0,111,454,3,48,300,1,NA,NA,0
"DWAYNEALLEN","TE","Dwayne Allen","IND",15,150,98,NA,0,0,0,0,2,4,0,52,625,6,NA,NA,0
"DELANIEWALKER","TE","Delanie Walker","TEN",15,150,98,NA,0,0,0,0,0,0,0,63,625,6,NA,NA,0
"JERRICHOCOTCHERY","WR","Jerricho Cotchery","CAR",59,150,98,NA,0,0,0,0,2,10,0,47,610,6,NA,NA,0
"MALCOMFLOYD","WR","Malcom Floyd","SDC",59,150,98,NA,0,0,0,0,0,0,0,52,805,3,NA,NA,0
"BRIANHOYER","QB","Brian Hoyer","CLE",34,154,95,NA,127,1413,10,8,27,138,0,0,0,0,NA,NA,3
"AHMADBRADSHAW","RB","Ahmad Bradshaw","IND",45,155,94,NA,0,0,0,0,104,450,4,22,194,1,NA,NA,0
"KENNYBRITT","WR","Kenny Britt","STL",61,155,94,NA,0,0,0,0,4,26,2,42,500,5,NA,NA,0
"MARVINJONES","WR","Marvin Jones","CIN",61,155,94,NA,0,0,0,0,7,36,0,45,614,5,NA,NA,0
"HEATHMILLER","TE","Heath Miller","PIT",17,158,93,NA,0,0,0,0,0,0,0,66,713,4,NA,NA,1
"KENNYSTILLS","WR","Kenny Stills","NOS",63,158,93,NA,0,0,0,0,3,7,0,38,699,4,NA,NA,0
"MIKEWILLIAMS","WR","Mike Williams","BUF",64,160,92,NA,0,0,0,0,3,12,0,40,615,5,NA,NA,0
"CHRISIVORY","RB","Chris Ivory","NYJ",46,161,91,NA,0,0,0,0,150,675,3,10,67,0,NA,NA,0
"JUSTINHUNTER","WR","Justin Hunter","TEN",65,161,91,NA,0,0,0,0,0,0,0,32,550,6,NA,NA,0
"STEVESMITH","WR","Steve Smith","BAL",65,161,91,NA,0,0,0,0,1,0,0,57,735,3,NA,NA,0
"ANTONIOGATES","TE","Antonio Gates","SDC",18,164,89,NA,0,0,0,0,0,0,0,58,617,5,NA,NA,1
"EDDIEROYAL","WR","Eddie Royal","SDC",67,164,89,NA,0,0,0,0,5,27,0,42,595,5,NA,NA,1
"JACQUIZZRODGERS","RB","Jacquizz Rodgers","ATL",47,166,88,NA,0,0,0,0,95,383,2,49,346,1,NA,NA,1
"TERRANCEWEST","RB","Terrance West","CLE",48,167,87,NA,0,0,0,0,120,525,3,28,196,0,NA,NA,1
"JAREDCOOK","TE","Jared Cook","STL",19,167,87,NA,0,0,0,0,0,0,0,46,575,5,NA,NA,0
"JERMAINEGRESHAM","TE","Jermaine Gresham","CIN",19,167,87,NA,0,0,0,0,0,0,0,47,515,7,NA,NA,3
"HARRYDOUGLAS","WR","Harry Douglas","ATL",68,167,87,NA,0,0,0,0,1,0,0,59,719,3,NA,NA,1
"JORDANMATTHEWS","WR","Jordan Matthews","PHI",68,167,87,NA,0,0,0,0,1,1,0,45,578,5,NA,NA,0
"MARTELLUSBENNETT","TE","Martellus Bennett","CHI",21,172,85,NA,0,0,0,0,0,0,0,55,637,4,NA,NA,1
"CARLOSHYDE","RB","Carlos Hyde","SFO",49,173,84,NA,0,0,0,0,81,485,4,18,149,0,NA,NA,1
"SCOTTCHANDLER","TE","Scott Chandler","BUF",22,173,84,NA,0,0,0,0,0,0,0,48,621,4,NA,NA,1
"ROYHELU","RB","Roy Helu","WAS",50,175,83,NA,0,0,0,0,80,350,2,38,305,1,NA,NA,0
"BRANDONMYERS","TE","Brandon Myers","TBB",23,175,83,NA,0,0,0,0,1,2,0,50,534,5,NA,NA,0
"TYLEREIFERT","TE","Tyler Eifert","CIN",24,177,82,NA,0,0,0,0,0,0,0,48,525,5,NA,NA,0
"KNILEDAVIS","RB","Knile Davis","KCC",51,178,81,NA,0,0,0,0,92,329,5,21,150,1,NA,NA,1
"ROBERTWOODS","WR","Robert Woods","BUF",70,178,81,NA,0,0,0,0,3,15,0,45,520,5,NA,NA,1
"JAMESSTARKS","RB","James Starks","GBP",52,180,80,NA,0,0,0,0,102,480,3,10,86,1,NA,NA,0
"JACEAMARO","TE","Jace Amaro","NYJ",25,180,80,NA,0,0,0,0,0,0,0,43,568,4,NA,NA,0
"STEVENJACKSON","RB","Steven Jackson","ATL",53,182,78,NA,0,0,0,0,150,450,3,24,150,0,NA,NA,0
"BRANDONGIBSON","WR","Brandon Gibson","MIA",71,182,78,NA,0,0,0,0,1,0,0,50,545,4,NA,NA,0
"JEREMYKERLEY","WR","Jeremy Kerley","NYJ",71,182,78,NA,0,0,0,0,7,22,0,49,606,3,NA,NA,1
"RONNIEHILLMAN","RB","Ronnie Hillman","DEN",54,185,77,NA,0,0,0,0,123,520,2,21,173,0,NA,NA,2
"SHONNGREENE","RB","Shonn Greene","TEN",55,186,75,NA,0,0,0,0,100,410,5,8,45,0,NA,NA,0
"DONNIEAVERY","WR","Donnie Avery","KCC",73,186,75,NA,0,0,0,0,2,7,0,37,578,3,NA,NA,0
"LANCEDUNBAR","RB","Lance Dunbar","DAL",56,188,74,NA,0,0,0,0,63,280,2,30,245,2,NA,NA,1
"ERICEBRON","TE","Eric Ebron","DET",26,188,74,NA,0,0,0,0,0,0,0,44,500,4,NA,NA,0
"DENARIUSMOORE","WR","Denarius Moore","OAK",74,188,74,NA,0,0,0,0,0,0,0,37,504,4,NA,NA,0
"MARCEDESLEWIS","TE","Marcedes Lewis","JAC",27,191,73,NA,0,0,0,0,0,0,0,42,519,4,NA,NA,1
"MARLONBROWN","WR","Marlon Brown","BAL",75,191,73,NA,0,0,0,0,2,0,0,47,497,4,NA,NA,0
"JASONCAMPBELL","QB","Jason Campbell","CIN",35,193,72,NA,77,929,8,2,13,77,0,0,0,0,NA,NA,1
"LATAVIUSMURRAY","RB","Latavius Murray","OAK",57,193,72,NA,0,0,0,0,103,435,3,14,135,0,NA,NA,1
"MYCHALRIVERA","TE","Mychal Rivera","OAK",28,193,72,NA,0,0,0,0,0,0,0,40,420,5,NA,NA,0
"JERMAINEKEARSE","WR","Jermaine Kearse","SEA",76,193,72,NA,0,0,0,0,0,1,0,33,506,4,NA,NA,1
"TAVONAUSTIN","WR","Tavon Austin","STL",77,197,71,NA,0,0,0,0,8,47,1,42,452,3,NA,NA,1
"BRENTCELEK","TE","Brent Celek","PHI",29,198,70,NA,0,0,0,0,0,0,0,32,423,5,NA,NA,1
"LANCEMOORE","WR","Lance Moore","PIT",78,199,69,NA,0,0,0,0,2,10,0,42,523,3,NA,NA,1
"MOHAMEDSANU","WR","Mohamed Sanu","CIN",78,199,69,NA,0,0,0,0,7,34,0,45,500,3,NA,NA,1
"ZACHMILLER","TE","Zach Miller","SEA",30,201,67,NA,0,0,0,0,0,0,0,36,392,5,NA,NA,1
"JARIUSWRIGHT","WR","Jarius Wright","MIN",80,201,67,NA,0,0,0,0,3,17,1,30,422,3,NA,NA,0
"JONATHANDWYER","RB","Jonathan Dwyer","ARI",58,203,65,NA,0,0,0,0,124,444,1,17,139,1,NA,NA,2
"JOHNBROWN","WR","John Brown","ARI",81,203,65,NA,0,0,0,0,1,4,0,43,470,3,NA,NA,0
"STEVEJOHNSON","WR","Stevie Johnson","SFO",81,203,65,NA,0,0,0,0,1,3,0,45,495,3,NA,NA,1
"JONATHANGRIMES","RB","Jonathan Grimes","HOU",59,206,64,NA,0,0,0,0,80,325,3,19,106,1,NA,NA,1
"BOBBYRAINEY","RB","Bobby Rainey","TBB",59,206,64,NA,0,0,0,0,125,414,2,23,138,0,NA,NA,1
"MIKETOLBERT","RB","Mike Tolbert","CAR",59,206,64,NA,0,0,0,0,78,273,3,20,138,1,NA,NA,0
"ROBERTTURBIN","RB","Robert Turbin","SEA",59,206,64,NA,0,0,0,0,100,425,2,11,109,0,NA,NA,0
"BRANDONLAFELL","WR","Brandon LaFell","NEP",83,206,64,NA,0,0,0,0,1,5,0,38,460,3,NA,NA,0
"ANTHONYFASANO","TE","Anthony Fasano","KCC",31,211,63,NA,0,0,0,0,0,0,0,35,332,5,NA,NA,0
"BLAKEBORTLES","QB","Blake Bortles","JAC",36,212,62,NA,90,1000,8,10,3,5,0,0,0,0,NA,NA,0
"DONALDBROWN","RB","Donald Brown","SDC",63,212,62,NA,0,0,0,0,60,280,3,16,103,1,NA,NA,0
"KHIRYROBINSON","RB","Khiry Robinson","NOS",63,212,62,NA,0,0,0,0,100,450,2,7,50,0,NA,NA,0
"COLEBEASLEY","WR","Cole Beasley","DAL",84,212,62,NA,0,0,0,0,1,1,0,43,462,3,NA,NA,1
"BRIANQUICK","WR","Brian Quick","STL",85,216,60,NA,0,0,0,0,3,16,0,37,474,2,NA,NA,0
"PEYTONHILLIS","RB","Peyton Hillis","NYG",65,217,59,NA,0,0,0,0,92,332,2,14,86,1,NA,NA,0
"JAMESWHITE","RB","James White","NEP",65,217,59,NA,0,0,0,0,105,433,1,5,40,1,NA,NA,0
"LARRYDONNELL","TE","Larry Donnell","NYG",32,217,59,NA,0,0,0,0,0,0,0,34,415,3,NA,NA,0
"TRAVISKELCE","TE","Travis Kelce","KCC",32,217,59,NA,0,0,0,0,0,0,0,35,415,3,NA,NA,0
"LANCEKENDRICKS","TE","Lance Kendricks","STL",32,217,59,NA,0,0,0,0,0,0,0,31,296,5,NA,NA,0
"DAVIDAUSBERRY","TE","David Ausberry","OAK",35,222,58,NA,0,0,0,0,0,0,0,33,349,4,NA,NA,0
"JEFFCUMBERLAND","TE","Jeff Cumberland","NYJ",35,222,58,NA,0,0,0,0,0,0,0,28,400,3,NA,NA,0
"ANDREWQUARLESS","TE","Andrew Quarless","GBP",35,222,58,NA,0,0,0,0,0,0,0,42,405,3,NA,NA,0
"LUKEWILLSON","TE","Luke Willson","SEA",35,222,58,NA,0,0,0,0,0,0,0,35,345,4,NA,NA,0
"HAKEEMNICKS","WR","Hakeem Nicks","IND",86,222,58,NA,0,0,0,0,2,0,0,42,583,0,NA,NA,0
"MIKEGLENNON","QB","Mike Glennon","TBB",37,227,57,NA,68,743,8,2,7,5,0,0,0,0,NA,NA,1
"GRIFFWHALEN","WR","Griff Whalen","IND",87,228,55,NA,0,0,0,0,0,0,0,29,319,4,NA,NA,0
"CHRISTINEMICHAEL","RB","Christine Michael","SEA",67,229,54,NA,0,0,0,0,90,400,2,5,28,0,NA,NA,0
"COBYFLEENER","TE","Coby Fleener","IND",39,229,54,NA,0,0,0,0,0,0,0,35,365,3,NA,NA,0
"ANDRECALDWELL","WR","Andre Caldwell","DEN",88,229,54,NA,0,0,0,0,1,4,0,32,360,3,NA,NA,0
"JERRELJERNIGAN","WR","Jerrel Jernigan","NYG",88,229,54,NA,0,0,0,0,0,1,0,42,489,1,NA,NA,0
"MATTFLYNN","QB","Matt Flynn","GBP",38,233,53,NA,74,846,6,4,17,29,0,0,0,0,NA,NA,1
"BENNYCUNNINGHAM","RB","Benny Cunningham","STL",68,233,53,NA,0,0,0,0,70,325,1,17,157,0,NA,NA,0
"ANDREROBERTS","WR","Andre Roberts","WAS",90,233,53,NA,0,0,0,0,1,3,0,39,470,1,NA,NA,0
"JORDANTODMAN","RB","Jordan Todman","JAC",69,236,52,NA,0,0,0,0,61,250,2,11,91,1,NA,NA,0
"ADRIENROBINSON","TE","Adrien Robinson","NYG",40,236,52,NA,0,0,0,0,0,0,0,30,340,3,NA,NA,0
"AUSTINPETTIS","WR","Austin Pettis","STL",91,236,52,NA,0,0,0,0,0,0,0,28,346,3,NA,NA,0
"BRANDONWEEDEN","QB","Brandon Weeden","DAL",39,239,51,NA,60,725,6,5,10,50,0,0,0,0,NA,NA,1
"MATTASIATA","RB","Matt Asiata","MIN",70,239,51,NA,0,0,0,0,72,360,1,18,113,0,NA,NA,1
"BRANDONLLOYD","WR","Brandon Lloyd","SFO",92,239,51,NA,0,0,0,0,0,0,0,24,335,3,NA,NA,0
"DAVIDNELSON","WR","David Nelson","NYJ",92,239,51,NA,0,0,0,0,7,26,0,36,431,1,NA,NA,0
"OWENDANIELS","TE","Owen Daniels","BAL",41,243,50,NA,0,0,0,0,0,0,0,40,385,2,NA,NA,0
"JASONAVANT","WR","Jason Avant","CAR",94,243,50,NA,0,0,0,0,1,7,0,33,383,2,NA,NA,0
"KENBRELLTHOMPKINS","WR","Kenbrell Thompkins","NEP",94,243,50,NA,0,0,0,0,0,0,0,25,322,3,NA,NA,0
"MARCELREECE","RB","Marcel Reece","OAK",71,246,49,NA,0,0,0,0,20,73,1,27,247,2,NA,NA,0
"CHRISGIVENS","WR","Chris Givens","STL",96,246,49,NA,0,0,0,0,2,10,0,28,445,1,NA,NA,1
"ANDREHOLMES","WR","Andre Holmes","OAK",97,248,48,NA,0,0,0,0,2,4,0,27,365,2,NA,NA,0
"TEDGINN","WR","Ted Ginn Jr.","ARI",98,249,47,NA,0,0,0,0,2,13,0,16,228,4,NA,NA,0
"JEROMESIMPSON","WR","Jerome Simpson","MIN",98,249,47,NA,0,0,0,0,0,0,0,30,416,1,NA,NA,0
"JACOBTAMME","TE","Jacob Tamme","DEN",42,251,46,NA,0,0,0,0,0,0,0,27,285,3,NA,NA,0
"JACOBYJONES","WR","Jacoby Jones","BAL",100,251,46,NA,0,0,0,0,2,0,0,30,344,2,NA,NA,0
"BRANDONPETTIGREW","TE","Brandon Pettigrew","DET",43,253,44,NA,0,0,0,0,0,0,0,35,345,2,NA,NA,1
"TIMWRIGHT","TE","Tim Wright","NEP",43,253,44,NA,0,0,0,0,1,2,0,25,266,3,NA,NA,0
"DAVANTEADAMS","WR","Davante Adams","GBP",101,253,44,NA,0,0,0,0,1,3,0,25,325,2,NA,NA,0
"KEVINOGLETREE","WR","Kevin Ogletree","DET",101,253,44,NA,0,0,0,0,1,6,0,17,209,4,NA,NA,0
"ALFREDBLUE","RB","Alfred Blue","HOU",72,257,43,NA,0,0,0,0,60,275,2,7,63,0,NA,NA,1
"DUJUANHARRIS","RB","DuJuan Harris","GBP",73,258,42,NA,0,0,0,0,50,214,3,8,53,0,NA,NA,1
"CHRISPOLK","RB","Chris Polk","PHI",74,259,41,NA,0,0,0,0,30,130,4,3,48,0,NA,NA,0
"MIKEBROWN","WR","Mike Brown","JAC",103,259,41,NA,0,0,0,0,0,0,0,22,315,2,NA,NA,1
"LEONARDHANKERSON","WR","Leonard Hankerson","WAS",103,259,41,NA,0,0,0,0,1,4,0,24,291,2,NA,NA,0
"JOSEPHMORGAN","WR","Joseph Morgan","NOS",103,259,41,NA,0,0,0,0,2,0,0,12,233,3,NA,NA,0
"SANTANAMOSS","WR","Santana Moss","WAS",103,259,41,NA,0,0,0,0,3,12,0,34,380,1,NA,NA,2
"JOSEPHFAURIA","TE","Joseph Fauria","DET",45,264,39,NA,0,0,0,0,0,0,0,14,155,4,NA,NA,0
"LOGANPAULSEN","TE","Logan Paulsen","WAS",45,264,39,NA,0,0,0,0,0,0,0,29,259,3,NA,NA,2
"JUNIORHEMINGWAY","WR","Junior Hemingway","KCC",107,264,39,NA,0,0,0,0,3,0,0,29,272,2,NA,NA,0
"DEXTERMCCLUSTER","RB","Dexter McCluster","TEN",75,267,38,NA,0,0,0,0,11,20,0,34,304,1,NA,NA,0
"ACESANDERS","WR","Ace Sanders","JAC",108,267,38,NA,0,0,0,0,1,0,0,33,321,1,NA,NA,0
"MATTSCHAUB","QB","Matt Schaub","OAK",40,269,37,NA,72,824,2,5,5,28,0,0,0,0,NA,NA,0
"BENJAMINWATSON","TE","Ben Watson","NOS",47,269,37,NA,0,0,0,0,0,0,0,22,252,2,NA,NA,0
"RYANBROYLES","WR","Ryan Broyles","DET",109,269,37,NA,0,0,0,0,1,5,0,18,196,3,NA,NA,0
"JOSHMORGAN","WR","Josh Morgan","CHI",109,269,37,NA,0,0,0,0,2,6,0,26,251,2,NA,NA,0
"ALDRICKROBINSON","WR","Aldrick Robinson","WAS",109,269,37,NA,0,0,0,0,2,0,0,13,253,2,NA,NA,0
"BRYCEBROWN","RB","Bryce Brown","BUF",76,274,36,NA,0,0,0,0,60,270,1,9,30,0,NA,NA,0
"JOHNCARLSON","TE","John Carlson","ARI",48,274,36,NA,0,0,0,0,0,0,0,24,265,2,NA,NA,1
"RICHARDRODGERS","TE","Richard Rodgers","GBP",48,274,36,NA,0,0,0,0,0,0,0,24,265,2,NA,NA,1
"LEVINETOILOLO","TE","Levine Toilolo","ATL",48,274,36,NA,0,0,0,0,0,0,0,26,244,2,NA,NA,0
"DEVINHESTER","WR","Devin Hester","ATL",112,274,36,NA,0,0,0,0,1,1,0,21,240,2,NA,NA,0
"BRANDONBOLDEN","RB","Brandon Bolden","NEP",77,279,35,NA,0,0,0,0,39,145,2,11,97,0,NA,NA,0
"BILALPOWELL","RB","Bilal Powell","NYJ",77,279,35,NA,0,0,0,0,50,210,1,12,85,0,NA,NA,0
"JUSTINFORSETT","RB","Justin Forsett","BAL",79,281,34,NA,0,0,0,0,40,175,0,14,110,1,NA,NA,0
"CLAYHARBOR","TE","Clay Harbor","JAC",51,281,34,NA,0,0,0,0,0,0,0,21,240,2,NA,NA,1
"DANHERRON","RB","Dan Herron","IND",80,283,33,NA,0,0,0,0,60,255,1,5,48,0,NA,NA,1
"MARQUISEGOODWIN","WR","Marquise Goodwin","BUF",113,283,33,NA,0,0,0,0,3,7,0,14,217,2,NA,NA,0
"CHARLIEWHITEHURST","QB","Charlie Whitehurst","TEN",41,285,32,NA,62,650,3,4,15,25,0,0,0,0,NA,NA,2
"TREMASON","RB","Tre Mason","STL",81,285,32,NA,0,0,0,0,45,195,1,9,75,0,NA,NA,0
"THEORIDDICK","RB","Theo Riddick","DET",81,285,32,NA,0,0,0,0,40,180,1,12,85,0,NA,NA,0
"CODYLATIMER","WR","Cody Latimer","DEN",114,285,32,NA,0,0,0,0,0,0,0,23,265,1,NA,NA,0
"QUINTONPATTON","WR","Quinton Patton","SFO",114,285,32,NA,0,0,0,0,3,3,0,25,325,0,NA,NA,0
"MARQUESSWILSON","WR","Marquess Wilson","CHI",114,285,32,NA,0,0,0,0,1,2,0,23,202,2,NA,NA,0
"SHAUNDRAUGHN","RB","Shaun Draughn","CHI",83,291,31,NA,0,0,0,0,47,171,2,6,49,0,NA,NA,1
"MIKEJAMES","RB","Mike James","TBB",83,291,31,NA,0,0,0,0,42,186,1,13,73,0,NA,NA,0
"DONTRELLEINMAN","WR","Dontrelle Inman","SDC",117,291,31,NA,0,0,0,0,0,0,0,23,255,1,NA,NA,0
"DWAYNEHARRIS","WR","Dwayne Harris","DAL",118,294,30,NA,0,0,0,0,0,0,0,14,146,3,NA,NA,1
"ALLENHURNS","WR","Allen Hurns","JAC",118,294,30,NA,0,0,0,0,1,0,0,38,324,0,NA,NA,1
"JIMMYCLAUSEN","QB","Jimmy Clausen","CHI",42,296,29,NA,46,435,3,2,4,21,0,0,0,0,NA,NA,0
"ANTONESMITH","RB","Antone Smith","ATL",85,296,29,NA,0,0,0,0,30,89,1,18,110,1,NA,NA,1
"TRAVISBENJAMIN","WR","Travis Benjamin","CLE",120,296,29,NA,0,0,0,0,3,16,0,26,307,0,NA,NA,1
"MIKETHOMAS","WR","Mike Thomas","HOU",120,296,29,NA,0,0,0,0,3,20,0,21,219,1,NA,NA,0
"CJFIEDOROWICZ","TE","C.J. Fiedorowicz","HOU",52,300,28,NA,0,0,0,0,0,0,0,15,167,2,NA,NA,0
"ZACHSUDFELD","TE","Zach Sudfeld","NYJ",52,300,28,NA,0,0,0,0,0,0,0,17,225,1,NA,NA,0
"RISHARDMATTHEWS","WR","Rishard Matthews","MIA",122,300,28,NA,0,0,0,0,0,0,0,29,283,0,NA,NA,0
"JOSEPHRANDLE","RB","Joseph Randle","DAL",86,303,27,NA,0,0,0,0,40,175,1,6,43,0,NA,NA,0
"GAVINESCOBAR","TE","Gavin Escobar","DAL",54,303,27,NA,0,0,0,0,0,0,0,13,155,2,NA,NA,0
"MICHAELPRESTON","WR","Michael Preston","TEN",123,303,27,NA,0,0,0,0,0,0,0,13,150,2,NA,NA,0
"KELLENCLEMENS","QB","Kellen Clemens","SDC",43,306,26,NA,43,447,3,2,12,12,0,0,0,0,NA,NA,1
"AUSTINDAVIS","QB","Austin Davis","STL",43,306,26,NA,40,425,3,3,2,5,0,0,0,0,NA,NA,0
"LAMICHAELJAMES","RB","LaMichael James","SFO",87,306,26,NA,0,0,0,0,34,157,1,4,53,0,NA,NA,0
"TROYNIKLAS","TE","Troy Niklas","ARI",55,306,26,NA,0,0,0,0,0,0,0,20,225,1,NA,NA,1
"JERICKMCKINNON","RB","Jerick McKinnon","MIN",88,310,25,NA,0,0,0,0,50,235,0,4,27,0,NA,NA,0
"LORENZOTALIAFERRO","RB","Lorenzo Taliaferro","BAL",88,310,25,NA,0,0,0,0,30,135,2,0,0,0,NA,NA,0
"FOZZYWHITTAKER","RB","Fozzy Whittaker","CAR",88,310,25,NA,0,0,0,0,33,105,0,15,98,1,NA,NA,0
"EDDICKSON","TE","Ed Dickson","CAR",56,310,25,NA,0,0,0,0,0,0,0,22,250,0,NA,NA,0
"ROBERTHERRON","WR","Robert Herron","TBB",124,310,25,NA,0,0,0,0,3,15,0,21,242,0,NA,NA,0
"MICHAELVICK","QB","Michael Vick","NYJ",45,315,21,NA,39,445,1,8,21,123,0,0,0,0,NA,NA,2
"CJANDERSON","RB","C.J. Anderson","DEN",91,315,21,NA,0,0,0,0,50,203,0,3,34,0,NA,NA,1
"RYANGRIFFIN","TE","Ryan Griffin","HOU",57,315,21,NA,0,0,0,0,0,0,0,12,152,1,NA,NA,0
"BRUCEELLINGTON","WR","Bruce Ellington","SFO",125,315,21,NA,0,0,0,0,0,0,0,17,215,0,NA,NA,0
"KESHAWNMARTIN","WR","Keshawn Martin","HOU",125,315,21,NA,0,0,0,0,0,0,0,15,173,1,NA,NA,1
"KIRKCOUSINS","QB","Kirk Cousins","WAS",46,320,20,NA,49,455,2,6,6,7,0,0,0,0,NA,NA,0
"TRAVARISCADET","RB","Travaris Cadet","NOS",92,320,20,NA,0,0,0,0,17,67,1,9,48,1,NA,NA,1
"JIMDRAY","TE","Jim Dray","CLE",58,322,19,NA,0,0,0,0,3,16,0,18,146,1,NA,NA,1
"MICHAELHOOMANAWANUI","TE","Michael Hoomanawanui","NEP",58,322,19,NA,0,0,0,0,0,0,0,9,131,1,NA,NA,0
"STEDMANBAILEY","WR","Stedman Bailey","STL",127,322,19,NA,0,0,0,0,1,3,0,13,199,0,NA,NA,0
"DARRIUSHEYWARDBEY","WR","Darrius Heyward-Bey","PIT",127,322,19,NA,0,0,0,0,1,0,0,13,131,1,NA,NA,0
"SANTONIOHOLMES","WR","Santonio Holmes","CHI",129,326,18,NA,0,0,0,0,0,0,0,13,184,0,NA,NA,0
"TARVARISJACKSON","QB","Tarvaris Jackson","SEA",47,327,17,NA,13,187,1,0,7,0,1,0,0,0,NA,NA,0
"STANLEYHAVILI","RB","Stanley Havili","IND",93,327,17,NA,0,0,0,0,7,10,0,22,161,0,NA,NA,0
"ROBERTHOUSLER","TE","Robert Housler","ARI",60,327,17,NA,0,0,0,0,0,0,0,16,175,0,NA,NA,0
"BRANDONBOSTICK","TE","Brandon Bostick","GBP",61,330,16,NA,0,0,0,0,0,0,0,8,103,1,NA,NA,0
"DEVIERPOSEY","WR","DeVier Posey","HOU",130,330,16,NA,0,0,0,0,0,0,0,16,163,0,NA,NA,0
"CHASEFORD","TE","Chase Ford","MIN",62,332,15,NA,0,0,0,0,0,0,0,16,153,0,NA,NA,0
"CRAIGSTEVENS","TE","Craig Stevens","TEN",62,332,15,NA,0,0,0,0,0,0,0,9,98,1,NA,NA,0
"DREWDAVIS","WR","Drew Davis","ATL",131,332,15,NA,0,0,0,0,0,0,0,6,96,1,NA,NA,0
"DONTEMONCRIEF","WR","Donte Moncrief","IND",131,332,15,NA,0,0,0,0,1,7,0,15,175,0,NA,NA,1
"DARICKROGERS","WR","Da'Rick Rogers","IND",131,332,15,NA,0,0,0,0,1,0,0,10,159,0,NA,NA,0
"TYRODTAYLOR","QB","Tyrod Taylor","BAL",48,337,14,NA,7,44,0,3,27,163,0,0,0,0,NA,NA,0
"CYRUSGRAY","RB","Cyrus Gray","KCC",94,337,14,NA,0,0,0,0,15,51,0,13,111,0,NA,NA,1
"CHARLESSIMS","RB","Charles Sims","TBB",94,337,14,NA,0,0,0,0,22,79,0,12,78,0,NA,NA,0
"STEPFANTAYLOR","RB","Stepfan Taylor","ARI",94,337,14,NA,0,0,0,0,35,100,0,9,47,0,NA,NA,0
"GARYBARNIDGE","TE","Gary Barnidge","CLE",64,337,14,NA,0,0,0,0,0,0,0,11,86,1,NA,NA,0
"MATTMCGLOIN","QB","Matt McGloin","OAK",49,342,13,NA,20,250,1,1,3,8,0,0,0,0,NA,NA,0
"CHRISTIANPONDER","QB","Christian Ponder","MIN",49,342,13,NA,25,220,2,2,5,16,0,0,0,0,NA,NA,1
"DRIARCHER","RB","Dri Archer","PIT",97,342,13,NA,0,0,0,0,22,75,0,13,89,0,NA,NA,1
"SEYIAJIROTUTU","WR","Seyi Ajirotutu","SDC",134,342,13,NA,0,0,0,0,0,0,0,5,78,1,NA,NA,0
"DANESANZENBACHER","WR","Dane Sanzenbacher","CIN",134,342,13,NA,0,0,0,0,0,0,0,13,135,0,NA,NA,0
"DEVINSTREET","WR","Devin Street","DAL",134,342,13,NA,0,0,0,0,0,2,0,14,136,0,NA,NA,0
"KENJONBARNER","RB","Kenjon Barner","PHI",98,348,12,NA,0,0,0,0,25,125,0,0,1,0,NA,NA,0
"DIONSIMS","TE","Dion Sims","MIA",65,348,12,NA,0,0,0,0,0,0,0,15,120,0,NA,NA,0
"ISAIAHCROWELL","RB","Isaiah Crowell","CLE",99,350,11,NA,0,0,0,0,47,117,0,10,21,0,NA,NA,1
"JARONBROWN","WR","Jaron Brown","ARI",137,350,11,NA,0,0,0,0,0,0,0,9,119,0,NA,NA,0
"JEREMYROSS","WR","Jeremy Ross","DET",137,350,11,NA,0,0,0,0,2,13,0,6,64,1,NA,NA,1
"NICKTOON","WR","Nick Toon","NOS",137,350,11,NA,0,0,0,0,0,0,0,6,110,0,NA,NA,0
"DAMIENWILLIAMS","RB","Damien Williams","MIA",100,354,10,NA,0,0,0,0,30,85,0,7,41,0,NA,NA,1
"VANCEMCDONALD","TE","Vance McDonald","SFO",66,354,10,NA,0,0,0,0,0,0,0,8,108,0,NA,NA,0
"LEESMITH","TE","Lee Smith","BUF",66,354,10,NA,0,0,0,0,0,0,0,4,46,1,NA,NA,0
"MATTSPAETH","TE","Matt Spaeth","PIT",66,354,10,NA,0,0,0,0,0,0,0,3,40,1,NA,NA,0
"AJJENKINS","WR","A.J. Jenkins","KCC",140,354,10,NA,0,0,0,0,0,0,0,6,107,0,NA,NA,0
"CHRISOWUSU","WR","Chris Owusu","TBB",140,354,10,NA,0,0,0,0,1,2,0,10,102,0,NA,NA,0
"PAULRICHARDSON","WR","Paul Richardson","SEA",140,354,10,NA,0,0,0,0,1,0,0,8,129,0,NA,NA,1
"GREGSALAS","WR","Greg Salas","NYJ",140,354,10,NA,0,0,0,0,3,12,0,9,96,0,NA,NA,0
"DAMIANWILLIAMS","WR","Damian Williams","MIA",140,354,10,NA,0,0,0,0,0,0,0,6,107,0,NA,NA,0
"MATTHASSELBECK","QB","Matt Hasselbeck","IND",51,363,9,NA,20,323,0,3,6,0,0,0,0,0,NA,NA,0
"MARKSANCHEZ","QB","Mark Sanchez","PHI",51,363,9,NA,20,230,1,4,7,0,0,0,0,0,NA,NA,0
"MONTELLOWENS","RB","Montell Owens","DET",101,363,9,NA,0,0,0,0,13,54,0,3,49,0,NA,NA,0
"RHETTELLISON","TE","Rhett Ellison","MIN",69,366,8,NA,0,0,0,0,0,0,0,14,103,0,NA,NA,1
"JOSHHILL","TE","Josh Hill","NOS",69,366,8,NA,0,0,0,0,1,0,0,9,82,0,NA,NA,0
"DEONTETHOMPSON","WR","Deonte Thompson","BAL",145,366,8,NA,0,0,0,0,0,0,0,9,86,0,NA,NA,0
"DREWSTANTON","QB","Drew Stanton","ARI",53,369,7,NA,29,284,0,4,0,1,0,0,0,0,NA,NA,0
"RONNIEBROWN","RB","Ronnie Brown","HOU",102,369,7,NA,0,0,0,0,17,59,0,3,20,0,NA,NA,0
"SILASREDD","RB","Silas Redd","WAS",102,369,7,NA,0,0,0,0,14,49,0,7,30,0,NA,NA,0
"JAMESHANNA","TE","James Hanna","DAL",71,369,7,NA,0,0,0,0,0,0,0,10,75,0,NA,NA,0
"BEARPASCOE","TE","Bear Pascoe","ATL",71,369,7,NA,0,0,0,0,1,2,0,12,75,0,NA,NA,0
"TAYLORGABRIEL","WR","Taylor Gabriel","CLE",146,369,7,NA,0,0,0,0,4,17,0,6,60,0,NA,NA,0
"BROCKOSWEILER","QB","Brock Osweiler","DEN",54,375,6,NA,19,163,0,0,11,0,0,0,0,0,NA,NA,0
"MARCUSLATTIMORE","RB","Marcus Lattimore","SFO",104,375,6,NA,0,0,0,0,20,64,0,2,3,0,NA,NA,0
"DAVIDPAULSON","TE","David Paulson","PIT",73,375,6,NA,0,0,0,0,0,0,0,4,66,0,NA,NA,0
"JOHNPHILLIPS","TE","John Phillips","SDC",73,375,6,NA,0,0,0,0,0,0,0,5,69,0,NA,NA,0
"AUSTINSEFERIANJENKINS","TE","Austin Seferian-Jenkins","TBB",73,375,6,NA,0,0,0,0,0,0,0,7,66,0,NA,NA,0
"LUKESTOCKER","TE","Luke Stocker","TBB",73,375,6,NA,0,0,0,0,0,0,0,8,67,0,NA,NA,0
"FRANKIEHAMMOND","WR","Frankie Hammond","KCC",147,375,6,NA,0,0,0,0,1,0,0,9,80,0,NA,NA,1
"MATTMOORE","QB","Matt Moore","MIA",55,382,5,NA,8,137,1,4,3,0,0,0,0,0,NA,NA,0
"TJYATES","QB","T.J. Yates","ATL",55,382,5,NA,34,259,0,5,3,0,0,0,0,0,NA,NA,0
"VIRGILGREEN","TE","Virgil Green","DEN",77,382,5,NA,0,0,0,0,1,4,0,9,52,0,NA,NA,0
"JEFFKING","TE","Jeff King","ARI",77,382,5,NA,0,0,0,0,0,0,0,7,54,0,NA,NA,0
"TANDONDOSS","WR","Tandon Doss","JAC",148,382,5,NA,0,0,0,0,0,0,0,6,75,0,NA,NA,1
"RICARDOLOCKETTE","WR","Ricardo Lockette","SEA",148,382,5,NA,0,0,0,0,0,0,0,5,55,0,NA,NA,0
"ALVESTERALEXANDER","RB","Alvester Alexander","PIT",105,388,4,NA,0,0,0,0,18,41,0,4,21,0,NA,NA,1
"KADEEMCAREY","RB","Ka'Deem Carey","CHI",105,388,4,NA,0,0,0,0,16,32,0,2,19,0,NA,NA,0
"ANTHONYDIXON","RB","Anthony Dixon","BUF",105,388,4,NA,0,0,0,0,12,18,0,4,33,0,NA,NA,0
"STEPHENHOUSTON","RB","Stephen Houston","PIT",105,388,4,NA,0,0,0,0,18,41,0,4,21,0,NA,NA,1
"STORMJOHNSON","RB","Storm Johnson","JAC",105,388,4,NA,0,0,0,0,10,29,0,7,25,0,NA,NA,0
"ZURLONTIPTON","RB","Zurlon Tipton","IND",105,388,4,NA,0,0,0,0,9,33,0,3,15,0,NA,NA,0
"NILESPAUL","TE","Niles Paul","WAS",79,388,4,NA,0,0,0,0,0,0,0,4,47,0,NA,NA,0
"BRICEBUTLER","WR","Brice Butler","OAK",150,388,4,NA,0,0,0,0,0,0,0,5,45,0,NA,NA,0
"CHRISHOGAN","WR","Chris Hogan","BUF",150,388,4,NA,0,0,0,0,0,0,0,6,46,0,NA,NA,0
"KYLEORTON","QB","Kyle Orton","BUF",57,397,3,NA,8,97,0,0,0,0,0,0,0,0,NA,NA,0
"ERIKLORIG","RB","Erik Lorig","NOS",111,397,3,NA,0,0,0,0,10,21,0,4,15,0,NA,NA,0
"JOEMCKNIGHT","RB","Joe McKnight","KCC",111,397,3,NA,0,0,0,0,9,33,0,2,25,0,NA,NA,1
"DENARDROBINSON","RB","Denard Robinson","JAC",111,397,3,NA,0,0,0,0,18,51,0,1,3,0,NA,NA,1
"JAMESCASEY","TE","James Casey","PHI",80,397,3,NA,0,0,0,0,0,0,0,4,38,0,NA,NA,0
"JUSTICECUNNINGHAM","TE","Justice Cunningham","STL",80,397,3,NA,0,0,0,0,0,0,0,5,37,0,NA,NA,0
"MICHAELPALMER","TE","Michael Palmer","PIT",80,397,3,NA,0,0,0,0,0,0,0,2,31,0,NA,NA,0
"ODELLBECKHAM","WR","Odell Beckham","NYG",152,397,3,NA,0,0,0,0,0,0,0,7,54,0,NA,NA,1
"DERRICKCOLEMAN","RB","Derrick Coleman","SEA",114,405,2,NA,0,0,0,0,0,0,0,4,24,0,NA,NA,0
"DEVONTAFREEMAN","RB","Devonta Freeman","ATL",114,405,2,NA,0,0,0,0,5,10,0,5,17,0,NA,NA,0
"PHILLIPTANNER","RB","Phillip Tanner","DAL",114,405,2,NA,0,0,0,0,7,10,0,1,18,0,NA,NA,0
"JACKDOYLE","TE","Jack Doyle","IND",83,405,2,NA,0,0,0,0,0,0,0,6,25,0,NA,NA,0
"TAYLORTHOMPSON","TE","Taylor Thompson","TEN",83,405,2,NA,0,0,0,0,0,0,0,3,25,0,NA,NA,0
"BRENTONBERSIN","WR","Brenton Bersin","CAR",153,405,2,NA,0,0,0,0,1,4,0,3,29,0,NA,NA,0
"RYANGRANT","WR","Ryan Grant","WAS",153,405,2,NA,0,0,0,0,2,6,0,4,21,0,NA,NA,0
"JOSHHUFF","WR","Josh Huff","PHI",153,405,2,NA,0,0,0,0,2,6,0,4,41,0,NA,NA,1
"BRANDONTATE","WR","Brandon Tate","CIN",153,405,2,NA,0,0,0,0,0,0,0,2,26,0,NA,NA,0
"BLAINEGABBERT","QB","Blaine Gabbert","SFO",58,414,1,NA,7,54,0,1,12,0,0,0,0,0,NA,NA,0
"LOGANTHOMAS","QB","Logan Thomas","ARI",58,414,1,NA,2,52,0,1,0,0,0,0,0,0,NA,NA,0
"BRANDENOLIVER","RB","Branden Oliver","SDC",117,414,1,NA,0,0,0,0,7,11,0,0,0,0,NA,NA,0
"CEDRICPEERMAN","RB","Cedric Peerman","CIN",117,414,1,NA,0,0,0,0,9,19,0,0,0,0,NA,NA,0
"MATTHEWMULLIGAN","TE","Matthew Mulligan","CHI",85,414,1,NA,0,0,0,0,0,0,0,1,12,0,NA,NA,0
"RYANTAYLOR","TE","Ryan Taylor","GBP",85,414,1,NA,0,0,0,0,0,0,0,3,16,0,NA,NA,0
"JEFFMAEHL","WR","Jeff Maehl","PHI",157,414,1,NA,0,0,0,0,0,0,0,1,16,0,NA,NA,0
"BRADSMITH","WR","Brad Smith","PHI",157,414,1,NA,0,0,0,0,2,3,0,2,15,0,NA,NA,0
"DEREKANDERSON","QB","Derek Anderson","CAR",60,422,0,NA,1,12,0,0,12,1,0,0,0,0,NA,NA,0
"MATTBARKLEY","QB","Matt Barkley","PHI",60,422,0,NA,0,4,0,0,0,0,0,0,0,0,NA,NA,0
"MCLEODBETHELTHOMPSON","QB","McLeod Bethel-Thompson","SFO",60,422,0,NA,0,0,0,0,0,0,0,0,0,0,NA,NA,0
"SAMBRADFORD","QB","Sam Bradford","STL",60,422,0,NA,0,0,0,0,0,0,0,0,0,0,NA,NA,0
"CHASEDANIEL","QB","Chase Daniel","KCC",60,422,0,NA,6,69,0,2,18,0,0,0,0,0,NA,NA,0
"DAVIDFALES","QB","David Fales","CHI",60,422,0,NA,0,0,0,0,0,0,0,0,0,0,NA,NA,0
"JIMMYGAROPPOLO","QB","Jimmy Garoppolo","NEP",60,422,0,NA,1,16,0,0,5,0,0,0,0,0,NA,NA,0
"BRUCEGRADKOWSKI","QB","Bruce Gradkowski","PIT",60,422,0,NA,1,6,0,0,0,0,0,0,0,0,NA,NA,0
"REXGROSSMAN","QB","Rex Grossman","CLE",60,422,0,NA,0,0,0,0,0,0,0,0,0,0,NA,NA,0
"CHANDLERHARNISH","QB","Chandler Harnish","IND",60,422,0,NA,0,0,0,0,0,0,0,0,0,0,NA,NA,0
"JOSHJOHNSON","QB","Josh Johnson","SFO",60,422,0,NA,0,0,0,0,2,4,0,0,0,0,NA,NA,0
"LANDRYJONES","QB","Landry Jones","PIT",60,422,0,NA,0,0,0,0,0,0,0,0,0,0,NA,NA,0
"AJMCCARRON","QB","A.J. McCarron","CIN",60,422,0,NA,0,0,0,0,0,0,0,0,0,0,NA,NA,0
"LUKEMCCOWN","QB","Luke McCown","NOS",60,422,0,NA,0,0,0,0,1,0,0,0,0,0,NA,NA,0
"COLTMCCOY","QB","Colt McCoy","WAS",60,422,0,NA,0,2,0,0,1,0,0,0,0,0,NA,NA,0
"ZACHMETTENBERGER","QB","Zach Mettenberger","TEN",60,422,0,NA,0,0,0,0,0,0,0,0,0,0,NA,NA,0
"KELLENMOORE","QB","Kellen Moore","DET",60,422,0,NA,0,0,0,0,0,0,0,0,0,0,NA,NA,0
"AARONMURRAY","QB","Aaron Murray","KCC",60,422,0,NA,0,0,0,0,0,0,0,0,0,0,NA,NA,0
"RYANNASSIB","QB","Ryan Nassib","NYG",60,422,0,NA,8,67,0,2,6,0,0,0,0,0,NA,NA,0
"DANORLOVSKY","QB","Dan Orlovsky","DET",60,422,0,NA,0,1,0,0,3,0,0,0,0,0,NA,NA,0
"SEANRENFREE","QB","Sean Renfree","ATL",60,422,0,NA,0,0,0,0,0,0,0,0,0,0,NA,NA,0
"TOMSAVAGE","QB","Tom Savage","HOU",60,422,0,NA,0,0,0,0,0,0,0,0,0,0,NA,NA,0
"SCOTTTOLZIEN","QB","Scott Tolzien","GBP",60,422,0,NA,2,18,0,0,0,1,0,0,0,0,NA,NA,0
"DUSTINVAUGHAN","QB","Dustin Vaughan","DAL",60,422,0,NA,0,0,0,0,0,0,0,0,0,0,NA,NA,0
"JOEWEBB","QB","Joe Webb","CAR",60,422,0,NA,0,0,0,0,0,0,0,0,0,0,NA,NA,0
"VICKBALLARD","RB","Vick Ballard","IND",119,422,0,NA,0,0,0,0,0,0,0,0,0,0,NA,NA,0
"REXBURKHEAD","RB","Rex Burkhead","CIN",119,422,0,NA,0,0,0,0,0,0,0,0,1,0,NA,NA,0
"TYLERGAFFNEY","RB","Tyler Gaffney","NEP",119,422,0,NA,0,0,0,0,0,0,0,0,0,0,NA,NA,0
"MIKEGILLISLEE","RB","Mike Gillislee","MIA",119,422,0,NA,0,0,0,0,0,0,0,0,0,0,NA,NA,0
"MARIONGRICE","RB","Marion Grice","SDC",119,422,0,NA,0,0,0,0,1,0,0,0,0,0,NA,NA,0
"ROBERTHUGHES","RB","Robert Hughes","ARI",119,422,0,NA,0,0,0,0,1,3,0,1,4,0,NA,NA,0
"KENDALLHUNTER","RB","Kendall Hunter","SFO",119,422,0,NA,0,0,0,0,0,0,0,0,0,0,NA,NA,0
"KYLEJUSZCZYK","RB","Kyle Juszczyk","BAL",119,422,0,NA,0,0,0,0,0,0,0,0,0,0,NA,NA,0
"BENMALENA","RB","Ben Malena","DAL",119,422,0,NA,0,0,0,0,0,0,0,0,0,0,NA,NA,0
"RAJIONNEAL","RB","Rajion Neal","GBP",119,422,0,NA,0,0,0,0,0,0,0,0,0,0,NA,NA,0
"ISAIAHPEAD","RB","Isaiah Pead","STL",119,422,0,NA,0,0,0,0,0,0,0,0,0,0,NA,NA,0
"SENORISEPERRY","RB","Senorise Perry","CHI",119,422,0,NA,0,0,0,0,0,0,0,0,0,0,NA,NA,0
"CHASEREYNOLDS","RB","Chase Reynolds","STL",119,422,0,NA,0,0,0,0,1,0,0,1,6,0,NA,NA,0
"DEANTHONYTHOMAS","RB","De'Anthony Thomas","KCC",119,422,0,NA,0,0,0,0,6,12,0,2,12,0,NA,NA,1
"JUWANTHOMPSON","RB","Juwan Thompson","DEN",119,422,0,NA,0,0,0,0,2,0,0,0,0,0,NA,NA,0
"JOSHVAUGHAN","RB","Josh Vaughan","ATL",119,422,0,NA,0,0,0,0,1,1,0,0,0,0,NA,NA,0
"LEONWASHINGTON","RB","Leon Washington","TEN",119,422,0,NA,0,0,0,0,1,1,0,0,0,0,NA,NA,0
"TREYBURTON","TE","Trey Burton","PHI",87,422,0,NA,0,0,0,0,0,0,0,0,0,0,NA,NA,0
"GARRETTCELEK","TE","Garrett Celek","SFO",87,422,0,NA,0,0,0,0,0,0,0,1,3,0,NA,NA,0
"DANIELFELLS","TE","Daniel Fells","NYG",87,422,0,NA,0,0,0,0,0,0,0,0,4,0,NA,NA,0
"CROCKETTGILLMORE","TE","Crockett Gillmore","BAL",87,422,0,NA,0,0,0,0,0,0,0,0,0,0,NA,NA,0
"CHRISGRAGG","TE","Chris Gragg","BUF",87,422,0,NA,0,0,0,0,0,0,0,0,0,0,NA,NA,0
"DEMETRIUSHARRIS","TE","Demetrius Harris","KCC",87,422,0,NA,0,0,0,0,0,0,0,0,0,0,NA,NA,0
"GATORHOSKINS","TE","Gator Hoskins","MIA",87,422,0,NA,0,0,0,0,0,0,0,2,9,0,NA,NA,0
"NICKKASA","TE","Nick Kasa","OAK",87,422,0,NA,0,0,0,0,0,0,0,0,0,0,NA,NA,0
"BRIANLEONHARDT","TE","Brian Leonhardt","OAK",87,422,0,NA,0,0,0,0,0,0,0,0,0,0,NA,NA,0
"TONYMOEAKI","TE","Tony Moeaki","BUF",87,422,0,NA,0,0,0,0,0,0,0,0,0,0,NA,NA,0
"DANTEROSARIO","TE","Dante Rosario","CHI",87,422,0,NA,0,0,0,0,0,0,0,0,0,0,NA,NA,0
"ALEXSMITH","TE","Alex Smith","CIN",87,422,0,NA,0,0,0,0,0,0,0,1,6,0,NA,NA,0
"BRANDONWILLIAMS","TE","Brandon Williams","CAR",87,422,0,NA,0,0,0,0,0,0,0,0,0,0,NA,NA,0
"JUSTINBLACKMON","WR","Justin Blackmon","JAC",159,422,0,NA,0,0,0,0,0,0,0,0,0,0,NA,NA,0
"JUSTINBROWN","WR","Justin Brown","PIT",159,422,0,NA,0,0,0,0,0,0,0,0,0,0,NA,NA,0
"PHILLYBROWN","WR","Philly Brown","CAR",159,422,0,NA,0,0,0,0,0,0,0,0,0,0,NA,NA,0
"MARTAVISBRYANT","WR","Martavis Bryant","PIT",159,422,0,NA,0,0,0,0,0,0,0,0,0,0,NA,NA,0
"ISAIAHBURSE","WR","Isaiah Burse","DEN",159,422,0,NA,0,0,0,0,0,0,0,0,0,0,NA,NA,0
"LARONBYRD","WR","LaRon Byrd","DAL",159,422,0,NA,0,0,0,0,0,0,0,0,0,0,NA,NA,0
"MICHAELCAMPANARO","WR","Michael Campanaro","BAL",159,422,0,NA,0,0,0,0,0,0,0,0,0,0,NA,NA,0
"KAINCOLTER","WR","Kain Colter","MIN",159,422,0,NA,0,0,0,0,0,0,0,0,0,0,NA,NA,0
"MARCUSEASLEY","WR","Marcus Easley","BUF",159,422,0,NA,0,0,0,0,0,0,0,0,0,0,NA,NA,0
"SHAQEVANS","WR","Shaq Evans","NYJ",159,422,0,NA,0,0,0,0,0,0,0,0,0,0,NA,NA,0
"COREYFULLER","WR","Corey Fuller","DET",159,422,0,NA,0,0,0,0,0,0,0,0,0,0,NA,NA,0
"JOSHGORDON","WR","Josh Gordon","CLE",159,422,0,NA,0,0,0,0,0,0,0,0,0,0,NA,NA,0
"MARCUSHARRIS","WR","Marcus Harris","NYG",159,422,0,NA,0,0,0,0,0,0,0,0,0,0,NA,NA,0
"LESTARJEAN","WR","Lestar Jean","MIN",159,422,0,NA,0,0,0,0,0,0,0,0,0,0,NA,NA,0
"CHARLESJOHNSON","WR","Charles Johnson","CLE",159,422,0,NA,0,0,0,0,0,0,0,0,0,0,NA,NA,0
"TJJONES","WR","T.J. Jones","DET",159,422,0,NA,0,0,0,0,0,0,0,0,0,0,NA,NA,0
"JARVISLANDRY","WR","Jarvis Landry","MIA",159,422,0,NA,0,0,0,0,0,0,0,0,0,0,NA,NA,0
"ERIKLORA","WR","Erik Lora","MIN",159,422,0,NA,0,0,0,0,0,0,0,0,0,0,NA,NA,0
"MARLONMOORE","WR","Marlon Moore","CLE",159,422,0,NA,0,0,0,0,0,0,0,0,0,0,NA,NA,0
"LOUISMURPHY","WR","Louis Murphy","TBB",159,422,0,NA,0,0,0,0,0,0,0,4,25,0,NA,NA,1
"KEVINNORWOOD","WR","Kevin Norwood","SEA",159,422,0,NA,0,0,0,0,0,0,0,0,0,0,NA,NA,0
"PRESTONPARKER","WR","Preston Parker","NYG",159,422,0,NA,0,0,0,0,0,0,0,0,0,0,NA,NA,0
"ALLENROBINSON","WR","Allen Robinson","JAC",159,422,0,NA,0,0,0,0,1,0,0,0,0,0,NA,NA,0
"JALENSAUNDERS","WR","Jalen Saunders","NYJ",159,422,0,NA,0,0,0,0,0,0,0,0,0,0,NA,NA,0
"RUSSELLSHEPARD","WR","Russell Shepard","TBB",159,422,0,NA,0,0,0,0,1,1,0,0,1,0,NA,NA,0
"MATTSLATER","WR","Matt Slater","NEP",159,422,0,NA,0,0,0,0,0,0,0,1,8,0,NA,NA,0
"RODNEYSMITH","WR","Rodney Smith","MIN",159,422,0,NA,0,0,0,0,0,0,0,0,0,0,NA,NA,0
"MICHEALSPURLOCK","WR","Micheal Spurlock","CHI",159,422,0,NA,0,0,0,0,0,0,0,0,0,0,NA,NA,0
"ADAMTHIELEN","WR","Adam Thielen","MIN",159,422,0,NA,0,0,0,0,0,0,0,0,0,0,NA,NA,0
"BRIANTYMS","WR","Brian Tyms","NEP",159,422,0,NA,0,0,0,0,0,0,0,0,0,0,NA,NA,0
"ALBERTWILSON","WR","Albert Wilson","KCC",159,422,0,NA,0,0,0,0,0,0,0,0,0,0,NA,NA,0
"JAMESWRIGHT","WR","James Wright","CIN",159,422,0,NA,0,0,0,0,0,0,0,0,0,0,NA,NA,0
"BRANDONBARDEN","TE","Brandon Barden","JAC",100,509,-2,NA,0,0,0,0,0,0,0,1,5,0,NA,NA,1
"TRINDONHOLLIDAY","WR","Trindon Holliday","NYG",191,509,-2,NA,0,0,0,0,0,0,0,0,0,0,NA,NA,1
"ERICPAGE","WR","Eric Page","TBB",191,509,-2,NA,0,0,0,0,3,5,0,2,21,0,NA,NA,2
"COREYWASHINGTON","WR","Corey Washington","NYG",191,509,-2,NA,0,0,0,0,0,0,0,1,6,0,NA,NA,1
"ERICWEEMS","WR","Eric Weems","ATL",191,509,-2,NA,0,0,0,0,0,0,0,1,3,0,NA,NA,1
"JEFFJANIS","WR","Jeff Janis","GBP",195,514,-3,NA,0,0,0,0,0,0,0,2,12,0,NA,NA,2
