"name","pos","sourceName","name_nfl","team_nfl","positionRank","overallRank","passAtt","passComp","passYds","passTds","passInt","rushAtt","rushYds","rushTds","rec","recYds","recTds","returnTds","twoPts","fumbles","points"
"AARONRODGERS","QB","nfl","Aaron Rodgers","GB",1,1,NA,NA,4591,35,8,NA,238,3,NA,NA,NA,NA,1,NA,351.44
"ANDREWLUCK","QB","nfl","Andrew Luck","IND",2,2,NA,NA,4796,36,14,NA,252,3,NA,NA,NA,NA,NA,NA,351.04
"RUSSELLWILSON","QB","nfl","Russell Wilson","SEA",3,3,NA,NA,3787,25,9,NA,697,5,NA,NA,NA,NA,1,NA,335.18
"DREWBREES","QB","nfl","Drew Brees","NO",4,4,NA,NA,4680,34,15,NA,40,1,NA,NA,NA,NA,NA,NA,303.2
"PEYTONMANNING","QB","nfl","Peyton Manning","DEN",5,5,NA,NA,4783,35,18,NA,12,NA,NA,NA,NA,NA,1,NA,296.12
"CAMNEWTON","QB","nfl","Cam Newton","CAR",6,6,NA,NA,3510,22,12,NA,544,5,NA,NA,NA,NA,2,NA,292.8
"BENROETHLISBERGER","QB","nfl","Ben Roethlisberger","PIT",7,7,NA,NA,4582,31,13,NA,33,1,NA,NA,NA,NA,NA,NA,290.58
"TONYROMO","QB","nfl","Tony Romo","DAL",8,8,NA,NA,4275,32,11,NA,54,1,NA,NA,NA,NA,1,NA,290.4
"MATTRYAN","QB","nfl","Matt Ryan","ATL",9,9,NA,NA,4573,29,14,NA,103,NA,NA,NA,NA,NA,2,NA,285.22
"RYANTANNEHILL","QB","nfl","Ryan Tannehill","MIA",10,10,NA,NA,3895,28,13,NA,279,2,NA,NA,NA,NA,1,NA,283.7
"TOMBRADY","QB","nfl","Tom Brady","NE",11,11,NA,NA,4153,29,9,NA,35,2,NA,NA,NA,NA,1,NA,281.62
"PHILIPRIVERS","QB","nfl","Philip Rivers","SD",12,12,NA,NA,4366,31,13,NA,23,NA,NA,NA,NA,NA,1,NA,276.94
"COLINKAEPERNICK","QB","nfl","Colin Kaepernick","SF",13,13,NA,NA,3293,22,15,NA,571,4,NA,NA,NA,NA,1,NA,272.82
"TEDDYBRIDGEWATER","QB","nfl","Teddy Bridgewater","MIN",14,14,NA,NA,3781,26,13,NA,291,2,NA,NA,NA,NA,1,NA,272.34
"ELIMANNING","QB","nfl","Eli Manning","NYG",15,15,NA,NA,4327,30,13,NA,22,NA,NA,NA,NA,NA,1,NA,271.28
"MATTHEWSTAFFORD","QB","nfl","Matthew Stafford","DET",16,16,NA,NA,4258,26,14,NA,84,1,NA,NA,NA,NA,NA,NA,260.72
"SAMBRADFORD","QB","nfl","Sam Bradford","PHI",17,17,NA,NA,3725,28,14,NA,49,3,NA,NA,NA,NA,NA,NA,255.9
"MARCUSMARIOTA","QB","nfl","Marcus Mariota","TEN",18,18,NA,NA,3275,25,18,NA,390,3,NA,NA,NA,NA,1,NA,254
"CARSONPALMER","QB","nfl","Carson Palmer","ARI",19,19,NA,NA,4183,27,16,NA,45,1,NA,NA,NA,NA,NA,NA,253.82
"LEVEONBELL","RB","nfl","Le'Veon Bell","PIT",1,20,NA,NA,NA,NA,NA,NA,1165,10,NA,600,3,NA,NA,1,252.5
"JOEFLACCO","QB","nfl","Joe Flacco","BAL",20,21,NA,NA,4050,24,14,NA,70,1,NA,NA,NA,NA,2,NA,247
"ADRIANPETERSON","RB","nfl","Adrian Peterson","MIN",2,22,NA,NA,NA,NA,NA,NA,1370,13,NA,216,2,NA,1,2,246.6
"JAMAALCHARLES","RB","nfl","Jamaal Charles","KC",3,23,NA,NA,NA,NA,NA,NA,1230,10,NA,405,4,NA,1,2,245.5
"EDDIELACY","RB","nfl","Eddie Lacy","GB",4,24,NA,NA,NA,NA,NA,NA,1342,10,NA,400,2,NA,NA,1,244.2
"JAYCUTLER","QB","nfl","Jay Cutler","CHI",21,25,NA,NA,3668,25,15,NA,131,1,NA,NA,NA,NA,1,NA,237.82
"JAMEISWINSTON","QB","nfl","Jameis Winston","TB",22,26,NA,NA,3250,23,10,NA,101,3,NA,NA,NA,NA,NA,NA,230.1
"ALEXSMITH","QB","nfl","Alex Smith","KC",23,27,NA,NA,3228,21,6,NA,201,1,NA,NA,NA,NA,NA,NA,227.22
"ANTONIOBROWN","WR","nfl","Antonio Brown","PIT",1,28,NA,NA,NA,NA,NA,NA,22,1,NA,1580,10,NA,NA,NA,226.2
"DEMARYIUSTHOMAS","WR","nfl","Demaryius Thomas","DEN",2,29,NA,NA,NA,NA,NA,NA,NA,NA,NA,1484,12,NA,1,NA,222.4
"BLAKEBORTLES","QB","nfl","Blake Bortles","JAC",24,30,NA,NA,3149,20,15,NA,339,2,NA,NA,NA,NA,NA,NA,221.86
"JULIOJONES","WR","nfl","Julio Jones","ATL",3,31,NA,NA,NA,NA,NA,NA,12,NA,NA,1545,11,NA,NA,NA,221.7
"DEREKCARR","QB","nfl","Derek Carr","OAK",25,32,NA,NA,3864,22,14,NA,71,NA,NA,NA,NA,NA,NA,NA,221.66
"CALVINJOHNSON","WR","nfl","Calvin Johnson","DET",4,33,NA,NA,NA,NA,NA,NA,NA,NA,NA,1460,12,NA,NA,NA,218
"DEZBRYANT","WR","nfl","Dez Bryant","DAL",5,34,NA,NA,NA,NA,NA,NA,NA,NA,NA,1436,12,NA,NA,NA,215.6
"NICKFOLES","QB","nfl","Nick Foles","STL",26,35,NA,NA,3792,21,12,NA,33,NA,NA,NA,NA,NA,NA,NA,214.98
"MARSHAWNLYNCH","RB","nfl","Marshawn Lynch","SEA",5,36,NA,NA,NA,NA,NA,NA,1204,11,NA,245,1,NA,NA,1,214.9
"ANDYDALTON","QB","nfl","Andy Dalton","CIN",27,37,NA,NA,3567,20,15,NA,143,1,NA,NA,NA,NA,NA,NA,212.98
"ODELLBECKHAM","WR","nfl","Odell Beckham","NYG",6,38,NA,NA,NA,NA,NA,NA,63,NA,NA,1385,11,NA,NA,NA,210.8
"MATTFORTE","RB","nfl","Matt Forte","CHI",6,39,NA,NA,NA,NA,NA,NA,1000,7,NA,522,3,NA,NA,1,210.2
"CJANDERSON","RB","nfl","C.J. Anderson","DEN",7,40,NA,NA,NA,NA,NA,NA,1079,9,NA,316,2,NA,1,NA,207.5
"JEREMYHILL","RB","nfl","Jeremy Hill","CIN",8,41,NA,NA,NA,NA,NA,NA,1255,9,NA,231,1,NA,1,2,206.6
"RANDALLCOBB","WR","nfl","Randall Cobb","GB",7,42,NA,NA,NA,NA,NA,NA,96,1,NA,1297,10,NA,NA,NA,205.3
"AJGREEN","WR","nfl","A.J. Green","CIN",8,43,NA,NA,NA,NA,NA,NA,17,NA,NA,1402,10,NA,1,NA,203.9
"ALSHONJEFFERY","WR","nfl","Alshon Jeffery","CHI",9,44,NA,NA,NA,NA,NA,NA,33,NA,NA,1377,10,NA,NA,NA,201
"LESEANMCCOY","RB","nfl","LeSean McCoy","BUF",9,45,NA,NA,NA,NA,NA,NA,1183,8,NA,231,2,NA,1,2,199.4
"DEMARCOMURRAY","RB","nfl","DeMarco Murray","PHI",10,46,NA,NA,NA,NA,NA,NA,1157,9,NA,257,1,NA,NA,2,197.4
"MARKINGRAM","RB","nfl","Mark Ingram","NO",11,47,NA,NA,NA,NA,NA,NA,1201,9,NA,166,1,NA,NA,1,194.7
"BRANDINCOOKS","WR","nfl","Brandin Cooks","NO",10,48,NA,NA,NA,NA,NA,NA,149,NA,NA,1248,9,NA,NA,NA,193.7
"FRANKGORE","RB","nfl","Frank Gore","IND",12,49,NA,NA,NA,NA,NA,NA,1057,9,NA,219,2,NA,NA,NA,193.6
"MIKEEVANS","WR","nfl","Mike Evans","TB",11,50,NA,NA,NA,NA,NA,NA,NA,NA,NA,1375,9,NA,1,NA,193.5
"JUSTINFORSETT","RB","nfl","Justin Forsett","BAL",13,51,NA,NA,NA,NA,NA,NA,1098,7,NA,282,2,NA,1,1,192
"RYANFITZPATRICK","QB","nfl","Ryan Fitzpatrick","NYJ",28,52,NA,NA,2854,20,11,NA,102,1,NA,NA,NA,NA,NA,NA,188.36
"TYHILTON","WR","nfl","T.Y. Hilton","IND",12,53,NA,NA,NA,NA,NA,NA,39,NA,NA,1351,8,NA,NA,NA,187
"ALFREDMORRIS","RB","nfl","Alfred Morris","WAS",14,54,NA,NA,NA,NA,NA,NA,1249,8,NA,135,NA,NA,1,1,186.4
"EMMANUELSANDERS","WR","nfl","Emmanuel Sanders","DEN",13,55,NA,NA,NA,NA,NA,NA,37,NA,NA,1398,7,NA,NA,NA,185.5
"LAMARMILLER","RB","nfl","Lamar Miller","MIA",15,56,NA,NA,NA,NA,NA,NA,1157,7,NA,238,1,NA,NA,2,183.5
"JOSHMCCOWN","QB","nfl","Josh McCown","CLE",29,57,NA,NA,3400,15,16,NA,181,NA,NA,NA,NA,NA,NA,NA,182.1
"DEANDREHOPKINS","WR","nfl","DeAndre Hopkins","HOU",14,58,NA,NA,NA,NA,NA,NA,NA,NA,NA,1329,8,NA,NA,NA,180.9
"CARLOSHYDE","RB","nfl","Carlos Hyde","SF",16,59,NA,NA,NA,NA,NA,NA,1136,7,NA,172,1,NA,1,2,176.8
"MELVINGORDON","RB","nfl","Melvin Gordon","SD",17,60,NA,NA,NA,NA,NA,NA,1147,7,NA,153,1,NA,NA,1,176
"ROBGRONKOWSKI","TE","nfl","Rob Gronkowski","NE",1,61,NA,NA,NA,NA,NA,NA,NA,NA,NA,1133,10,NA,NA,NA,173.3
"LATAVIUSMURRAY","RB","nfl","Latavius Murray","OAK",18,62,NA,NA,NA,NA,NA,NA,1040,8,NA,153,1,NA,NA,1,171.3
"JONATHANSTEWART","RB","nfl","Jonathan Stewart","CAR",19,63,NA,NA,NA,NA,NA,NA,1120,5,NA,241,1,NA,1,2,170.1
"TJYELDON","RB","nfl","T.J. Yeldon","JAC",20,64,NA,NA,NA,NA,NA,NA,965,8,NA,205,1,NA,1,2,169
"ANDREELLINGTON","RB","nfl","Andre Ellington","ARI",21,65,NA,NA,NA,NA,NA,NA,861,6,NA,359,1,NA,NA,1,162
"AMARICOOPER","WR","nfl","Amari Cooper","OAK",15,66,NA,NA,NA,NA,NA,NA,NA,NA,NA,1075,9,NA,NA,NA,161.5
"JORDANMATTHEWS","WR","nfl","Jordan Matthews","PHI",16,67,NA,NA,NA,NA,NA,NA,NA,NA,NA,1124,7,NA,1,NA,156.4
"KEENANALLEN","WR","nfl","Keenan Allen","SD",17,68,NA,NA,NA,NA,NA,NA,NA,NA,NA,1071,8,NA,NA,NA,155.1
"DAVANTEADAMS","WR","nfl","Davante Adams","GB",18,69,NA,NA,NA,NA,NA,NA,NA,NA,NA,988,9,NA,NA,NA,152.8
"TODDGURLEY","RB","nfl","Todd Gurley","STL",22,70,NA,NA,NA,NA,NA,NA,845,7,NA,182,1,NA,1,1,150.7
"JOSEPHRANDLE","RB","nfl","Joseph Randle","DAL",23,71,NA,NA,NA,NA,NA,NA,852,7,NA,131,1,NA,NA,NA,146.3
"AMEERABDULLAH","RB","nfl","Ameer Abdullah","DET",24,72,NA,NA,NA,NA,NA,NA,737,5,NA,355,1,NA,NA,1,143.2
"JULIANEDELMAN","WR","nfl","Julian Edelman","NE",19,73,NA,NA,NA,NA,NA,NA,23,NA,NA,977,7,NA,NA,NA,142
"JIMMYGRAHAM","TE","nfl","Jimmy Graham","SEA",2,74,NA,NA,NA,NA,NA,NA,NA,NA,NA,993,7,NA,NA,NA,141.3
"JEREMYMACLIN","WR","nfl","Jeremy Maclin","KC",20,75,NA,NA,NA,NA,NA,NA,NA,NA,NA,1046,6,NA,NA,NA,140.6
"ANDREJOHNSON","WR","nfl","Andre Johnson","IND",21,76,NA,NA,NA,NA,NA,NA,NA,NA,NA,903,8,NA,1,NA,140.3
"LEGARRETTEBLOUNT","RB","nfl","LeGarrette Blount","NE",25,77,NA,NA,NA,NA,NA,NA,815,8,NA,41,1,NA,NA,1,137.6
"GREGOLSEN","TE","nfl","Greg Olsen","CAR",3,78,NA,NA,NA,NA,NA,NA,NA,NA,NA,950,7,NA,NA,NA,137
"TRAVISKELCE","TE","nfl","Travis Kelce","KC",4,79,NA,NA,NA,NA,NA,NA,NA,NA,NA,916,7,NA,1,NA,135.6
"SAMMYWATKINS","WR","nfl","Sammy Watkins","BUF",22,80,NA,NA,NA,NA,NA,NA,32,NA,NA,951,6,NA,NA,NA,134.3
"CHRISIVORY","RB","nfl","Chris Ivory","NYJ",26,81,NA,NA,NA,NA,NA,NA,918,5,NA,115,NA,NA,1,1,133.3
"TEVINCOLEMAN","RB","nfl","Tevin Coleman","ATL",27,82,NA,NA,NA,NA,NA,NA,793,7,NA,100,NA,NA,NA,1,129.3
"BRANDONMARSHALL","WR","nfl","Brandon Marshall","NYJ",23,83,NA,NA,NA,NA,NA,NA,NA,NA,NA,850,7,NA,1,NA,129
"DEVONTAFREEMAN","RB","nfl","Devonta Freeman","ATL",28,84,NA,NA,NA,NA,NA,NA,655,5,NA,233,2,NA,NA,1,128.8
"ALLENROBINSON","WR","nfl","Allen Robinson","JAC",24,85,NA,NA,NA,NA,NA,NA,NA,NA,NA,867,7,NA,NA,NA,128.7
"DESEANJACKSON","WR","nfl","DeSean Jackson","WAS",25,86,NA,NA,NA,NA,NA,NA,27,NA,NA,885,6,NA,NA,NA,127.2
"CJSPILLER","RB","nfl","C.J. Spiller","NO",29,87,NA,NA,NA,NA,NA,NA,561,5,NA,301,2,NA,NA,1,126.2
"GOLDENTATE","WR","nfl","Golden Tate","DET",26,88,NA,NA,NA,NA,NA,NA,36,NA,NA,912,5,NA,NA,NA,124.8
"ARIANFOSTER","RB","nfl","Arian Foster","HOU",30,89,NA,NA,NA,NA,NA,NA,590,6,NA,210,1,NA,1,NA,124
"VINCENTJACKSON","WR","nfl","Vincent Jackson","TB",27,90,NA,NA,NA,NA,NA,NA,NA,NA,NA,818,7,NA,NA,NA,123.8
"GIOVANIBERNARD","RB","nfl","Giovani Bernard","CIN",31,91,NA,NA,NA,NA,NA,NA,642,2,NA,361,2,NA,NA,1,122.3
"MARTAVISBRYANT","WR","nfl","Martavis Bryant","PIT",28,92,NA,NA,NA,NA,NA,NA,31,NA,NA,772,7,NA,NA,NA,122.3
"JOHNBROWN","WR","nfl","John Brown","ARI",29,93,NA,NA,NA,NA,NA,NA,NA,NA,NA,796,7,NA,NA,NA,121.6
"BRANDONLAFELL","WR","nfl","Brandon LaFell","NE",30,94,NA,NA,NA,NA,NA,NA,14,NA,NA,809,6,NA,1,NA,120.3
"RODDYWHITE","WR","nfl","Roddy White","ATL",31,95,NA,NA,NA,NA,NA,NA,NA,NA,NA,780,7,NA,NA,NA,120
"JARVISLANDRY","WR","nfl","Jarvis Landry","MIA",32,96,NA,NA,NA,NA,NA,NA,24,NA,NA,809,6,NA,NA,NA,119.3
"MARQUESCOLSTON","WR","nfl","Marques Colston","NO",33,97,NA,NA,NA,NA,NA,NA,NA,NA,NA,827,6,NA,NA,NA,118.7
"DOUGMARTIN","RB","nfl","Doug Martin","TB",32,98,NA,NA,NA,NA,NA,NA,679,5,NA,126,1,NA,1,NA,118.5
"JOIQUEBELL","RB","nfl","Joique Bell","DET",33,99,NA,NA,NA,NA,NA,NA,707,4,NA,208,1,NA,NA,2,117.5
"STEVESMITH","WR","nfl","Steve Smith","BAL",34,100,NA,NA,NA,NA,NA,NA,NA,NA,NA,810,6,NA,NA,NA,117
"MARTELLUSBENNETT","TE","nfl","Martellus Bennett","CHI",5,101,NA,NA,NA,NA,NA,NA,NA,NA,NA,790,6,NA,1,NA,117
"KIRKCOUSINS","QB","nfl","Kirk Cousins","WAS",30,102,NA,NA,1855,14,12,NA,44,NA,NA,NA,NA,NA,3,NA,116.6
"ERICDECKER","WR","nfl","Eric Decker","NYJ",35,103,NA,NA,NA,NA,NA,NA,NA,NA,NA,866,5,NA,NA,NA,116.6
"TORREYSMITH","WR","nfl","Torrey Smith","SF",36,104,NA,NA,NA,NA,NA,NA,NA,NA,NA,852,5,NA,NA,NA,115.2
"MIKEWALLACE","WR","nfl","Mike Wallace","MIN",37,105,NA,NA,NA,NA,NA,NA,18,NA,NA,713,7,NA,NA,NA,115.1
"JULIUSTHOMAS","TE","nfl","Julius Thomas","JAC",6,106,NA,NA,NA,NA,NA,NA,NA,NA,NA,720,7,NA,NA,NA,114
"LARRYFITZGERALD","WR","nfl","Larry Fitzgerald","ARI",38,107,NA,NA,NA,NA,NA,NA,NA,NA,NA,837,5,NA,NA,NA,113.7
"VICTORCRUZ","WR","nfl","Victor Cruz","NYG",39,108,NA,NA,NA,NA,NA,NA,NA,NA,NA,825,5,NA,NA,NA,112.5
"SHANEVEREEN","RB","nfl","Shane Vereen","NYG",34,109,NA,NA,NA,NA,NA,NA,329,4,NA,374,3,NA,NA,NA,112.3
"ANQUANBOLDIN","WR","nfl","Anquan Boldin","SF",40,110,NA,NA,NA,NA,NA,NA,NA,NA,NA,755,6,NA,NA,NA,111.5
"NELSONAGHOLOR","WR","nfl","Nelson Agholor","PHI",41,111,NA,NA,NA,NA,NA,NA,NA,NA,NA,794,5,NA,NA,NA,109.4
"MICHAELFLOYD","WR","nfl","Michael Floyd","ARI",42,112,NA,NA,NA,NA,NA,NA,NA,NA,NA,711,6,NA,NA,NA,107.1
"BISHOPSANKEY","RB","nfl","Bishop Sankey","TEN",35,113,NA,NA,NA,NA,NA,NA,654,5,NA,134,NA,NA,NA,1,106.8
"RASHADJENNINGS","RB","nfl","Rashad Jennings","NYG",36,114,NA,NA,NA,NA,NA,NA,589,4,NA,179,1,NA,NA,1,104.8
"MOHAMEDSANU","WR","nfl","Mohamed Sanu","CIN",43,115,NA,NA,NA,NA,NA,NA,26,NA,NA,781,4,NA,NA,NA,104.7
"BRESHADPERRIMAN","WR","nfl","Breshad Perriman","BAL",44,116,NA,NA,NA,NA,NA,NA,NA,NA,NA,745,5,NA,NA,NA,104.5
"ISAIAHCROWELL","RB","nfl","Isaiah Crowell","CLE",37,117,NA,NA,NA,NA,NA,NA,655,5,NA,128,NA,NA,NA,2,104.3
"RYANMATHEWS","RB","nfl","Ryan Mathews","PHI",38,118,NA,NA,NA,NA,NA,NA,676,2,NA,184,1,NA,NA,NA,104
"DWAYNEBOWE","WR","nfl","Dwayne Bowe","CLE",45,119,NA,NA,NA,NA,NA,NA,NA,NA,NA,739,5,NA,NA,NA,103.9
"ALFREDBLUE","RB","nfl","Alfred Blue","HOU",39,120,NA,NA,NA,NA,NA,NA,524,6,NA,103,1,NA,NA,1,102.7
"TREMASON","RB","nfl","Tre Mason","STL",40,121,NA,NA,NA,NA,NA,NA,673,3,NA,172,NA,NA,NA,NA,102.5
"JASONWITTEN","TE","nfl","Jason Witten","DAL",7,122,NA,NA,NA,NA,NA,NA,NA,NA,NA,660,6,NA,NA,NA,102
"ROBERTWOODS","WR","nfl","Robert Woods","BUF",46,123,NA,NA,NA,NA,NA,NA,NA,NA,NA,777,4,NA,NA,NA,101.7
"CHARLESJOHNSON","WR","nfl","Charles Johnson","MIN",47,124,NA,NA,NA,NA,NA,NA,20,NA,NA,694,5,NA,NA,NA,101.4
"ZACHERTZ","TE","nfl","Zach Ertz","PHI",8,125,NA,NA,NA,NA,NA,NA,NA,NA,NA,590,7,NA,NA,NA,101
"DEVANTEPARKER","WR","nfl","DeVante Parker","MIA",48,126,NA,NA,NA,NA,NA,NA,NA,NA,NA,696,5,NA,NA,NA,99.6
"JORDANCAMERON","TE","nfl","Jordan Cameron","MIA",9,127,NA,NA,NA,NA,NA,NA,NA,NA,NA,673,5,NA,1,NA,99.3
"DARRENMCFADDEN","RB","nfl","Darren McFadden","DAL",41,128,NA,NA,NA,NA,NA,NA,646,4,NA,66,1,NA,NA,1,99.2
"KENDALLWRIGHT","WR","nfl","Kendall Wright","TEN",49,129,NA,NA,NA,NA,NA,NA,44,NA,NA,706,4,NA,NA,NA,99
"CHARLESSIMS","RB","nfl","Charles Sims","TB",42,130,NA,NA,NA,NA,NA,NA,382,5,NA,171,2,NA,NA,NA,97.3
"DANNYWOODHEAD","RB","nfl","Danny Woodhead","SD",43,131,NA,NA,NA,NA,NA,NA,291,4,NA,275,3,NA,NA,1,96.6
"VERNONDAVIS","TE","nfl","Vernon Davis","SF",10,132,NA,NA,NA,NA,NA,NA,NA,NA,NA,664,5,NA,NA,NA,96.4
"PERCYHARVIN","WR","nfl","Percy Harvin","BUF",50,133,NA,NA,NA,NA,NA,NA,79,1,NA,522,5,NA,NA,NA,96.1
"DAVIDCOBB","RB","nfl","David Cobb","TEN",44,134,NA,NA,NA,NA,NA,NA,521,5,NA,93,1,NA,1,2,95.4
"NICKTOON","WR","nfl","Nick Toon","NO I",51,135,NA,NA,NA,NA,NA,NA,NA,NA,NA,652,5,NA,NA,NA,95.2
"MARQISELEE","WR","nfl","Marqise Lee","JAC",52,136,NA,NA,NA,NA,NA,NA,13,NA,NA,754,3,NA,NA,NA,94.7
"DELANIEWALKER","TE","nfl","Delanie Walker","TEN",11,137,NA,NA,NA,NA,NA,NA,NA,NA,NA,647,5,NA,NA,NA,94.7
"MALCOMFLOYD","WR","nfl","Malcom Floyd","SD",53,138,NA,NA,NA,NA,NA,NA,NA,NA,NA,691,4,NA,NA,NA,93.1
"DOUGBALDWIN","WR","nfl","Doug Baldwin","SEA",54,139,NA,NA,NA,NA,NA,NA,10,NA,NA,680,4,NA,NA,NA,93
"HEATHMILLER","TE","nfl","Heath Miller","PIT",12,140,NA,NA,NA,NA,NA,NA,NA,NA,NA,619,5,NA,NA,NA,91.9
"KYLERUDOLPH","TE","nfl","Kyle Rudolph","MIN",13,141,NA,NA,NA,NA,NA,NA,NA,NA,NA,539,6,NA,1,NA,91.9
"TERRANCEWILLIAMS","WR","nfl","Terrance Williams","DAL",55,142,NA,NA,NA,NA,NA,NA,NA,NA,NA,618,5,NA,NA,NA,91.8
"CECILSHORTS","WR","nfl","Cecil Shorts","HOU",56,143,NA,NA,NA,NA,NA,NA,NA,NA,NA,674,4,NA,NA,NA,91.4
"DUKEJOHNSON","RB","nfl","Duke Johnson","CLE",45,144,NA,NA,NA,NA,NA,NA,420,3,NA,253,1,NA,NA,NA,91.3
"PIERREGARCON","WR","nfl","Pierre Garcon","WAS",57,145,NA,NA,NA,NA,NA,NA,NA,NA,NA,673,4,NA,NA,NA,91.3
"CORDARRELLEPATTERSON","WR","nfl","Cordarrelle Patterson","MIN",58,146,NA,NA,NA,NA,NA,NA,176,1,NA,429,4,NA,NA,NA,90.5
"MICHAELCRABTREE","WR","nfl","Michael Crabtree","OAK",59,147,NA,NA,NA,NA,NA,NA,NA,NA,NA,663,4,NA,NA,NA,90.3
"DONTEMONCRIEF","WR","nfl","Donte Moncrief","IND",60,148,NA,NA,NA,NA,NA,NA,22,NA,NA,520,6,NA,NA,NA,90.2
"JONASGRAY","RB","nfl","Jonas Gray","NE",46,149,NA,NA,NA,NA,NA,NA,447,6,NA,34,1,NA,NA,NA,90.1
"RUEBENRANDLE","WR","nfl","Rueben Randle","NYG",61,150,NA,NA,NA,NA,NA,NA,NA,NA,NA,654,4,NA,NA,NA,89.4
"KENNYSTILLS","WR","nfl","Kenny Stills","MIA",62,151,NA,NA,NA,NA,NA,NA,NA,NA,NA,714,3,NA,NA,NA,89.4
"ANTONIOGATES","TE","nfl","Antonio Gates","SD",14,152,NA,NA,NA,NA,NA,NA,NA,NA,NA,528,6,NA,NA,NA,88.8
"MARVINJONES","WR","nfl","Marvin Jones","CIN",63,153,NA,NA,NA,NA,NA,NA,NA,NA,NA,635,4,NA,NA,NA,87.5
"ROYHELU","RB","nfl","Roy Helu","OAK",47,154,NA,NA,NA,NA,NA,NA,296,3,NA,298,2,NA,NA,1,87.4
"RONNIEHILLMAN","RB","nfl","Ronnie Hillman","DEN",48,155,NA,NA,NA,NA,NA,NA,421,4,NA,203,NA,NA,NA,NA,86.4
"KENNYBRITT","WR","nfl","Kenny Britt","STL",64,156,NA,NA,NA,NA,NA,NA,11,NA,NA,673,3,NA,NA,NA,86.4
"KNILEDAVIS","RB","nfl","Knile Davis","KC",49,157,NA,NA,NA,NA,NA,NA,426,4,NA,156,1,NA,NA,1,86.2
"DANNYAMENDOLA","WR","nfl","Danny Amendola","NE",65,158,NA,NA,NA,NA,NA,NA,NA,NA,NA,720,2,NA,NA,NA,84
"ANDREWHAWKINS","WR","nfl","Andrew Hawkins","CLE",66,159,NA,NA,NA,NA,NA,NA,13,NA,NA,697,2,NA,NA,NA,83
"DARRENSPROLES","RB","nfl","Darren Sproles","PHI",50,160,NA,NA,NA,NA,NA,NA,254,2,NA,329,2,NA,NA,NA,82.3
"AUSTINSEFERIANJENKINS","TE","nfl","Austin Seferian-Jenkins","TB",15,161,NA,NA,NA,NA,NA,NA,NA,NA,NA,463,6,NA,NA,NA,82.3
"MONTEEBALL","RB","nfl","Montee Ball","DEN",51,162,NA,NA,NA,NA,NA,NA,364,4,NA,157,1,NA,NA,NA,82.1
"ROBERTGRIFFIN","QB","nfl","Robert Griffin III","WAS",31,163,NA,NA,1005,6,5,NA,176,1,NA,NA,NA,NA,2,NA,81.8
"DAVIDJOHNSON","RB","nfl","David Johnson","ARI",52,164,NA,NA,NA,NA,NA,NA,438,3,NA,219,NA,NA,NA,1,81.7
"JIMMYGAROPPOLO","QB","nfl","Jimmy Garoppolo","NE",32,165,NA,NA,1062,10,6,NA,52,1,NA,NA,NA,NA,NA,NA,81.68
"DANHERRON","RB","nfl","Dan Herron","IND",53,166,NA,NA,NA,NA,NA,NA,408,3,NA,168,1,NA,NA,NA,81.6
"DEANGELOWILLIAMS","RB","nfl","DeAngelo Williams","PIT",54,167,NA,NA,NA,NA,NA,NA,573,2,NA,55,1,NA,NA,NA,80.8
"TYLEREIFERT","TE","nfl","Tyler Eifert","CIN",16,168,NA,NA,NA,NA,NA,NA,NA,NA,NA,508,5,NA,NA,NA,80.8
"MARKUSWHEATON","WR","nfl","Markus Wheaton","PIT",67,169,NA,NA,NA,NA,NA,NA,15,NA,NA,611,3,NA,NA,NA,80.6
"LARRYDONNELL","TE","nfl","Larry Donnell","NYG",17,170,NA,NA,NA,NA,NA,NA,NA,NA,NA,546,4,NA,1,NA,80.6
"TERRANCEWEST","RB","nfl","Terrance West","CLE",55,171,NA,NA,NA,NA,NA,NA,448,4,NA,71,1,NA,NA,1,79.9
"STEDMANBAILEY","WR","nfl","Stedman Bailey","STL",68,172,NA,NA,NA,NA,NA,NA,22,NA,NA,595,3,NA,NA,NA,79.7
"ANDREROBERTS","WR","nfl","Andre Roberts","WAS",69,173,NA,NA,NA,NA,NA,NA,15,NA,NA,594,3,NA,NA,NA,78.9
"BERNARDPIERCE","RB","nfl","Bernard Pierce","JAC",56,174,NA,NA,NA,NA,NA,NA,446,4,NA,62,1,NA,NA,1,78.8
"LADARIUSGREEN","TE","nfl","Ladarius Green","SD",18,175,NA,NA,NA,NA,NA,NA,NA,NA,NA,487,5,NA,NA,NA,78.7
"BRIANHOYER","QB","nfl","Brian Hoyer","HOU",33,176,NA,NA,960,8,2,NA,41,1,NA,NA,NA,NA,1,NA,78.5
"KHIRYROBINSON","RB","nfl","Khiry Robinson","NO",57,177,NA,NA,NA,NA,NA,NA,393,4,NA,91,1,NA,NA,NA,78.4
"DWAYNEALLEN","TE","nfl","Dwayne Allen","IND",19,178,NA,NA,NA,NA,NA,NA,NA,NA,NA,463,5,NA,1,NA,78.3
"REGGIEBUSH","RB","nfl","Reggie Bush","SF",58,179,NA,NA,NA,NA,NA,NA,355,3,NA,185,2,NA,NA,3,78
"BRIANQUICK","WR","nfl","Brian Quick","STL",70,180,NA,NA,NA,NA,NA,NA,NA,NA,NA,600,3,NA,NA,NA,78
"JACQUIZZRODGERS","RB","nfl","Jacquizz Rodgers","CHI",59,181,NA,NA,NA,NA,NA,NA,321,2,NA,208,2,NA,NA,NA,76.9
"OWENDANIELS","TE","nfl","Owen Daniels","DEN",20,182,NA,NA,NA,NA,NA,NA,NA,NA,NA,468,5,NA,NA,NA,76.8
"COLEBEASLEY","WR","nfl","Cole Beasley","DAL",71,183,NA,NA,NA,NA,NA,NA,NA,NA,NA,586,3,NA,NA,NA,76.6
"RYANMALLETT","QB","nfl","Ryan Mallett","HOU",34,184,NA,NA,887,9,3,NA,51,1,NA,NA,NA,NA,NA,NA,76.58
"ANDREWILLIAMS","RB","nfl","Andre Williams","NYG",60,185,NA,NA,NA,NA,NA,NA,524,3,NA,81,NA,NA,1,2,76.5
"EDDIEROYAL","WR","nfl","Eddie Royal","CHI",72,186,NA,NA,NA,NA,NA,NA,NA,NA,NA,583,3,NA,NA,NA,76.3
"COREYBROWN","WR","nfl","Corey Brown","CAR",73,187,NA,NA,NA,NA,NA,NA,57,NA,NA,464,4,NA,NA,NA,76.1
"JORDANREED","TE","nfl","Jordan Reed","WAS",21,188,NA,NA,NA,NA,NA,NA,NA,NA,NA,579,3,NA,NA,NA,75.9
"TOBYGERHART","RB","nfl","Toby Gerhart","JAC",61,189,NA,NA,NA,NA,NA,NA,374,4,NA,141,NA,NA,NA,NA,75.5
"JERICKMCKINNON","RB","nfl","Jerick McKinnon","MIN",62,190,NA,NA,NA,NA,NA,NA,437,1,NA,251,NA,NA,NA,NA,74.8
"ERICEBRON","TE","nfl","Eric Ebron","DET",22,191,NA,NA,NA,NA,NA,NA,NA,NA,NA,440,5,NA,NA,NA,74
"STEVEJOHNSON","WR","nfl","Steve Johnson","SD",74,192,NA,NA,NA,NA,NA,NA,NA,NA,NA,498,4,NA,NA,NA,73.8
"CHRISCONLEY","WR","nfl","Chris Conley","KC",75,193,NA,NA,NA,NA,NA,NA,NA,NA,NA,555,3,NA,NA,NA,73.5
"VINCEMAYLE","WR","nfl","Vince Mayle","CLE",76,194,NA,NA,NA,NA,NA,NA,NA,NA,NA,554,3,NA,NA,NA,73.4
"JOSHHILL","TE","nfl","Josh Hill","NO",23,195,NA,NA,NA,NA,NA,NA,NA,NA,NA,491,4,NA,NA,NA,73.1
"JAELENSTRONG","WR","nfl","Jaelen Strong","HOU",77,196,NA,NA,NA,NA,NA,NA,NA,NA,NA,609,2,NA,NA,NA,72.9
"COBYFLEENER","TE","nfl","Coby Fleener","IND",24,197,NA,NA,NA,NA,NA,NA,NA,NA,NA,427,5,NA,NA,NA,72.7
"CHARLESCLAY","TE","nfl","Charles Clay","BUF",25,198,NA,NA,NA,NA,NA,NA,NA,NA,NA,421,5,NA,NA,NA,72.1
"GREGJENNINGS","WR","nfl","Greg Jennings","MIA",78,199,NA,NA,NA,NA,NA,NA,NA,NA,NA,537,3,NA,NA,NA,71.7
"JACEAMARO","TE","nfl","Jace Amaro","NYJ",26,200,NA,NA,NA,NA,NA,NA,NA,NA,NA,411,5,NA,NA,NA,71.1
"JAREDCOOK","TE","nfl","Jared Cook","STL",27,201,NA,NA,NA,NA,NA,NA,NA,NA,NA,522,3,NA,NA,NA,70.2
"DORIALGREENBECKHAM","WR","nfl","Dorial Green-Beckham","TEN",79,202,NA,NA,NA,NA,NA,NA,NA,NA,NA,519,3,NA,NA,NA,69.9
"MYCHALRIVERA","TE","nfl","Mychal Rivera","OAK",28,203,NA,NA,NA,NA,NA,NA,NA,NA,NA,438,4,NA,1,NA,69.8
"JACOBTAMME","TE","nfl","Jacob Tamme","ATL",29,204,NA,NA,NA,NA,NA,NA,NA,NA,NA,393,5,NA,NA,NA,69.3
"ALLENHURNS","WR","nfl","Allen Hurns","JAC",80,205,NA,NA,NA,NA,NA,NA,NA,NA,NA,569,2,NA,NA,NA,68.9
"DEXTERMCCLUSTER","RB","nfl","Dexter McCluster","TEN",63,206,NA,NA,NA,NA,NA,NA,282,1,NA,221,2,NA,NA,NA,68.3
"DEVINFUNCHESS","WR","nfl","Devin Funchess","CAR",81,207,NA,NA,NA,NA,NA,NA,NA,NA,NA,501,3,NA,NA,NA,68.1
"MAXXWILLIAMS","TE","nfl","Maxx Williams","BAL",30,208,NA,NA,NA,NA,NA,NA,NA,NA,NA,421,4,NA,1,NA,68.1
"BOBBYRAINEY","RB","nfl","Bobby Rainey","TB",64,209,NA,NA,NA,NA,NA,NA,241,3,NA,219,1,NA,NA,1,68
"TAVONAUSTIN","WR","nfl","Tavon Austin","STL",82,210,NA,NA,NA,NA,NA,NA,263,1,NA,297,1,NA,NA,NA,68
"BRIANHARTLINE","WR","nfl","Brian Hartline","CLE",83,211,NA,NA,NA,NA,NA,NA,NA,NA,NA,539,2,NA,NA,NA,65.9
"THEORIDDICK","RB","nfl","Theo Riddick","DET",65,212,NA,NA,NA,NA,NA,NA,301,1,NA,228,1,NA,NA,NA,64.9
"CHRISTINEMICHAEL","RB","nfl","Christine Michael","SEA",66,213,NA,NA,NA,NA,NA,NA,375,4,NA,32,NA,NA,NA,NA,64.7
"MARQUESSWILSON","WR","nfl","Marquess Wilson","CHI",84,214,NA,NA,NA,NA,NA,NA,NA,NA,NA,522,2,NA,NA,NA,64.2
"GARRETTGRAHAM","TE","nfl","Garrett Graham","HOU",31,215,NA,NA,NA,NA,NA,NA,NA,NA,NA,459,3,NA,NA,NA,63.9
"ANDREHOLMES","WR","nfl","Andre Holmes","OAK",85,216,NA,NA,NA,NA,NA,NA,NA,NA,NA,450,3,NA,NA,NA,63
"GAVINESCOBAR","TE","nfl","Gavin Escobar","DAL",32,217,NA,NA,NA,NA,NA,NA,NA,NA,NA,368,4,NA,1,NA,62.8
"HAKEEMNICKS","WR","nfl","Hakeem Nicks","TEN",86,218,NA,NA,NA,NA,NA,NA,NA,NA,NA,441,3,NA,NA,NA,62.1
"MATTCASSEL","QB","nfl","Matt Cassel","BUF",35,219,NA,NA,1042,7,6,NA,23,NA,NA,NA,NA,NA,1,NA,61.98
"JAVORIUSALLEN","RB","nfl","Javorius Allen","BAL",67,220,NA,NA,NA,NA,NA,NA,265,3,NA,128,1,NA,NA,1,61.3
"ALBERTWILSON","WR","nfl","Albert Wilson","KC",87,221,NA,NA,NA,NA,NA,NA,NA,NA,NA,491,2,NA,NA,NA,61.1
"JERMAINEKEARSE","WR","nfl","Jermaine Kearse","SEA",88,222,NA,NA,NA,NA,NA,NA,16,NA,NA,473,2,NA,NA,NA,60.9
"CODYLATIMER","WR","nfl","Cody Latimer","DEN",89,223,NA,NA,NA,NA,NA,NA,NA,NA,NA,365,4,NA,NA,NA,60.5
"NATEWASHINGTON","WR","nfl","Nate Washington","HOU",90,224,NA,NA,NA,NA,NA,NA,NA,NA,NA,485,2,NA,NA,NA,60.5
"PHILLIPDORSETT","WR","nfl","Phillip Dorsett","IND",91,225,NA,NA,NA,NA,NA,NA,NA,NA,NA,469,2,NA,NA,NA,58.9
"STEVANRIDLEY","RB","nfl","Stevan Ridley","NYJ",68,226,NA,NA,NA,NA,NA,NA,409,2,NA,57,NA,NA,NA,NA,58.6
"JEREMYLANGFORD","RB","nfl","Jeremy Langford","CHI",69,227,NA,NA,NA,NA,NA,NA,254,2,NA,146,1,NA,NA,NA,58
"ZACSTACY","RB","nfl","Zac Stacy","NYJ",70,228,NA,NA,NA,NA,NA,NA,238,3,NA,102,1,NA,NA,NA,58
"RODSTREATER","WR","nfl","Rod Streater","OAK",92,229,NA,NA,NA,NA,NA,NA,NA,NA,NA,400,3,NA,NA,NA,58
"BRANDENOLIVER","RB","nfl","Branden Oliver","SD",71,230,NA,NA,NA,NA,NA,NA,256,1,NA,203,1,NA,NA,NA,57.9
"DEVINSMITH","WR","nfl","Devin Smith","NYJ",93,231,NA,NA,NA,NA,NA,NA,NA,NA,NA,450,2,NA,NA,NA,57
"JAMESJONES","WR","nfl","James Jones","NYG",94,232,NA,NA,NA,NA,NA,NA,NA,NA,NA,437,2,NA,NA,NA,55.7
"CHRISPOLK","RB","nfl","Chris Polk","HOU",72,233,NA,NA,NA,NA,NA,NA,326,1,NA,130,1,NA,NA,1,55.6
"LANCEKENDRICKS","TE","nfl","Lance Kendricks","STL",33,234,NA,NA,NA,NA,NA,NA,NA,NA,NA,376,3,NA,NA,NA,55.6
"LORENZOTALIAFERRO","RB","nfl","Lorenzo Taliaferro","BAL",73,235,NA,NA,NA,NA,NA,NA,343,2,NA,92,NA,NA,NA,NA,55.5
"SAMMIECOATES","WR","nfl","Sammie Coates","PIT",95,236,NA,NA,NA,NA,NA,NA,8,NA,NA,427,2,NA,NA,NA,55.5
"JUSTINHUNTER","WR","nfl","Justin Hunter","TEN",96,237,NA,NA,NA,NA,NA,NA,NA,NA,NA,435,2,NA,NA,NA,55.5
"AARONDOBSON","WR","nfl","Aaron Dobson","NE",97,238,NA,NA,NA,NA,NA,NA,NA,NA,NA,373,3,NA,NA,NA,55.3
"DAMIENWILLIAMS","RB","nfl","Damien Williams","MIA",74,239,NA,NA,NA,NA,NA,NA,320,1,NA,171,NA,NA,NA,NA,55.1
"CHRISHOGAN","WR","nfl","Chris Hogan","BUF",98,240,NA,NA,NA,NA,NA,NA,NA,NA,NA,416,2,NA,NA,NA,53.6
"TYLERLOCKETT","WR","nfl","Tyler Lockett","SEA",99,241,NA,NA,NA,NA,NA,NA,36,NA,NA,437,1,NA,NA,NA,53.3
"REGGIEWAYNE","WR","nfl","Reggie Wayne","NE",100,242,NA,NA,NA,NA,NA,NA,NA,NA,NA,473,1,NA,NA,NA,53.3
"JARIUSWRIGHT","WR","nfl","Jarius Wright","MIN",101,243,NA,NA,NA,NA,NA,NA,62,NA,NA,348,2,NA,NA,NA,53
"DENARDROBINSON","RB","nfl","Denard Robinson","JAC",75,244,NA,NA,NA,NA,NA,NA,344,1,NA,84,1,NA,NA,1,52.8
"JAMESWHITE","RB","nfl","James White","NE",76,245,NA,NA,NA,NA,NA,NA,182,1,NA,217,1,NA,NA,NA,51.9
"CAMERONARTISPAYNE","RB","nfl","Cameron Artis-Payne","CAR",77,246,NA,NA,NA,NA,NA,NA,295,2,NA,99,NA,NA,NA,NA,51.4
"DRIARCHER","RB","nfl","Dri Archer","PIT",78,247,NA,NA,NA,NA,NA,NA,190,1,NA,141,2,NA,NA,NA,51.1
"ROBERTTURBIN","RB","nfl","Robert Turbin","SEA",79,248,NA,NA,NA,NA,NA,NA,213,1,NA,172,1,NA,NA,NA,50.5
"RILEYCOOPER","WR","nfl","Riley Cooper","PHI",102,249,NA,NA,NA,NA,NA,NA,NA,NA,NA,385,2,NA,NA,NA,50.5
"HARRYDOUGLAS","WR","nfl","Harry Douglas","TEN",103,250,NA,NA,NA,NA,NA,NA,NA,NA,NA,441,1,NA,NA,NA,50.1
"STEPFANTAYLOR","RB","nfl","Stepfan Taylor","ARI",80,251,NA,NA,NA,NA,NA,NA,197,3,NA,120,NA,NA,NA,NA,49.7
"JAYAJAYI","RB","nfl","Jay Ajayi","MIA",81,252,NA,NA,NA,NA,NA,NA,201,2,NA,193,NA,NA,NA,1,49.4
"RICHARDRODGERS","TE","nfl","Richard Rodgers","GB",34,253,NA,NA,NA,NA,NA,NA,NA,NA,NA,291,3,NA,1,NA,49.1
"ANTONESMITH","RB","nfl","Antone Smith","ATL",82,254,NA,NA,NA,NA,NA,NA,180,2,NA,127,1,NA,NA,NA,48.7
"LEONARDHANKERSON","WR","nfl","Leonard Hankerson","ATL",104,255,NA,NA,NA,NA,NA,NA,NA,NA,NA,365,2,NA,NA,NA,48.5
"MARCELREECE","RB","nfl","Marcel Reece","OAK",83,256,NA,NA,NA,NA,NA,NA,111,2,NA,190,1,NA,NA,NA,48.1
"JERRICHOCOTCHERY","WR","nfl","Jerricho Cotchery","CAR",105,257,NA,NA,NA,NA,NA,NA,NA,NA,NA,420,1,NA,NA,NA,48
"JORDANTODMAN","RB","nfl","Jordan Todman","CAR",84,258,NA,NA,NA,NA,NA,NA,256,1,NA,183,NA,NA,NA,1,47.9
"JERMAINEGRESHAM","TE","nfl","Jermaine Gresham","ARI",35,259,NA,NA,NA,NA,NA,NA,NA,NA,NA,354,2,NA,NA,NA,47.4
"TIMWRIGHT","TE","nfl","Timothy Wright","DET",36,260,NA,NA,NA,NA,NA,NA,NA,NA,NA,292,3,NA,NA,NA,47.2
"MARCEDESLEWIS","TE","nfl","Marcedes Lewis","JAC",37,261,NA,NA,NA,NA,NA,NA,NA,NA,NA,348,2,NA,NA,NA,46.8
"FOZZYWHITTAKER","RB","nfl","Fozzy Whittaker","CAR",85,262,NA,NA,NA,NA,NA,NA,275,1,NA,126,NA,NA,NA,NA,46.1
"JUSTINHARDY","WR","nfl","Justin Hardy","ATL",106,263,NA,NA,NA,NA,NA,NA,NA,NA,NA,396,1,NA,NA,NA,45.6
"LUKEWILLSON","TE","nfl","Luke Willson","SEA",38,264,NA,NA,NA,NA,NA,NA,NA,NA,NA,275,3,NA,NA,NA,45.5
"KERWYNNWILLIAMS","RB","nfl","Kerwynn Williams","ARI",86,265,NA,NA,NA,NA,NA,NA,217,2,NA,45,1,NA,NA,NA,44.2
"JEFFCUMBERLAND","TE","nfl","Jeff Cumberland","NYJ",39,266,NA,NA,NA,NA,NA,NA,NA,NA,NA,318,2,NA,NA,NA,43.8
"BENNYCUNNINGHAM","RB","nfl","Benny Cunningham","STL",87,267,NA,NA,NA,NA,NA,NA,134,1,NA,200,1,NA,NA,1,43.4
"DEANTHONYTHOMAS","RB","nfl","De'Anthony Thomas","KC",88,268,NA,NA,NA,NA,NA,NA,117,1,NA,125,2,NA,NA,NA,42.2
"KEVINWHITE","WR","nfl","Kevin White","CHI",107,269,NA,NA,NA,NA,NA,NA,NA,NA,NA,301,2,NA,NA,NA,42.1
"DEVINHESTER","WR","nfl","Devin Hester","ATL",108,270,NA,NA,NA,NA,NA,NA,23,NA,NA,337,1,NA,NA,NA,42
"ANTHONYFASANO","TE","nfl","Anthony Fasano","TEN",40,271,NA,NA,NA,NA,NA,NA,NA,NA,NA,360,1,NA,NA,NA,42
"COREYWASHINGTON","WR","nfl","Corey Washington","NYG",109,272,NA,NA,NA,NA,NA,NA,NA,NA,NA,237,3,NA,NA,NA,41.7
"ANDREWQUARLESS","TE","nfl","Andrew Quarless","GB",41,273,NA,NA,NA,NA,NA,NA,NA,NA,NA,207,3,NA,1,NA,40.7
"BRENTCELEK","TE","nfl","Brent Celek","PHI",42,274,NA,NA,NA,NA,NA,NA,NA,NA,NA,345,1,NA,NA,NA,40.5
"TRAVARISCADET","RB","nfl","Travaris Cadet","NE",89,275,NA,NA,NA,NA,NA,NA,184,NA,NA,219,NA,NA,NA,NA,40.3
"DONALDBROWN","RB","nfl","Donald Brown","SD",90,276,NA,NA,NA,NA,NA,NA,164,2,NA,117,NA,NA,NA,NA,40.1
"TAYLORGABRIEL","WR","nfl","Taylor Gabriel","CLE",110,277,NA,NA,NA,NA,NA,NA,NA,NA,NA,341,1,NA,NA,NA,40.1
"ROBHOUSLER","TE","nfl","Rob Housler","CLE",43,278,NA,NA,NA,NA,NA,NA,NA,NA,NA,280,2,NA,NA,NA,40
"MATTASIATA","RB","nfl","Matt Asiata","MIN",91,279,NA,NA,NA,NA,NA,NA,244,1,NA,94,NA,NA,NA,NA,39.8
"TRAVISBENJAMIN","WR","nfl","Travis Benjamin","CLE",111,280,NA,NA,NA,NA,NA,NA,11,NA,NA,324,1,NA,NA,NA,39.5
"JAMESSTARKS","RB","nfl","James Starks","GB",92,281,NA,NA,NA,NA,NA,NA,242,1,NA,92,NA,NA,NA,NA,39.4
"JEREMYKERLEY","WR","nfl","Jeremy Kerley","NYJ",112,282,NA,NA,NA,NA,NA,NA,12,NA,NA,320,1,NA,NA,NA,39.2
"MILESAUSTIN","WR","nfl","Miles Austin","PHI",113,283,NA,NA,NA,NA,NA,NA,NA,NA,NA,330,1,NA,NA,NA,39
"LEVINETOILOLO","TE","nfl","Levine Toilolo","ATL",44,284,NA,NA,NA,NA,NA,NA,NA,NA,NA,268,2,NA,NA,NA,38.8
"TYMONTGOMERY","WR","nfl","Ty Montgomery","GB",114,285,NA,NA,NA,NA,NA,NA,NA,NA,NA,324,1,NA,NA,NA,38.4
"BRANDONBOLDEN","RB","nfl","Brandon Bolden","NE",93,286,NA,NA,NA,NA,NA,NA,154,2,NA,48,1,NA,NA,NA,38.2
"LANCEDUNBAR","RB","nfl","Lance Dunbar","DAL",94,287,NA,NA,NA,NA,NA,NA,258,2,NA,22,NA,NA,NA,1,38
"CLIVEWALFORD","TE","nfl","Clive Walford","OAK",45,288,NA,NA,NA,NA,NA,NA,NA,NA,NA,319,1,NA,NA,NA,37.9
"TONYMOEAKI","TE","nfl","Tony Moeaki","ATL",46,289,NA,NA,NA,NA,NA,NA,NA,NA,NA,318,1,NA,NA,NA,37.8
"KENNYBELL","WR","nfl","Kenny Bell","TB",115,290,NA,NA,NA,NA,NA,NA,NA,NA,NA,317,1,NA,NA,NA,37.7
"BRANDONGIBSON","WR","nfl","Brandon Gibson","NE I",116,291,NA,NA,NA,NA,NA,NA,NA,NA,NA,312,1,NA,NA,NA,37.2
"PRESTONPARKER","WR","nfl","Preston Parker","NYG",117,292,NA,NA,NA,NA,NA,NA,NA,NA,NA,309,1,NA,NA,NA,36.9
"JEFFJANIS","WR","nfl","Jeff Janis","GB",118,293,NA,NA,NA,NA,NA,NA,NA,NA,NA,246,2,NA,NA,NA,36.6
"JOSHROBINSON","RB","nfl","Josh Robinson","IND",95,294,NA,NA,NA,NA,NA,NA,267,1,NA,37,NA,NA,NA,NA,36.4
"SILASREDD","RB","nfl","Silas Redd","WAS",96,295,NA,NA,NA,NA,NA,NA,207,1,NA,95,NA,NA,NA,NA,36.2
"MIKETOLBERT","RB","nfl","Mike Tolbert","CAR",97,296,NA,NA,NA,NA,NA,NA,107,2,NA,129,NA,NA,NA,NA,35.6
"TYRODTAYLOR","QB","nfl","Tyrod Taylor","BUF",36,297,NA,NA,275,1,1,NA,37,3,NA,NA,NA,NA,NA,NA,34.7
"MARLONBROWN","WR","nfl","Marlon Brown","BAL",119,298,NA,NA,NA,NA,NA,NA,NA,NA,NA,284,1,NA,NA,NA,34.4
"BRUCEELLINGTON","WR","nfl","Bruce Ellington","SF",120,299,NA,NA,NA,NA,NA,NA,17,NA,NA,203,2,NA,NA,NA,34
"JOSHHUFF","WR","nfl","Josh Huff","PHI",121,300,NA,NA,NA,NA,NA,NA,NA,NA,NA,279,1,NA,NA,NA,33.9
"JJNELSON","WR","nfl","J.J. Nelson","ARI",122,301,NA,NA,NA,NA,NA,NA,NA,NA,NA,271,1,NA,NA,NA,33.1
"PAULRICHARDSON","WR","nfl","Paul Richardson","SEA",123,302,NA,NA,NA,NA,NA,NA,NA,NA,NA,270,1,NA,NA,NA,33
"JOSEPHMORGAN","WR","nfl","Joseph Morgan","NO",124,303,NA,NA,NA,NA,NA,NA,20,NA,NA,247,1,NA,NA,NA,32.7
"MARKSANCHEZ","QB","nfl","Mark Sanchez","PHI",37,304,NA,NA,329,4,3,NA,31,1,NA,NA,NA,NA,NA,NA,32.26
"JOSEPHFAURIA","TE","nfl","Joseph Fauria","DET",47,305,NA,NA,NA,NA,NA,NA,NA,NA,NA,201,2,NA,NA,NA,32.1
"CJFIEDOROWICZ","TE","nfl","C.J. Fiedorowicz","HOU",48,306,NA,NA,NA,NA,NA,NA,NA,NA,NA,199,2,NA,NA,NA,31.9
"CHRISJOHNSON","RB","nfl","Chris Johnson","ARI",98,307,NA,NA,NA,NA,NA,NA,196,1,NA,56,NA,NA,NA,NA,31.2
"MATTJONES","RB","nfl","Matt Jones","WAS",99,308,NA,NA,NA,NA,NA,NA,168,2,NA,34,NA,NA,NA,1,30.2
"MIKEDAVIS","RB","nfl","Mike Davis","SF",100,309,NA,NA,NA,NA,NA,NA,169,1,NA,70,NA,NA,NA,NA,29.9
"JOHNNYMANZIEL","QB","nfl","Johnny Manziel","CLE",38,310,NA,NA,255,3,2,NA,56,1,NA,NA,NA,NA,NA,NA,29.8
"DANIELFELLS","TE","nfl","Daniel Fells","NYG",49,311,NA,NA,NA,NA,NA,NA,NA,NA,NA,161,2,NA,NA,NA,28.1
"BRENTONBERSIN","WR","nfl","Brenton Bersin","CAR",125,312,NA,NA,NA,NA,NA,NA,NA,NA,NA,220,1,NA,NA,NA,28
"JUWANTHOMPSON","RB","nfl","Juwan Thompson","DEN",101,313,NA,NA,NA,NA,NA,NA,187,1,NA,30,NA,NA,NA,NA,27.7
"DAMARISJOHNSON","WR","nfl","Damaris Johnson","HOU",126,314,NA,NA,NA,NA,NA,NA,15,NA,NA,260,NA,NA,NA,NA,27.5
"JONATHANGRIMES","RB","nfl","Jonathan Grimes","HOU",102,315,NA,NA,NA,NA,NA,NA,160,1,NA,53,NA,NA,NA,NA,27.3
"EJMANUEL","QB","nfl","EJ Manuel","BUF",39,316,NA,NA,252,2,2,NA,71,1,NA,NA,NA,NA,NA,NA,27.18
"CHRISGIVENS","WR","nfl","Chris Givens","STL",127,317,NA,NA,NA,NA,NA,NA,NA,NA,NA,203,1,NA,NA,NA,26.3
"BILALPOWELL","RB","nfl","Bilal Powell","NYJ",103,318,NA,NA,NA,NA,NA,NA,167,NA,NA,94,NA,NA,NA,NA,26.1
"LAMICHAELJAMES","RB","nfl","LaMichael James","MIA",104,319,NA,NA,NA,NA,NA,NA,202,NA,NA,58,NA,NA,NA,NA,26
"BRYCEBROWN","RB","nfl","Bryce Brown","BUF",105,320,NA,NA,NA,NA,NA,NA,168,1,NA,31,NA,NA,NA,NA,25.9
"GENOSMITH","QB","nfl","Geno Smith","NYJ",40,321,NA,NA,250,4,3,NA,58,NA,NA,NA,NA,NA,NA,NA,25.8
"KADEEMCAREY","RB","nfl","Ka'Deem Carey","CHI",106,322,NA,NA,NA,NA,NA,NA,186,NA,NA,71,NA,NA,NA,NA,25.7
"JIMMYCLAUSEN","QB","nfl","Jimmy Clausen","CHI",41,323,NA,NA,376,3,1,NA,4,NA,NA,NA,NA,NA,NA,NA,25.44
"ZACHMETTENBERGER","QB","nfl","Zach Mettenberger","TEN",42,324,NA,NA,551,2,3,NA,12,NA,NA,NA,NA,NA,NA,NA,25.24
"DEREKANDERSON","QB","nfl","Derek Anderson","CAR",43,325,NA,NA,402,3,2,NA,11,NA,NA,NA,NA,NA,NA,NA,25.18
"STEFONDIGGS","WR","nfl","Stefon Diggs","MIN",128,326,NA,NA,NA,NA,NA,NA,NA,NA,NA,244,NA,NA,NA,NA,24.4
"BROCKOSWEILER","QB","nfl","Brock Osweiler","DEN",44,327,NA,NA,288,4,2,NA,2,NA,NA,NA,NA,NA,NA,NA,23.72
"DREWSTANTON","QB","nfl","Drew Stanton","ARI",45,328,NA,NA,340,4,4,NA,21,NA,NA,NA,NA,NA,NA,NA,23.7
"MICHAELCAMPANARO","WR","nfl","Michael Campanaro","BAL",129,329,NA,NA,NA,NA,NA,NA,NA,NA,NA,173,1,NA,NA,NA,23.3
"SHAUNHILL","QB","nfl","Shaun Hill","MIN",46,330,NA,NA,419,2,1,NA,NA,NA,NA,NA,NA,NA,NA,NA,22.76
"RYANGRIFFIN","TE","nfl","Ryan Griffin","HOU",50,331,NA,NA,NA,NA,NA,NA,NA,NA,NA,166,1,NA,NA,NA,22.6
"DIONSIMS","TE","nfl","Dion Sims","MIA",51,332,NA,NA,NA,NA,NA,NA,NA,NA,NA,166,1,NA,NA,NA,22.6
"MYCOLEPRUITT","TE","nfl","MyCole Pruitt","MIN",52,333,NA,NA,NA,NA,NA,NA,NA,NA,NA,220,NA,NA,NA,NA,22
"LANCEMOORE","WR","nfl","Lance Moore","DET",130,334,NA,NA,NA,NA,NA,NA,NA,NA,NA,158,1,NA,NA,NA,21.8
"TYLERKROFT","TE","nfl","Tyler Kroft","CIN",53,335,NA,NA,NA,NA,NA,NA,NA,NA,NA,149,1,NA,NA,NA,20.9
"BRANDONMYERS","TE","nfl","Brandon Myers","TB",54,336,NA,NA,NA,NA,NA,NA,NA,NA,NA,149,1,NA,NA,NA,20.9
"MARIONGRICE","RB","nfl","Marion Grice","ARI",107,337,NA,NA,NA,NA,NA,NA,134,1,NA,14,NA,NA,NA,NA,20.8
"JAMISONCROWDER","WR","nfl","Jamison Crowder","WAS",131,338,NA,NA,NA,NA,NA,NA,13,NA,NA,195,NA,NA,NA,NA,20.8
"SCOTTCHANDLER","TE","nfl","Scott Chandler","NE",55,339,NA,NA,NA,NA,NA,NA,NA,NA,NA,148,1,NA,NA,NA,20.8
"JASONAVANT","WR","nfl","Jason Avant","KC",132,340,NA,NA,NA,NA,NA,NA,NA,NA,NA,207,NA,NA,NA,NA,20.7
"COLTMCCOY","QB","nfl","Colt McCoy","WAS",47,341,NA,NA,342,2,2,NA,29,NA,NA,NA,NA,NA,NA,NA,20.58
"TIMTEBOW","QB","nfl","Tim Tebow","PHI",48,342,NA,NA,75,1,NA,NA,54,1,NA,NA,NA,NA,1,NA,20.4
"JESSEJAMES","TE","nfl","Jesse James","PIT",56,343,NA,NA,NA,NA,NA,NA,NA,NA,NA,190,NA,NA,NA,NA,19
"ANTHONYDIXON","RB","nfl","Anthony Dixon","BUF",108,344,NA,NA,NA,NA,NA,NA,109,1,NA,20,NA,NA,NA,NA,18.9
"EDDICKSON","TE","nfl","Ed Dickson","CAR",57,345,NA,NA,NA,NA,NA,NA,NA,NA,NA,124,1,NA,NA,NA,18.4
"MATTBARKLEY","QB","nfl","Matt Barkley","PHI",49,346,NA,NA,293,2,1,NA,4,NA,NA,NA,NA,NA,NA,NA,18.12
"CHASEFORD","TE","nfl","Chase Ford","MIN",58,347,NA,NA,NA,NA,NA,NA,NA,NA,NA,173,NA,NA,NA,NA,17.3
"MIKEJAMES","RB","nfl","Mike James","TB",109,348,NA,NA,NA,NA,NA,NA,100,1,NA,12,NA,NA,NA,NA,17.2
"RICARDOLOCKETTE","WR","nfl","Ricardo Lockette","SEA",133,349,NA,NA,NA,NA,NA,NA,3,NA,NA,109,1,NA,NA,NA,17.2
"TEDGINN","WR","nfl","Ted Ginn","CAR",134,350,NA,NA,NA,NA,NA,NA,NA,NA,NA,170,NA,NA,NA,NA,17
"JACOBYJONES","WR","nfl","Jacoby Jones","SD",135,351,NA,NA,NA,NA,NA,NA,8,NA,NA,158,NA,NA,NA,NA,16.6
"CHRISTIANPONDER","QB","nfl","Christian Ponder","OAK",50,352,NA,NA,349,1,1,NA,5,NA,NA,NA,NA,NA,NA,NA,16.46
"DWAYNEHARRIS","WR","nfl","Dwayne Harris","NYG",136,353,NA,NA,NA,NA,NA,NA,NA,NA,NA,164,NA,NA,NA,NA,16.4
"BENJAMINWATSON","TE","nfl","Benjamin Watson","NO",59,354,NA,NA,NA,NA,NA,NA,NA,NA,NA,163,NA,NA,NA,NA,16.3
"ZURLONTIPTON","RB","nfl","Zurlon Tipton","IND",110,355,NA,NA,NA,NA,NA,NA,60,NA,NA,101,NA,NA,NA,NA,16.1
"RASHADGREENE","WR","nfl","Rashad Greene","JAC",137,356,NA,NA,NA,NA,NA,NA,NA,NA,NA,158,NA,NA,NA,NA,15.8
"AUSTINPETTIS","WR","nfl","Austin Pettis","SD",138,357,NA,NA,NA,NA,NA,NA,NA,NA,NA,158,NA,NA,NA,NA,15.8
"MICHAELVICK","QB","nfl","Michael Vick","PIT",51,358,NA,NA,240,1,2,NA,56,NA,NA,NA,NA,NA,NA,NA,15.2
"CHARLIEWHITEHURST","QB","nfl","Charlie Whitehurst","TEN",52,359,NA,NA,265,2,2,NA,6,NA,NA,NA,NA,NA,NA,NA,15.2
"CASEKEENUM","QB","nfl","Case Keenum","STL",53,360,NA,NA,255,2,2,NA,8,NA,NA,NA,NA,NA,NA,NA,15
"JAMESOSHAUGHNESSY","TE","nfl","James O'Shaughnessy","KC",60,361,NA,NA,NA,NA,NA,NA,NA,NA,NA,150,NA,NA,NA,NA,15
"VINCENTBROWN","WR","nfl","Vincent Brown","IND",139,362,NA,NA,NA,NA,NA,NA,NA,NA,NA,149,NA,NA,NA,NA,14.9
"MATTHASSELBECK","QB","nfl","Matt Hasselbeck","IND",54,363,NA,NA,300,1,1,NA,4,NA,NA,NA,NA,NA,NA,NA,14.4
"CHADHENNE","QB","nfl","Chad Henne","JAC",55,364,NA,NA,288,1,1,NA,7,NA,NA,NA,NA,NA,NA,NA,14.22
"BRYCEPETTY","QB","nfl","Bryce Petty","NYJ",56,365,NA,NA,232,2,2,NA,5,NA,NA,NA,NA,NA,NA,NA,13.78
"BRANDONWEEDEN","QB","nfl","Brandon Weeden","DAL",57,366,NA,NA,287,2,3,NA,3,NA,NA,NA,NA,NA,NA,NA,13.78
"NICKBOYLE","TE","nfl","Nick Boyle","BAL",61,367,NA,NA,NA,NA,NA,NA,NA,NA,NA,137,NA,NA,NA,NA,13.7
"MATTSCHAUB","QB","nfl","Matt Schaub","BAL",58,368,NA,NA,280,1,1,NA,2,NA,NA,NA,NA,NA,NA,NA,13
"KARLOSWILLIAMS","RB","nfl","Karlos Williams","BUF",111,369,NA,NA,NA,NA,NA,NA,113,NA,NA,17,NA,NA,NA,NA,13
"EVANSPENCER","WR","nfl","Evan Spencer","WAS",140,370,NA,NA,NA,NA,NA,NA,NA,NA,NA,130,NA,NA,NA,NA,13
"GARRETTGRAYSON","QB","nfl","Garrett Grayson","NO",59,371,NA,NA,306,NA,NA,NA,5,NA,NA,NA,NA,NA,NA,NA,12.74
"LUKEMCCOWN","QB","nfl","Luke McCown","NO",60,372,NA,NA,310,NA,NA,NA,NA,NA,NA,NA,NA,NA,NA,NA,12.4
"DEANDRESMELTER","WR","nfl","DeAndre Smelter","SF I",141,373,NA,NA,NA,NA,NA,NA,NA,NA,NA,123,NA,NA,NA,NA,12.3
"MIKEGLENNON","QB","nfl","Mike Glennon","TB",61,374,NA,NA,220,2,3,NA,12,NA,NA,NA,NA,NA,NA,NA,12
"MARCUSMURPHY","RB","nfl","Marcus Murphy","NO",112,375,NA,NA,NA,NA,NA,NA,119,NA,NA,NA,NA,NA,NA,NA,11.9
"DARRENWALLER","WR","nfl","Darren Waller","BAL",142,376,NA,NA,NA,NA,NA,NA,NA,NA,NA,59,1,NA,NA,NA,11.9
"CLAYHARBOR","TE","nfl","Clay Harbor","JAC",62,377,NA,NA,NA,NA,NA,NA,NA,NA,NA,118,NA,NA,NA,NA,11.8
"RHETTELLISON","TE","nfl","Rhett Ellison","MIN",63,378,NA,NA,NA,NA,NA,NA,NA,NA,NA,117,NA,NA,NA,NA,11.7
"MALCOLMJOHNSON","TE","nfl","Malcolm Johnson","CLE",64,379,NA,NA,NA,NA,NA,NA,NA,NA,NA,116,NA,NA,NA,NA,11.6
"TJYATES","QB","nfl","T.J. Yates","ATL",62,380,NA,NA,284,NA,NA,NA,2,NA,NA,NA,NA,NA,NA,NA,11.56
"RYANNASSIB","QB","nfl","Ryan Nassib","NYG",63,381,NA,NA,286,NA,NA,NA,NA,NA,NA,NA,NA,NA,NA,NA,11.44
"JOHNKUHN","RB","nfl","John Kuhn","GB",113,382,NA,NA,NA,NA,NA,NA,39,1,NA,15,NA,NA,NA,NA,11.4
"BRIANTYMS","WR","nfl","Brian Tyms","NE I",143,383,NA,NA,NA,NA,NA,NA,NA,NA,NA,110,NA,NA,NA,NA,11
"STORMJOHNSON","RB","nfl","Storm Johnson","JAC",114,384,NA,NA,NA,NA,NA,NA,90,NA,NA,19,NA,NA,NA,NA,10.9
"TARVARISJACKSON","QB","nfl","Tarvaris Jackson","SEA",64,385,NA,NA,244,NA,NA,NA,6,NA,NA,NA,NA,NA,NA,NA,10.36
"BRUCEGRADKOWSKI","QB","nfl","Bruce Gradkowski","PIT",65,386,NA,NA,200,1,1,NA,3,NA,NA,NA,NA,NA,NA,NA,10.3
"BLAINEGABBERT","QB","nfl","Blaine Gabbert","SF",66,387,NA,NA,185,1,1,NA,8,NA,NA,NA,NA,NA,NA,NA,10.2
"JEFFHEUERMAN","TE","nfl","Jeff Heuerman","DEN",65,388,NA,NA,NA,NA,NA,NA,NA,NA,NA,98,NA,NA,NA,NA,9.8
"AUSTINDAVIS","QB","nfl","Austin Davis","STL",67,389,NA,NA,186,1,1,NA,NA,NA,NA,NA,NA,NA,NA,NA,9.44
"KEITHMUMPHERY","WR","nfl","Keith Mumphery","HOU",144,390,NA,NA,NA,NA,NA,NA,NA,NA,NA,94,NA,NA,NA,NA,9.4
"RORYANDERSON","TE","nfl","Rory Anderson","SF",66,391,NA,NA,NA,NA,NA,NA,NA,NA,NA,94,NA,NA,NA,NA,9.4
"BENKOYACK","TE","nfl","Ben Koyack","JAC",67,392,NA,NA,NA,NA,NA,NA,NA,NA,NA,92,NA,NA,NA,NA,9.2
"CEDRICPEERMAN","RB","nfl","Cedric Peerman","CIN",115,393,NA,NA,NA,NA,NA,NA,78,NA,NA,13,NA,NA,NA,NA,9.1
"DANORLOVSKY","QB","nfl","Dan Orlovsky","DET",68,394,NA,NA,169,1,1,NA,NA,NA,NA,NA,NA,NA,NA,NA,8.76
"MARIOALFORD","WR","nfl","Mario Alford","CIN",145,395,NA,NA,NA,NA,NA,NA,NA,NA,NA,87,NA,NA,NA,NA,8.7
"DUJUANHARRIS","RB","nfl","DuJuan Harris","MIN",116,396,NA,NA,NA,NA,NA,NA,79,NA,NA,6,NA,NA,NA,NA,8.5
"ANDRECALDWELL","WR","nfl","Andre Caldwell","DEN",146,397,NA,NA,NA,NA,NA,NA,NA,NA,NA,85,NA,NA,NA,NA,8.5
"MATTMOORE","QB","nfl","Matt Moore","MIA",69,398,NA,NA,211,NA,NA,NA,NA,NA,NA,NA,NA,NA,NA,NA,8.44
"NEALSTERLING","WR","nfl","Neal Sterling","JAC",147,399,NA,NA,NA,NA,NA,NA,NA,NA,NA,84,NA,NA,NA,NA,8.4
"TREYWATTS","RB","nfl","Trey Watts","STL",117,400,NA,NA,NA,NA,NA,NA,70,NA,NA,12,NA,NA,NA,NA,8.2
"CHASEDANIEL","QB","nfl","Chase Daniel","KC",70,401,NA,NA,150,1,1,NA,NA,NA,NA,NA,NA,NA,NA,NA,8
"GEREMYDAVIS","WR","nfl","Geremy Davis","NYG",148,402,NA,NA,NA,NA,NA,NA,NA,NA,NA,78,NA,NA,NA,NA,7.8
"SEANMANNION","QB","nfl","Sean Mannion","STL",71,403,NA,NA,286,NA,2,NA,NA,NA,NA,NA,NA,NA,NA,NA,7.44
"TOMSAVAGE","QB","nfl","Tom Savage","HOU",72,404,NA,NA,186,NA,NA,NA,NA,NA,NA,NA,NA,NA,NA,NA,7.44
"BLAKEBELL","TE","nfl","Blake Bell","SF",68,405,NA,NA,NA,NA,NA,NA,NA,NA,NA,73,NA,NA,NA,NA,7.3
"GEOFFSWAIM","TE","nfl","Geoff Swaim","DAL",69,406,NA,NA,NA,NA,NA,NA,NA,NA,NA,71,NA,NA,NA,NA,7.1
"KAELINCLAY","WR","nfl","Kaelin Clay","TB",149,407,NA,NA,NA,NA,NA,NA,NA,NA,NA,69,NA,NA,NA,NA,6.9
"NICKOLEARY","TE","nfl","Nick O'Leary","BUF",70,408,NA,NA,NA,NA,NA,NA,NA,NA,NA,68,NA,NA,NA,NA,6.8
"TREMCBRIDE","WR","nfl","Tre McBride","TEN",150,409,NA,NA,NA,NA,NA,NA,NA,NA,NA,67,NA,NA,NA,NA,6.7
"DARRINREAVES","RB","nfl","Darrin Reaves","KC",118,410,NA,NA,NA,NA,NA,NA,45,NA,NA,7,NA,NA,NA,NA,5.2
"MATTMCGLOIN","QB","nfl","Matt McGloin","OAK",73,411,NA,NA,125,NA,NA,NA,NA,NA,NA,NA,NA,NA,NA,NA,5
"REXBURKHEAD","RB","nfl","Rex Burkhead","CIN",119,412,NA,NA,NA,NA,NA,NA,35,NA,NA,15,NA,NA,NA,NA,5
"GERALDCHRISTIAN","TE","nfl","Gerald Christian","ARI",71,413,NA,NA,NA,NA,NA,NA,NA,NA,NA,50,NA,NA,NA,NA,5
"KELLENCLEMENS","QB","nfl","Kellen Clemens","SD",74,414,NA,NA,121,NA,NA,NA,NA,NA,NA,NA,NA,NA,NA,NA,4.84
"BRETTHUNDLEY","QB","nfl","Brett Hundley","GB",75,415,NA,NA,120,NA,NA,NA,NA,NA,NA,NA,NA,NA,NA,NA,4.8
"MATTFLYNN","QB","nfl","Matt Flynn","NYJ",76,416,NA,NA,114,NA,NA,NA,NA,NA,NA,NA,NA,NA,NA,NA,4.56
"KENNYHILLIARD","RB","nfl","Kenny Hilliard","HOU",120,417,NA,NA,NA,NA,NA,NA,44,NA,NA,NA,NA,NA,NA,NA,4.4
"LOGANTHOMAS","QB","nfl","Logan Thomas","ARI",77,418,NA,NA,97,NA,NA,NA,3,NA,NA,NA,NA,NA,NA,NA,4.18
"GEORGEWINN","RB","nfl","George Winn","DET",121,419,NA,NA,NA,NA,NA,NA,40,NA,NA,NA,NA,NA,NA,NA,4
"RANDALLTELFER","TE","nfl","Randall Telfer","CLE",72,420,NA,NA,NA,NA,NA,NA,NA,NA,NA,40,NA,NA,NA,NA,4
"KENNARDBACKMAN","TE","nfl","Kennard Backman","GB",73,421,NA,NA,NA,NA,NA,NA,NA,NA,NA,36,NA,NA,NA,NA,3.6
"CJUZOMAH","TE","nfl","C.J. Uzomah","CIN",74,422,NA,NA,NA,NA,NA,NA,NA,NA,NA,36,NA,NA,NA,NA,3.6
"AJDERBY","TE","nfl","A.J. Derby","NE I",75,423,NA,NA,NA,NA,NA,NA,NA,NA,NA,23,NA,NA,NA,NA,2.3
"JASONCAMPBELL","QB","nfl","Jason Campbell",NA,78,424,NA,NA,NA,NA,NA,NA,NA,NA,NA,NA,NA,NA,NA,NA,0
"DOMINIQUEDAVIS","QB","nfl","Dominique Davis",NA,79,425,NA,NA,NA,NA,NA,NA,NA,NA,NA,NA,NA,NA,NA,NA,0
"JOSHFREEMAN","QB","nfl","Josh Freeman","MIA",80,426,NA,NA,NA,NA,NA,NA,NA,NA,NA,NA,NA,NA,NA,NA,0
"JOSHJOHNSON","QB","nfl","Josh Johnson","NYJ",81,427,NA,NA,NA,NA,NA,NA,NA,NA,NA,NA,NA,NA,NA,NA,0
"THADLEWIS","QB","nfl","Thad Lewis","CLE",82,428,NA,NA,NA,NA,NA,NA,NA,NA,NA,NA,NA,NA,NA,NA,0
"RYANLINDLEY","QB","nfl","Ryan Lindley",NA,83,429,NA,NA,NA,NA,NA,NA,NA,NA,NA,NA,NA,NA,NA,NA,0
"JAKELOCKER","QB","nfl","Jake Locker",NA,84,430,NA,NA,NA,NA,NA,NA,NA,NA,NA,NA,NA,NA,NA,NA,0
"AJMCCARRON","QB","nfl","AJ McCarron","CIN",85,431,NA,NA,NA,NA,NA,NA,NA,NA,NA,NA,NA,NA,NA,NA,0
"AARONMURRAY","QB","nfl","Aaron Murray","KC",86,432,NA,NA,NA,NA,NA,NA,NA,NA,NA,NA,NA,NA,NA,NA,0
"KYLEORTON","QB","nfl","Kyle Orton",NA,87,433,NA,NA,NA,NA,NA,NA,NA,NA,NA,NA,NA,NA,NA,NA,0
"CURTISPAINTER","QB","nfl","Curtis Painter",NA,88,434,NA,NA,NA,NA,NA,NA,NA,NA,NA,NA,NA,NA,NA,NA,0
"JORDANPALMER","QB","nfl","Jordan Palmer",NA,89,435,NA,NA,NA,NA,NA,NA,NA,NA,NA,NA,NA,NA,NA,NA,0
"TERRELLEPRYOR","QB","nfl","Terrelle Pryor","CLE",90,436,NA,NA,NA,NA,NA,NA,NA,NA,NA,NA,NA,NA,NA,NA,0
"BRADYQUINN","QB","nfl","Brady Quinn",NA,91,437,NA,NA,NA,NA,NA,NA,NA,NA,NA,NA,NA,NA,NA,NA,0
"CONNORSHAW","QB","nfl","Connor Shaw","CLE",92,438,NA,NA,NA,NA,NA,NA,NA,NA,NA,NA,NA,NA,NA,NA,0
"TREVORSIEMIAN","QB","nfl","Trevor Siemian","DEN",93,439,NA,NA,NA,NA,NA,NA,NA,NA,NA,NA,NA,NA,NA,NA,0
"MATTSIMMS","QB","nfl","Matt Simms",NA,94,440,NA,NA,NA,NA,NA,NA,NA,NA,NA,NA,NA,NA,NA,NA,0
"SCOTTTOLZIEN","QB","nfl","Scott Tolzien","GB",95,441,NA,NA,NA,NA,NA,NA,NA,NA,NA,NA,NA,NA,NA,NA,0
"JEFFTUEL","QB","nfl","Jeff Tuel",NA,96,442,NA,NA,NA,NA,NA,NA,NA,NA,NA,NA,NA,NA,NA,NA,0
"DUSTINVAUGHAN","QB","nfl","Dustin Vaughan","DAL",97,443,NA,NA,NA,NA,NA,NA,NA,NA,NA,NA,NA,NA,NA,NA,0
"SENECAWALLACE","QB","nfl","Seneca Wallace",NA,98,444,NA,NA,NA,NA,NA,NA,NA,NA,NA,NA,NA,NA,NA,NA,0
"JOEWEBB","QB","nfl","Joe Webb","CAR",99,445,NA,NA,NA,NA,NA,NA,NA,NA,NA,NA,NA,NA,NA,NA,0
"ANTONIOANDREWS","RB","nfl","Antonio Andrews","TEN",122,446,NA,NA,NA,NA,NA,NA,NA,NA,NA,NA,NA,NA,NA,NA,0
"EDWINBAKER","RB","nfl","Edwin Baker","NO",123,447,NA,NA,NA,NA,NA,NA,NA,NA,NA,NA,NA,NA,NA,NA,0
"VICKBALLARD","RB","nfl","Vick Ballard","IND",124,448,NA,NA,NA,NA,NA,NA,NA,NA,NA,NA,NA,NA,NA,NA,0
"JOEBANYARD","RB","nfl","Joe Banyard",NA,125,449,NA,NA,NA,NA,NA,NA,NA,NA,NA,NA,NA,NA,NA,NA,0
"KENJONBARNER","RB","nfl","Kenjon Barner","PHI",126,450,NA,NA,NA,NA,NA,NA,NA,NA,NA,NA,NA,NA,NA,NA,0
"JACKIEBATTLE","RB","nfl","Jackie Battle",NA,127,451,NA,NA,NA,NA,NA,NA,NA,NA,NA,NA,NA,NA,NA,NA,0
"TOMMYBOHANON","RB","nfl","Tommy Bohanon","NYJ",128,452,NA,NA,NA,NA,NA,NA,NA,NA,NA,NA,NA,NA,NA,NA,0
"AHMADBRADSHAW","RB","nfl","Ahmad Bradshaw",NA,129,453,NA,NA,NA,NA,NA,NA,NA,NA,NA,NA,NA,NA,NA,NA,0
"ANDREBROWN","RB","nfl","Andre Brown",NA,130,454,NA,NA,NA,NA,NA,NA,NA,NA,NA,NA,NA,NA,NA,NA,0
"MALCOLMBROWN","RB","nfl","Malcolm Brown","STL",131,455,NA,NA,NA,NA,NA,NA,NA,NA,NA,NA,NA,NA,NA,NA,0
"RONNIEBROWN","RB","nfl","Ronnie Brown",NA,132,456,NA,NA,NA,NA,NA,NA,NA,NA,NA,NA,NA,NA,NA,NA,0
"MICHAELBURTON","RB","nfl","Michael Burton","DET",133,457,NA,NA,NA,NA,NA,NA,NA,NA,NA,NA,NA,NA,NA,NA,0
"MICHAELBUSH","RB","nfl","Michael Bush",NA,134,458,NA,NA,NA,NA,NA,NA,NA,NA,NA,NA,NA,NA,NA,NA,0
"TASHARDCHOICE","RB","nfl","Tashard Choice",NA,135,459,NA,NA,NA,NA,NA,NA,NA,NA,NA,NA,NA,NA,NA,NA,0
"DERRICKCOLEMAN","RB","nfl","Derrick Coleman","SEA",136,460,NA,NA,NA,NA,NA,NA,NA,NA,NA,NA,NA,NA,NA,NA,0
"JEDCOLLINS","RB","nfl","Jed Collins",NA,137,461,NA,NA,NA,NA,NA,NA,NA,NA,NA,NA,NA,NA,NA,NA,0
"JOHNCONNER","RB","nfl","John Conner",NA,138,462,NA,NA,NA,NA,NA,NA,NA,NA,NA,NA,NA,NA,NA,NA,0
"MICHAELCOX","RB","nfl","Michael Cox",NA,139,463,NA,NA,NA,NA,NA,NA,NA,NA,NA,NA,NA,NA,NA,NA,0
"JOHNCROCKETT","RB","nfl","John Crockett","GB",140,464,NA,NA,NA,NA,NA,NA,NA,NA,NA,NA,NA,NA,NA,NA,0
"ORLEANSDARKWA","RB","nfl","Orleans Darkwa","NYG",141,465,NA,NA,NA,NA,NA,NA,NA,NA,NA,NA,NA,NA,NA,NA,0
"JEFFDEMPS","RB","nfl","Jeff Demps",NA,142,466,NA,NA,NA,NA,NA,NA,NA,NA,NA,NA,NA,NA,NA,NA,0
"JAMESDEVELIN","RB","nfl","James Develin","NE I",143,467,NA,NA,NA,NA,NA,NA,NA,NA,NA,NA,NA,NA,NA,NA,0
"PATRICKDIMARCO","RB","nfl","Patrick DiMarco","ATL",144,468,NA,NA,NA,NA,NA,NA,NA,NA,NA,NA,NA,NA,NA,NA,0
"SHAUNDRAUGHN","RB","nfl","Shaun Draughn","CLE",145,469,NA,NA,NA,NA,NA,NA,NA,NA,NA,NA,NA,NA,NA,NA,0
"JONATHANDWYER","RB","nfl","Jonathan Dwyer",NA,146,470,NA,NA,NA,NA,NA,NA,NA,NA,NA,NA,NA,NA,NA,NA,0
"MICHAELDYER","RB","nfl","Michael Dyer","OAK",147,471,NA,NA,NA,NA,NA,NA,NA,NA,NA,NA,NA,NA,NA,NA,0
"JEROMEFELTON","RB","nfl","Jerome Felton","BUF",148,472,NA,NA,NA,NA,NA,NA,NA,NA,NA,NA,NA,NA,NA,NA,0
"JALSTONFOWLER","RB","nfl","Jalston Fowler","TEN",149,473,NA,NA,NA,NA,NA,NA,NA,NA,NA,NA,NA,NA,NA,NA,0
"JOHNATHANFRANKLIN","RB","nfl","Johnathan Franklin",NA,150,474,NA,NA,NA,NA,NA,NA,NA,NA,NA,NA,NA,NA,NA,NA,0
"RASHAUNALLEN","TE","nfl","RaShaun Allen","SEA",76,475,NA,NA,NA,NA,NA,NA,NA,NA,NA,NA,NA,NA,NA,NA,0
"DAVIDAUSBERRY","TE","nfl","David Ausberry","OAK",77,476,NA,NA,NA,NA,NA,NA,NA,NA,NA,NA,NA,NA,NA,NA,0
"BILLYBAJEMA","TE","nfl","Billy Bajema",NA,78,477,NA,NA,NA,NA,NA,NA,NA,NA,NA,NA,NA,NA,NA,NA,0
"JAKEBALLARD","TE","nfl","Jake Ballard",NA,79,478,NA,NA,NA,NA,NA,NA,NA,NA,NA,NA,NA,NA,NA,NA,0
"GARYBARNIDGE","TE","nfl","Gary Barnidge","CLE",80,479,NA,NA,NA,NA,NA,NA,NA,NA,NA,NA,NA,NA,NA,NA,0
"EJBIBBS","TE","nfl","E.J. Bibbs","CLE",81,480,NA,NA,NA,NA,NA,NA,NA,NA,NA,NA,NA,NA,NA,NA,0
"BRANDONBOSTICK","TE","nfl","Brandon Bostick",NA,82,481,NA,NA,NA,NA,NA,NA,NA,NA,NA,NA,NA,NA,NA,NA,0
"TREYBURTON","TE","nfl","Trey Burton","PHI",83,482,NA,NA,NA,NA,NA,NA,NA,NA,NA,NA,NA,NA,NA,NA,0
"NATEBYHAM","TE","nfl","Nate Byham",NA,84,483,NA,NA,NA,NA,NA,NA,NA,NA,NA,NA,NA,NA,NA,NA,0
"JOHNCARLSON","TE","nfl","John Carlson",NA,85,484,NA,NA,NA,NA,NA,NA,NA,NA,NA,NA,NA,NA,NA,NA,0
"DEREKCARRIER","TE","nfl","Derek Carrier","WAS",86,485,NA,NA,NA,NA,NA,NA,NA,NA,NA,NA,NA,NA,NA,NA,0
"JAMESCASEY","TE","nfl","James Casey","DEN",87,486,NA,NA,NA,NA,NA,NA,NA,NA,NA,NA,NA,NA,NA,NA,0
"ORSONCHARLES","TE","nfl","Orson Charles","NO",88,487,NA,NA,NA,NA,NA,NA,NA,NA,NA,NA,NA,NA,NA,NA,0
"DALLASCLARK","TE","nfl","Dallas Clark",NA,89,488,NA,NA,NA,NA,NA,NA,NA,NA,NA,NA,NA,NA,NA,NA,0
"CHASECOFFMAN","TE","nfl","Chase Coffman","TEN",90,489,NA,NA,NA,NA,NA,NA,NA,NA,NA,NA,NA,NA,NA,NA,0
"TOMCRABTREE","TE","nfl","Tom Crabtree",NA,91,490,NA,NA,NA,NA,NA,NA,NA,NA,NA,NA,NA,NA,NA,NA,0
"JUSTICECUNNINGHAM","TE","nfl","Justice Cunningham","STL",92,491,NA,NA,NA,NA,NA,NA,NA,NA,NA,NA,NA,NA,NA,NA,0
"FREDDAVIS","TE","nfl","Fred Davis",NA,93,492,NA,NA,NA,NA,NA,NA,NA,NA,NA,NA,NA,NA,NA,NA,0
"KELLENDAVIS","TE","nfl","Kellen Davis","NYJ",94,493,NA,NA,NA,NA,NA,NA,NA,NA,NA,NA,NA,NA,NA,NA,0
"DORINDICKERSON","TE","nfl","Dorin Dickerson","TEN",95,494,NA,NA,NA,NA,NA,NA,NA,NA,NA,NA,NA,NA,NA,NA,0
"JACKDOYLE","TE","nfl","Jack Doyle","IND",96,495,NA,NA,NA,NA,NA,NA,NA,NA,NA,NA,NA,NA,NA,NA,0
"JIMDRAY","TE","nfl","Jim Dray","CLE",97,496,NA,NA,NA,NA,NA,NA,NA,NA,NA,NA,NA,NA,NA,NA,0
"JOELDREESSEN","TE","nfl","Joel Dreessen",NA,98,497,NA,NA,NA,NA,NA,NA,NA,NA,NA,NA,NA,NA,NA,NA,0
"MICHAELEGNEW","TE","nfl","Michael Egnew",NA,99,498,NA,NA,NA,NA,NA,NA,NA,NA,NA,NA,NA,NA,NA,NA,0
"DARRENFELLS","TE","nfl","Darren Fells","ARI",100,499,NA,NA,NA,NA,NA,NA,NA,NA,NA,NA,NA,NA,NA,NA,0
"JERMICHAELFINLEY","TE","nfl","Jermichael Finley",NA,101,500,NA,NA,NA,NA,NA,NA,NA,NA,NA,NA,NA,NA,NA,NA,0
"CROCKETTGILLMORE","TE","nfl","Crockett Gillmore","BAL",102,501,NA,NA,NA,NA,NA,NA,NA,NA,NA,347,3,NA,NA,NA,0
"RICHARDGORDON","TE","nfl","Richard Gordon","KC",103,502,NA,NA,NA,NA,NA,NA,NA,NA,NA,NA,NA,NA,NA,NA,0
"CHRISGRAGG","TE","nfl","Chris Gragg","BUF",104,503,NA,NA,NA,NA,NA,NA,NA,NA,NA,NA,NA,NA,NA,NA,0
"MARQUEISGRAY","TE","nfl","MarQueis Gray","BUF",105,504,NA,NA,NA,NA,NA,NA,NA,NA,NA,NA,NA,NA,NA,NA,0
"VIRGILGREEN","TE","nfl","Virgil Green","DEN",106,505,NA,NA,NA,NA,NA,NA,NA,NA,NA,NA,NA,NA,NA,NA,0
"XAVIERGRIMBLE","TE","nfl","Xavier Grimble","SF",107,506,NA,NA,NA,NA,NA,NA,NA,NA,NA,NA,NA,NA,NA,NA,0
"JAMESHANNA","TE","nfl","James Hanna","DAL",108,507,NA,NA,NA,NA,NA,NA,NA,NA,NA,NA,NA,NA,NA,NA,0
"CORYHARKEY","TE","nfl","Cory Harkey","STL",109,508,NA,NA,NA,NA,NA,NA,NA,NA,NA,NA,NA,NA,NA,NA,0
"DEMETRIUSHARRIS","TE","nfl","Demetrius Harris","KC",110,509,NA,NA,NA,NA,NA,NA,NA,NA,NA,NA,NA,NA,NA,NA,0
"COOPERHELFET","TE","nfl","Cooper Helfet","SEA",111,510,NA,NA,NA,NA,NA,NA,NA,NA,NA,NA,NA,NA,NA,NA,0
"RYANHEWITT","TE","nfl","Ryan Hewitt","CIN",112,511,NA,NA,NA,NA,NA,NA,NA,NA,NA,NA,NA,NA,NA,NA,0
"MICHAELHOOMANAWANUI","TE","nfl","Michael Hoomanawanui","NE",113,512,NA,NA,NA,NA,NA,NA,NA,NA,NA,NA,NA,NA,NA,NA,0
"GATORHOSKINS","TE","nfl","Gator Hoskins",NA,114,513,NA,NA,NA,NA,NA,NA,NA,NA,NA,NA,NA,NA,NA,NA,0
"NICJACOBS","TE","nfl","Nic Jacobs","JAC",115,514,NA,NA,NA,NA,NA,NA,NA,NA,NA,NA,NA,NA,NA,NA,0
"MARCELJENSEN","TE","nfl","Marcel Jensen","DEN",116,515,NA,NA,NA,NA,NA,NA,NA,NA,NA,NA,NA,NA,NA,NA,0
"NICKKASA","TE","nfl","Nick Kasa",NA,118,517,NA,NA,NA,NA,NA,NA,NA,NA,NA,NA,NA,NA,NA,NA,0
"BRIANLEONHARDT","TE","nfl","Brian Leonhardt","OAK",119,518,NA,NA,NA,NA,NA,NA,NA,NA,NA,NA,NA,NA,NA,NA,0
"ANTHONYMCCOY","TE","nfl","Anthony McCoy","SEA",120,519,NA,NA,NA,NA,NA,NA,NA,NA,NA,NA,NA,NA,NA,NA,0
"VANCEMCDONALD","TE","nfl","Vance McDonald","SF",121,520,NA,NA,NA,NA,NA,NA,NA,NA,NA,NA,NA,NA,NA,NA,0
"SEANMCGRATH","TE","nfl","Sean McGrath","IND",122,521,NA,NA,NA,NA,NA,NA,NA,NA,NA,NA,NA,NA,NA,NA,0
"ZACHMILLER","TE","nfl","Zach Miller",NA,123,522,NA,NA,NA,NA,NA,NA,NA,NA,NA,NA,NA,NA,NA,NA,0
"IFEANYIMOMAH","TE","nfl","Ifeanyi Momah","ARI",124,523,NA,NA,NA,NA,NA,NA,NA,NA,NA,NA,NA,NA,NA,NA,0
"MATTHEWMULLIGAN","TE","nfl","Matthew Mulligan","BUF",125,524,NA,NA,NA,NA,NA,NA,NA,NA,NA,NA,NA,NA,NA,NA,0
"TROYNIKLAS","TE","nfl","Troy Niklas","ARI",126,525,NA,NA,NA,NA,NA,NA,NA,NA,NA,NA,NA,NA,NA,NA,0
"DANNYNOBLE","TE","nfl","Danny Noble",NA,127,526,NA,NA,NA,NA,NA,NA,NA,NA,NA,NA,NA,NA,NA,NA,0
"MICHAELPALMER","TE","nfl","Michael Palmer",NA,128,527,NA,NA,NA,NA,NA,NA,NA,NA,NA,NA,NA,NA,NA,NA,0
"BEARPASCOE","TE","nfl","Bear Pascoe","CHI",129,528,NA,NA,NA,NA,NA,NA,NA,NA,NA,NA,NA,NA,NA,NA,0
"NILESPAUL","TE","nfl","Niles Paul","WAS",130,529,NA,NA,NA,NA,NA,NA,NA,NA,NA,NA,NA,NA,NA,NA,0
"LOGANPAULSEN","TE","nfl","Logan Paulsen","WAS",131,530,NA,NA,NA,NA,NA,NA,NA,NA,NA,NA,NA,NA,NA,NA,0
"DAVIDPAULSON","TE","nfl","David Paulson",NA,132,531,NA,NA,NA,NA,NA,NA,NA,NA,NA,NA,NA,NA,NA,NA,0
"BRANDONPETTIGREW","TE","nfl","Brandon Pettigrew","DET",133,532,NA,NA,NA,NA,NA,NA,NA,NA,NA,NA,NA,NA,NA,NA,0
"JOHNPHILLIPS","TE","nfl","John Phillips","SD",134,533,NA,NA,NA,NA,NA,NA,NA,NA,NA,NA,NA,NA,NA,NA,0
"DENNISPITTA","TE","nfl","Dennis Pitta","BAL",135,534,NA,NA,NA,NA,NA,NA,NA,NA,NA,NA,NA,NA,NA,NA,0
"ALLENREISNER","TE","nfl","Allen Reisner","BAL",136,535,NA,NA,NA,NA,NA,NA,NA,NA,NA,NA,NA,NA,NA,NA,0
"KONRADREULAND","TE","nfl","Konrad Reuland","BAL",137,536,NA,NA,NA,NA,NA,NA,NA,NA,NA,NA,NA,NA,NA,NA,0
"ADRIENROBINSON","TE","nfl","Adrien Robinson","NYG",138,537,NA,NA,NA,NA,NA,NA,NA,NA,NA,NA,NA,NA,NA,NA,0
"DANTEROSARIO","TE","nfl","Dante Rosario","CHI",139,538,NA,NA,NA,NA,NA,NA,NA,NA,NA,NA,NA,NA,NA,NA,0
"WESLYESAUNDERS","TE","nfl","Weslye Saunders",NA,140,539,NA,NA,NA,NA,NA,NA,NA,NA,NA,NA,NA,NA,NA,NA,0
"TONYSCHEFFLER","TE","nfl","Tony Scheffler",NA,141,540,NA,NA,NA,NA,NA,NA,NA,NA,NA,NA,NA,NA,NA,NA,0
"ADAMSCHILTZ","TE","nfl","Adam Schiltz",NA,142,541,NA,NA,NA,NA,NA,NA,NA,NA,NA,NA,NA,NA,NA,NA,0
"VISANTHESHIANCOE","TE","nfl","Visanthe Shiancoe",NA,143,542,NA,NA,NA,NA,NA,NA,NA,NA,NA,NA,NA,NA,NA,NA,0
"LEESMITH","TE","nfl","Lee Smith","OAK",145,544,NA,NA,NA,NA,NA,NA,NA,NA,NA,NA,NA,NA,NA,NA,0
"MATTSPAETH","TE","nfl","Matt Spaeth","PIT",146,545,NA,NA,NA,NA,NA,NA,NA,NA,NA,NA,NA,NA,NA,NA,0
"KORYSPERRY","TE","nfl","Kory Sperry",NA,147,546,NA,NA,NA,NA,NA,NA,NA,NA,NA,NA,NA,NA,NA,NA,0
"CRAIGSTEVENS","TE","nfl","Craig Stevens","TEN",148,547,NA,NA,NA,NA,NA,NA,NA,NA,NA,NA,NA,NA,NA,NA,0
"LUKESTOCKER","TE","nfl","Luke Stocker","TB",149,548,NA,NA,NA,NA,NA,NA,NA,NA,NA,NA,NA,NA,NA,NA,0
"JAKESTONEBURNER","TE","nfl","Jake Stoneburner","MIA",150,549,NA,NA,NA,NA,NA,NA,NA,NA,NA,NA,NA,NA,NA,NA,0
