"name","pos","sourceName","name_yahoo","team_yahoo","positionRank","overallRank","passYds","passTds","passInt","rushAtt","rushYds","rushTds","rec","recTgt","recYds","recTds","returnTds","twoPts","fumbles","dstSack","dstSafety","dstInt","dstFumlRec","dstBlk","dstTd","fg","fg2029","fg3039","fg4049","fg50","points"
"ANDREWLUCK","QB","yahoo","Andrew Luck","IND",1,1,4460,37,16.3,56.8,267,2.1,0,0,0,0,0,1,5,NA,NA,NA,NA,NA,NA,NA,NA,NA,NA,NA,341.6
"AARONRODGERS","QB","yahoo","Aaron Rodgers","GB",2,2,4280,33.6,7.7,50.5,258,1.8,0,0,0,0,0,0.9,4.8,NA,NA,NA,NA,NA,NA,NA,NA,NA,NA,NA,326.98
"DREWBREES","QB","yahoo","Drew Brees","NO",3,3,4959,32.6,13.4,26.1,42.2,1,0,0,0,0,0,0.9,3.6,NA,NA,NA,NA,NA,NA,NA,NA,NA,NA,NA,320.31
"RUSSELLWILSON","QB","yahoo","Russell Wilson","SEA",4,4,3433,26.8,9.1,102,629,3.4,0,0,0,0,0,0.8,5,NA,NA,NA,NA,NA,NA,NA,NA,NA,NA,NA,310.59
"PEYTONMANNING","QB","yahoo","Peyton Manning","DEN",5,5,4549,33.8,13.3,23.9,-5.8,0.7,0,0,0,0,0,0.9,2.4,NA,NA,NA,NA,NA,NA,NA,NA,NA,NA,NA,304.22
"RYANTANNEHILL","QB","yahoo","Ryan Tannehill","MIA",6,6,4362,26.5,13.7,52.1,256,1.7,0,0,0,0,0,0.8,5.4,NA,NA,NA,NA,NA,NA,NA,NA,NA,NA,NA,293.01
"MATTRYAN","QB","yahoo","Matt Ryan","ATL",7,7,4566,27.5,12.4,28.7,89.3,0.9,0,0,0,0,0,0.8,2.6,NA,NA,NA,NA,NA,NA,NA,NA,NA,NA,NA,290.98
"TONYROMO","QB","yahoo","Tony Romo","DAL",8,8,4138,32.9,10.7,26.9,70.7,0.7,0,0,0,0,0,0.9,5.2,NA,NA,NA,NA,NA,NA,NA,NA,NA,NA,NA,289.41
"BENROETHLISBERGER","QB","yahoo","Ben Roethlisberger","PIT",9,9,4495,28.7,12.9,33.7,101,0.6,0,0,0,0,0,0.8,5.1,NA,NA,NA,NA,NA,NA,NA,NA,NA,NA,NA,286.65
"ELIMANNING","QB","yahoo","Eli Manning","NYG",10,10,4691,29.7,16.9,16.6,29.7,0.4,0,0,0,0,0,0.8,5.4,NA,NA,NA,NA,NA,NA,NA,NA,NA,NA,NA,286.04
"CAMNEWTON","QB","yahoo","Cam Newton","CAR",11,11,3484,21.8,13.7,103,554,4.2,0,0,0,0,0,0.7,5.1,NA,NA,NA,NA,NA,NA,NA,NA,NA,NA,NA,284.87
"PHILIPRIVERS","QB","yahoo","Philip Rivers","SD",12,12,4508,29.2,15.8,31.5,70.6,0.6,0,0,0,0,0,0.8,4.6,NA,NA,NA,NA,NA,NA,NA,NA,NA,NA,NA,284.54
"COLINKAEPERNICK","QB","yahoo","Colin Kaepernick","SF",13,13,3767,16.5,9.1,102,634,2.7,0,0,0,0,0,0.5,5.5,NA,NA,NA,NA,NA,NA,NA,NA,NA,NA,NA,277.59
"MATTHEWSTAFFORD","QB","yahoo","Matthew Stafford","DET",14,14,4272,26,13.8,37.6,119,1.4,0,0,0,0,0,0.7,4.6,NA,NA,NA,NA,NA,NA,NA,NA,NA,NA,NA,273.87
"MARCUSMARIOTA","QB","yahoo","Marcus Mariota","TEN",15,15,3649,20.4,15.6,88.4,531,2.8,0,0,0,0,0,0.6,4.6,NA,NA,NA,NA,NA,NA,NA,NA,NA,NA,NA,273.75
"TEDDYBRIDGEWATER","QB","yahoo","Teddy Bridgewater","MIN",16,16,3816,22.2,13.6,58.4,317,2.5,0,0,0,0,0,0.7,3.1,NA,NA,NA,NA,NA,NA,NA,NA,NA,NA,NA,269.66
"SAMBRADFORD","QB","yahoo","Sam Bradford","PHI",17,17,3849,27.2,11.9,41.3,117,1.7,0,0,0,0,0,0.8,4.6,NA,NA,NA,NA,NA,NA,NA,NA,NA,NA,NA,265.18
"JOEFLACCO","QB","yahoo","Joe Flacco","BAL",18,18,4024,26.2,13.5,41.2,88,1.5,0,0,0,0,0,0.7,3.6,NA,NA,NA,NA,NA,NA,NA,NA,NA,NA,NA,264.16
"CARSONPALMER","QB","yahoo","Carson Palmer","ARZ",19,19,4117,25.4,15.8,22.7,37.9,0.7,0,0,0,0,0,0.7,2,NA,NA,NA,NA,NA,NA,NA,NA,NA,NA,NA,256.24
"JAYCUTLER","QB","yahoo","Jay Cutler","CHI",20,20,4027,24.5,18,43,194,0.9,0,0,0,0,0,0.7,5.6,NA,NA,NA,NA,NA,NA,NA,NA,NA,NA,NA,256.08
"JAMEISWINSTON","QB","yahoo","Jameis Winston","TB",21,21,4207,21.5,19.5,47.8,182,1.5,0,0,0,0,0,0.6,4.6,NA,NA,NA,NA,NA,NA,NA,NA,NA,NA,NA,253.82
"ALEXSMITH","QB","yahoo","Alex Smith","KC",22,22,3554,21.5,9.5,53.7,274,1.7,0,0,0,0,0,0.6,3.6,NA,NA,NA,NA,NA,NA,NA,NA,NA,NA,NA,250.22
"BLAKEBORTLES","QB","yahoo","Blake Bortles","JAC",23,23,3767,19.1,15.6,62.4,373,1.5,0,0,0,0,0,0.5,4.8,NA,NA,NA,NA,NA,NA,NA,NA,NA,NA,NA,249.45
"ADRIANPETERSON","RB","yahoo","Adrian Peterson","MIN",1,24,0,0,0,283,1324,9.2,49.9,63.1,421,2,0,0.3,2.8,NA,NA,NA,NA,NA,NA,NA,NA,NA,NA,NA,236.52
"ANDYDALTON","QB","yahoo","Andy Dalton","CIN",24,25,3576,21.4,17.7,50.4,162,2,0,0,0,0,0,0.6,2.2,NA,NA,NA,NA,NA,NA,NA,NA,NA,NA,NA,235.64
"TOMBRADY","QB","yahoo","Tom Brady","NE",25,26,3427,24.2,8.3,26.1,31.7,1.4,0,0,0,0,0,0.7,1.9,NA,NA,NA,NA,NA,NA,NA,NA,NA,NA,NA,234.66
"DEREKCARR","QB","yahoo","Derek Carr","OAK",26,27,4097,18.7,13.7,33.5,111,0.9,0,0,0,0,0,0.5,5.4,NA,NA,NA,NA,NA,NA,NA,NA,NA,NA,NA,231.84
"EDDIELACY","RB","yahoo","Eddie Lacy","GB",2,28,0,0,0,286,1268,8.2,43,55.5,303,2.4,0,0.3,1.6,NA,NA,NA,NA,NA,NA,NA,NA,NA,NA,NA,218.39
"ANTONIOBROWN","WR","yahoo","Antonio Brown","PIT",1,29,0,0,0,4.4,28.8,0.1,116,171,1524,9.3,1.1,0.3,0.5,NA,NA,NA,NA,NA,NA,NA,NA,NA,NA,NA,217.76
"NICKFOLES","QB","yahoo","Nick Foles","STL",27,30,3488,18.4,11.8,34.1,153,1.1,0,0,0,0,0,0.5,3.4,NA,NA,NA,NA,NA,NA,NA,NA,NA,NA,NA,217.37
"MARSHAWNLYNCH","RB","yahoo","Marshawn Lynch","SEA",3,31,0,0,0,281,1291,9.1,33,41.3,261,1.8,0,0.3,2,NA,NA,NA,NA,NA,NA,NA,NA,NA,NA,NA,217.13
"JAMAALCHARLES","RB","yahoo","Jamaal Charles","KC",4,32,0,0,0,236,1085,7.7,53.1,69.4,459,3.1,0,0.3,2.7,NA,NA,NA,NA,NA,NA,NA,NA,NA,NA,NA,214.07
"ROBERTGRIFFIN","QB","yahoo","Robert Griffin III","WAS",28,33,2985,15.3,9.4,63.4,389,2.4,0,0,0,0,0,0.5,6.8,NA,NA,NA,NA,NA,NA,NA,NA,NA,NA,NA,212.06
"CJANDERSON","RB","yahoo","C.J. Anderson","DEN",5,34,0,0,0,257,1116,8.7,46.7,58,399,1.4,0,0.2,0.9,NA,NA,NA,NA,NA,NA,NA,NA,NA,NA,NA,210.67
"LEVEONBELL","RB","yahoo","Le'Veon Bell","PIT",6,35,0,0,0,251,1079,5.7,61.9,79.1,498,2.8,0,0.2,0.9,NA,NA,NA,NA,NA,NA,NA,NA,NA,NA,NA,207.3
"JEREMYHILL","RB","yahoo","Jeremy Hill","CIN",7,36,0,0,0,282,1298,10.2,22.9,28.5,174,0.6,0,0.3,3,NA,NA,NA,NA,NA,NA,NA,NA,NA,NA,NA,206.43
"MATTFORTE","RB","yahoo","Matt Forte","CHI",8,37,0,0,0,242,1029,5.2,64.1,77.6,590,2.4,0,0.2,1.2,NA,NA,NA,NA,NA,NA,NA,NA,NA,NA,NA,205.59
"LESEANMCCOY","RB","yahoo","LeSean McCoy","BUF",9,38,0,0,0,303,1356,7.3,28.6,35,202,1,0,0.2,2,NA,NA,NA,NA,NA,NA,NA,NA,NA,NA,NA,201.97
"DEMARYIUSTHOMAS","WR","yahoo","Demaryius Thomas","DEN",2,39,0,0,0,0,0,0,100,162,1276,11.2,0,0.3,0.4,NA,NA,NA,NA,NA,NA,NA,NA,NA,NA,NA,194.75
"JULIOJONES","WR","yahoo","Julio Jones","ATL",3,40,0,0,0,1.9,12.7,0.1,108,162,1431,8.6,0,0.2,1.1,NA,NA,NA,NA,NA,NA,NA,NA,NA,NA,NA,194.62
"CALVINJOHNSON","WR","yahoo","Calvin Johnson","DET",4,41,0,0,0,0,0,0,89.5,150,1322,10.1,0,0.3,0.4,NA,NA,NA,NA,NA,NA,NA,NA,NA,NA,NA,192.87
"RANDALLCOBB","WR","yahoo","Randall Cobb","GB",5,42,0,0,0,14.3,107,0.2,93.2,131,1273,8.9,0,0.2,0.5,NA,NA,NA,NA,NA,NA,NA,NA,NA,NA,NA,192.03
"DEZBRYANT","WR","yahoo","Dez Bryant","DAL",6,43,0,0,0,0,0,0,87.2,139,1320,10.1,0,0.3,0.8,NA,NA,NA,NA,NA,NA,NA,NA,NA,NA,NA,191.59
"LAMARMILLER","RB","yahoo","Lamar Miller","MIA",10,44,0,0,0,254,1143,6.3,39.3,49.3,308,1.5,0,0.2,1.1,NA,NA,NA,NA,NA,NA,NA,NA,NA,NA,NA,189.99
"ODELLBECKHAM","WR","yahoo","Odell Beckham Jr.","NYG",7,45,0,0,0,8.4,55.1,0.2,100,157,1335,8.3,0,0.2,0.5,NA,NA,NA,NA,NA,NA,NA,NA,NA,NA,NA,189.06
"JUSTINFORSETT","RB","yahoo","Justin Forsett","BAL",11,46,0,0,0,228,1052,5,53.6,67.7,414,1.8,0,0.2,1.4,NA,NA,NA,NA,NA,NA,NA,NA,NA,NA,NA,184.95
"FRANKGORE","RB","yahoo","Frank Gore","IND",12,47,0,0,0,253,1038,6.8,36.4,46,296,1.6,0,0.2,1.5,NA,NA,NA,NA,NA,NA,NA,NA,NA,NA,NA,181.05
"DEMARCOMURRAY","RB","yahoo","DeMarco Murray","PHI",13,48,0,0,0,222,1027,9.3,25.1,31.2,194,0.9,0,0.3,1.8,NA,NA,NA,NA,NA,NA,NA,NA,NA,NA,NA,180.74
"ALFREDMORRIS","RB","yahoo","Alfred Morris","WAS",14,49,0,0,0,263,1122,8.2,20,25.5,154,0.6,0,0.2,1.4,NA,NA,NA,NA,NA,NA,NA,NA,NA,NA,NA,177.96
"MARKINGRAM","RB","yahoo","Mark Ingram","NO",15,50,0,0,0,224,926,9.7,28.7,35.1,218,1.1,0,0.3,1.5,NA,NA,NA,NA,NA,NA,NA,NA,NA,NA,NA,177.04
"JOSHMCCOWN","QB","yahoo","Josh McCown","CLE",29,51,2968,12.9,13.8,41.7,204,1.9,0,0,0,0,0,0.4,7.3,NA,NA,NA,NA,NA,NA,NA,NA,NA,NA,NA,174.93
"CARLOSHYDE","RB","yahoo","Carlos Hyde","SF",16,52,0,0,0,250,1043,8.4,22.6,28.7,179,0.6,0,0.2,1.4,NA,NA,NA,NA,NA,NA,NA,NA,NA,NA,NA,173.66
"ALSHONJEFFERY","WR","yahoo","Alshon Jeffery","CHI",8,53,0,0,0,7.7,50.8,0.1,86.5,144,1196,8.2,0,0.2,0.7,NA,NA,NA,NA,NA,NA,NA,NA,NA,NA,NA,173.65
"AJGREEN","WR","yahoo","A.J. Green","CIN",9,54,0,0,0,4.6,30.5,0.1,85.3,142,1199,8.2,0,0.2,1.2,NA,NA,NA,NA,NA,NA,NA,NA,NA,NA,NA,170.58
"TYRODTAYLOR","QB","yahoo","Tyrod Taylor","BUF",30,55,2289,13.3,12.6,60,300,1.9,0,0,0,0,0,0.4,2.2,NA,NA,NA,NA,NA,NA,NA,NA,NA,NA,NA,169.83
"JOSEPHRANDLE","RB","yahoo","Joseph Randle","DAL",17,56,0,0,0,248,1097,7.5,16.2,19.8,132,0.8,0,0.2,3,NA,NA,NA,NA,NA,NA,NA,NA,NA,NA,NA,167.17
"ROBGRONKOWSKI","TE","yahoo","Rob Gronkowski","NE",1,57,0,0,0,0,0,0,88.1,138,1090,9.4,0,0.3,0.3,NA,NA,NA,NA,NA,NA,NA,NA,NA,NA,NA,165.28
"MIKEEVANS","WR","yahoo","Mike Evans","TB",10,58,0,0,0,0,0,0,83.3,141,1244,6.9,0,0.2,0.6,NA,NA,NA,NA,NA,NA,NA,NA,NA,NA,NA,164.75
"LATAVIUSMURRAY","RB","yahoo","Latavius Murray","OAK",18,59,0,0,0,240,1046,5.7,29.9,38,231,0.8,0,0.2,1.2,NA,NA,NA,NA,NA,NA,NA,NA,NA,NA,NA,164.39
"ARIANFOSTER","RB","yahoo","Arian Foster","HOU",19,60,0,0,0,206,942,4.8,39.8,52,312,1.7,0,0.2,1.1,NA,NA,NA,NA,NA,NA,NA,NA,NA,NA,NA,162.35
"ANDREELLINGTON","RB","yahoo","Andre Ellington","ARZ",20,61,0,0,0,201,788,4.9,49.6,63.1,451,1.7,0,0.2,1.1,NA,NA,NA,NA,NA,NA,NA,NA,NA,NA,NA,161.45
"BRANDINCOOKS","WR","yahoo","Brandin Cooks","NO",11,62,0,0,0,12.2,80.8,0.3,83.9,123,1141,6.1,0,0.2,0.5,NA,NA,NA,NA,NA,NA,NA,NA,NA,NA,NA,160.51
"JONATHANSTEWART","RB","yahoo","Jonathan Stewart","CAR",21,63,0,0,0,235,1079,5.2,26.6,33.4,185,0.9,0,0.2,1.6,NA,NA,NA,NA,NA,NA,NA,NA,NA,NA,NA,160.28
"RYANFITZPATRICK","QB","yahoo","Ryan Fitzpatrick","NYJ",31,64,2428,13.8,11.2,37.7,157,1.2,0,0,0,0,0,0.4,2.7,NA,NA,NA,NA,NA,NA,NA,NA,NA,NA,NA,159.67
"MELVINGORDON","RB","yahoo","Melvin Gordon","SD",22,65,0,0,0,253,1115,4.9,20.9,26.4,166,0.8,0,0.1,1.9,NA,NA,NA,NA,NA,NA,NA,NA,NA,NA,NA,159.2
"TYHILTON","WR","yahoo","T.Y. Hilton","IND",12,66,0,0,0,3.9,25.7,0.1,79.9,127,1108,7.7,0,0.2,1.1,NA,NA,NA,NA,NA,NA,NA,NA,NA,NA,NA,158.18
"EMMANUELSANDERS","WR","yahoo","Emmanuel Sanders","DEN",13,67,0,0,0,9,59.6,0.2,79.2,122,1100,6.8,0,0.2,0.5,NA,NA,NA,NA,NA,NA,NA,NA,NA,NA,NA,157.59
"TJYELDON","RB","yahoo","T.J. Yeldon","JAC",23,68,0,0,0,226,961,6.2,28.6,35.6,227,0.8,0,0.2,1.8,NA,NA,NA,NA,NA,NA,NA,NA,NA,NA,NA,157.5
"TODDGURLEY","RB","yahoo","Todd Gurley","STL",24,69,0,0,0,215,986,6,21,25.7,168,0.6,0,0.2,1.7,NA,NA,NA,NA,NA,NA,NA,NA,NA,NA,NA,152.45
"PHILDAWSON","K","yahoo","Phil Dawson","SF",1,70,NA,NA,NA,NA,NA,NA,NA,NA,NA,NA,NA,NA,NA,NA,NA,NA,NA,NA,NA,29.7,9.4,9,9.3,5.3,149.94
"KEENANALLEN","WR","yahoo","Keenan Allen","SD",14,71,0,0,0,0,0,0,84,127,1133,6.1,0,0.2,0.6,NA,NA,NA,NA,NA,NA,NA,NA,NA,NA,NA,149.38
"BUFFALOBILLS","DST","yahoo","Buffalo Bills","BUF",1,72,NA,NA,NA,NA,NA,NA,NA,NA,NA,NA,NA,NA,NA,49.2,0.1,16.6,10.4,0.7,4.3,NA,NA,NA,NA,NA,147.73
"JULIANEDELMAN","WR","yahoo","Julian Edelman","NE",15,73,0,0,0,9,59.5,0.2,93.2,132,993,6.4,0.7,0.2,1.4,NA,NA,NA,NA,NA,NA,NA,NA,NA,NA,NA,146.99
"SEATTLESEAHAWKS","DST","yahoo","Seattle Seahawks","SEA",2,74,NA,NA,NA,NA,NA,NA,NA,NA,NA,NA,NA,NA,NA,39.1,0.9,13.6,10.8,0.5,6.3,NA,NA,NA,NA,NA,145.89
"LEGARRETTEBLOUNT","RB","yahoo","LeGarrette Blount","NE",25,75,0,0,0,203,918,7.8,8.3,10.8,65.1,0.4,0,0.2,1.2,NA,NA,NA,NA,NA,NA,NA,NA,NA,NA,NA,145.15
"STEPHENGOSTKOWSKI","K","yahoo","Stephen Gostkowski","NE",2,76,NA,NA,NA,NA,NA,NA,NA,NA,NA,NA,NA,NA,NA,NA,NA,NA,NA,NA,NA,47.9,7.4,9.2,9,1.9,145
"CJSPILLER","RB","yahoo","C.J. Spiller","NO",26,77,0,0,0,97.9,450,2.7,67.8,81.9,566,2.7,2.4,0.1,2.3,NA,NA,NA,NA,NA,NA,NA,NA,NA,NA,NA,144.39
"TEVINCOLEMAN","RB","yahoo","Tevin Coleman","ATL",27,78,0,0,0,192,799,7,22.6,28,181,0.9,0,0.2,1.5,NA,NA,NA,NA,NA,NA,NA,NA,NA,NA,NA,142.7
"MATTBRYANT","K","yahoo","Matt Bryant","ATL",3,79,NA,NA,NA,NA,NA,NA,NA,NA,NA,NA,NA,NA,NA,NA,NA,NA,NA,NA,NA,41.3,9.1,7,7.4,4.4,142.47
"CHRISIVORY","RB","yahoo","Chris Ivory","NYJ",28,80,0,0,0,217,948,4.7,22.1,29.2,160,0.8,0,0.1,1.4,NA,NA,NA,NA,NA,NA,NA,NA,NA,NA,NA,141.69
"JOIQUEBELL","RB","yahoo","Joique Bell","DET",29,81,0,0,0,197,752,6.6,30,38.9,232,1,0,0.2,1.9,NA,NA,NA,NA,NA,NA,NA,NA,NA,NA,NA,140.73
"ANDREJOHNSON","WR","yahoo","Andre Johnson","IND",16,82,0,0,0,0,0,0,71.7,115,904,8.4,0,0.2,1,NA,NA,NA,NA,NA,NA,NA,NA,NA,NA,NA,139.38
"MASONCROSBY","K","yahoo","Mason Crosby","GB",4,83,NA,NA,NA,NA,NA,NA,NA,NA,NA,NA,NA,NA,NA,NA,NA,NA,NA,NA,NA,47,7.6,7.5,6.5,4,139.35
"HOUSTONTEXANS","DST","yahoo","Houston Texans","HOU",3,84,NA,NA,NA,NA,NA,NA,NA,NA,NA,NA,NA,NA,NA,43.8,0.5,15.8,12.5,0.5,3.3,NA,NA,NA,NA,NA,139.35
"DEANDREHOPKINS","WR","yahoo","DeAndre Hopkins","HOU",17,85,0,0,0,0,0,0,80.4,133,1143,4.4,0,0.1,1.1,NA,NA,NA,NA,NA,NA,NA,NA,NA,NA,NA,138.85
"DAVANTEADAMS","WR","yahoo","Davante Adams","GB",18,86,0,0,0,0,0,0,66.8,106,972,7,0,0.2,0.3,NA,NA,NA,NA,NA,NA,NA,NA,NA,NA,NA,138.63
"BRIANHOYER","QB","yahoo","Brian Hoyer","HOU",32,87,2440,11.6,10.1,23,34.6,0.6,0,0,0,0,0,0.3,1.8,NA,NA,NA,NA,NA,NA,NA,NA,NA,NA,NA,137.91
"DUSTINHOPKINS","K","yahoo","Dustin Hopkins","NO",5,88,NA,NA,NA,NA,NA,NA,NA,NA,NA,NA,NA,NA,NA,NA,NA,NA,NA,NA,NA,47.8,8.2,8.4,7,1.8,137.13
"JUSTINTUCKER","K","yahoo","Justin Tucker","BAL",6,89,NA,NA,NA,NA,NA,NA,NA,NA,NA,NA,NA,NA,NA,NA,NA,NA,NA,NA,NA,37.6,8.2,8.9,7,4,137.05
"RANDYBULLOCK","K","yahoo","Randy Bullock","HOU",7,90,NA,NA,NA,NA,NA,NA,NA,NA,NA,NA,NA,NA,NA,NA,NA,NA,NA,NA,NA,29.2,7.1,9.5,9.2,3.7,136.31
"JORDANMATTHEWS","WR","yahoo","Jordan Matthews","PHI",19,91,0,0,0,0,0,0,76.5,125,943,7,0,0.2,0.4,NA,NA,NA,NA,NA,NA,NA,NA,NA,NA,NA,136.19
"GREGZUERLEIN","K","yahoo","Greg Zuerlein","STL",8,92,NA,NA,NA,NA,NA,NA,NA,NA,NA,NA,NA,NA,NA,NA,NA,NA,NA,NA,NA,30.9,6.8,9.8,6.5,5.4,136.14
"BLAIRWALSH","K","yahoo","Blair Walsh","MIN",9,93,NA,NA,NA,NA,NA,NA,NA,NA,NA,NA,NA,NA,NA,NA,NA,NA,NA,NA,NA,37.3,6.7,8.8,6.1,5.1,136.02
"DANBAILEY","K","yahoo","Dan Bailey","DAL",10,94,NA,NA,NA,NA,NA,NA,NA,NA,NA,NA,NA,NA,NA,NA,NA,NA,NA,NA,NA,47.9,3.9,8.2,7.1,4,135.66
"GARRETTHARTLEY","K","yahoo","Garrett Hartley","PIT",11,95,NA,NA,NA,NA,NA,NA,NA,NA,NA,NA,NA,NA,NA,NA,NA,NA,NA,NA,NA,36.9,10.5,8.5,8.4,1.6,135.62
"ISAIAHCROWELL","RB","yahoo","Isaiah Crowell","CLE",30,96,0,0,0,224,965,5.5,10.6,13.5,84.2,0.3,0,0.1,2.4,NA,NA,NA,NA,NA,NA,NA,NA,NA,NA,NA,135.42
"CHANDLERCATANZARO","K","yahoo","Chandler Catanzaro","ARZ",12,97,NA,NA,NA,NA,NA,NA,NA,NA,NA,NA,NA,NA,NA,NA,NA,NA,NA,NA,NA,35.8,7.3,9.4,9.6,2.2,135.36
"JOSHBROWN","K","yahoo","Josh Brown","NYG",13,98,NA,NA,NA,NA,NA,NA,NA,NA,NA,NA,NA,NA,NA,NA,NA,NA,NA,NA,NA,42.1,8.4,10.3,6.3,2.1,135.26
"AMEERABDULLAH","RB","yahoo","Ameer Abdullah","DET",31,99,0,0,0,137,614,3.4,53.3,66.6,437,2,0,0.1,1.3,NA,NA,NA,NA,NA,NA,NA,NA,NA,NA,NA,134.74
"DEVONTAFREEMAN","RB","yahoo","Devonta Freeman","ATL",32,100,0,0,0,150,593,4.7,41.6,50.3,397,1.4,0,0.2,0.8,NA,NA,NA,NA,NA,NA,NA,NA,NA,NA,NA,134.54
"STEVENHAUSCHKA","K","yahoo","Steven Hauschka","SEA",14,101,NA,NA,NA,NA,NA,NA,NA,NA,NA,NA,NA,NA,NA,NA,NA,NA,NA,NA,NA,42.1,8.4,8.5,7.7,2,134.42
"CODYPARKEY","K","yahoo","Cody Parkey","PHI",15,102,NA,NA,NA,NA,NA,NA,NA,NA,NA,NA,NA,NA,NA,NA,NA,NA,NA,NA,NA,43.4,8.6,9.5,6.8,1.9,134.32
"AMARICOOPER","WR","yahoo","Amari Cooper","OAK",20,103,0,0,0,3.7,24.4,0.1,77.5,125,1038,4.7,0,0.1,0.6,NA,NA,NA,NA,NA,NA,NA,NA,NA,NA,NA,134.07
"MATTPRATER","K","yahoo","Matt Prater","DET",16,104,NA,NA,NA,NA,NA,NA,NA,NA,NA,NA,NA,NA,NA,NA,NA,NA,NA,NA,NA,37.4,4.3,7.6,11.1,2.8,134.06
"NICKNOVAK","K","yahoo","Nick Novak","SD",17,105,NA,NA,NA,NA,NA,NA,NA,NA,NA,NA,NA,NA,NA,NA,NA,NA,NA,NA,NA,37.5,7.5,10.5,6.2,2.6,132.65
"JEREMYMACLIN","WR","yahoo","Jeremy Maclin","KC",21,106,0,0,0,0,0,0,79.8,119,1029,4.9,0,0.1,0.2,NA,NA,NA,NA,NA,NA,NA,NA,NA,NA,NA,132.28
"ADAMVINATIERI","K","yahoo","Adam Vinatieri","IND",18,107,NA,NA,NA,NA,NA,NA,NA,NA,NA,NA,NA,NA,NA,NA,NA,NA,NA,NA,NA,46.5,6.3,6.6,8,2.9,132.06
"JARVISLANDRY","WR","yahoo","Jarvis Landry","MIA",22,108,0,0,0,4,26.6,0.1,87.7,131,925,5.1,1,0.1,0.6,NA,NA,NA,NA,NA,NA,NA,NA,NA,NA,NA,131.72
"CALEBSTURGIS","K","yahoo","Caleb Sturgis","MIA",19,109,NA,NA,NA,NA,NA,NA,NA,NA,NA,NA,NA,NA,NA,NA,NA,NA,NA,NA,NA,36.2,6.4,8.7,7.8,3.4,131.62
"BRANDONMARSHALL","WR","yahoo","Brandon Marshall","NYJ",23,110,0,0,0,0,0,0,74.8,122,940,6.4,0,0.2,0.7,NA,NA,NA,NA,NA,NA,NA,NA,NA,NA,NA,131.36
"VINCENTJACKSON","WR","yahoo","Vincent Jackson","TB",24,111,0,0,0,0,0,0,65.9,115,1021,5,0,0.1,0.4,NA,NA,NA,NA,NA,NA,NA,NA,NA,NA,NA,131.35
"GRAHAMGANO","K","yahoo","Graham Gano","CAR",20,112,NA,NA,NA,NA,NA,NA,NA,NA,NA,NA,NA,NA,NA,NA,NA,NA,NA,NA,NA,36.2,7.9,8.3,7.7,3.1,131.13
"SEBASTIANJANIKOWSKI","K","yahoo","Sebastian Janikowski","OAK",21,113,NA,NA,NA,NA,NA,NA,NA,NA,NA,NA,NA,NA,NA,NA,NA,NA,NA,NA,NA,27.7,6.6,7.5,8.6,5.1,130.73
"STLOUISRAMS","DST","yahoo","St. Louis Rams","STL",4,114,NA,NA,NA,NA,NA,NA,NA,NA,NA,NA,NA,NA,NA,47.3,0.5,12.8,11.1,0.1,4.2,NA,NA,NA,NA,NA,130.5
"NEWENGLANDPATRIOTS","DST","yahoo","New England Patriots","NE",5,115,NA,NA,NA,NA,NA,NA,NA,NA,NA,NA,NA,NA,NA,44.2,0.1,14.3,12.5,0.1,4,NA,NA,NA,NA,NA,130.49
"ALLENROBINSON","WR","yahoo","Allen Robinson","JAC",25,116,0,0,0,0,0,0,78.1,127,1030,4.7,0,0.1,0.4,NA,NA,NA,NA,NA,NA,NA,NA,NA,NA,NA,130.39
"GOLDENTATE","WR","yahoo","Golden Tate","DET",26,117,0,0,0,4,26.4,0.1,81.4,122,1014,4.4,0,0.1,0.5,NA,NA,NA,NA,NA,NA,NA,NA,NA,NA,NA,130.19
"DOUGMARTIN","RB","yahoo","Doug Martin","TB",33,118,0,0,0,217,847,4.3,20.6,26.1,165,0.5,0,0.1,0.7,NA,NA,NA,NA,NA,NA,NA,NA,NA,NA,NA,128.96
"PHILADELPHIAEAGLES","DST","yahoo","Philadelphia Eagles","PHI",6,119,NA,NA,NA,NA,NA,NA,NA,NA,NA,NA,NA,NA,NA,48.1,0.5,16.4,10.6,0.5,4.4,NA,NA,NA,NA,NA,128.45
"DESEANJACKSON","WR","yahoo","DeSean Jackson","WAS",27,120,0,0,0,3.8,25.2,0.1,65.6,102,1002,4.2,0,0.1,0.2,NA,NA,NA,NA,NA,NA,NA,NA,NA,NA,NA,128.21
"NICKFOLK","K","yahoo","Nick Folk","NYJ",22,121,NA,NA,NA,NA,NA,NA,NA,NA,NA,NA,NA,NA,NA,NA,NA,NA,NA,NA,NA,31.7,8.8,7.3,8.5,2.7,127.66
"GIOVANIBERNARD","RB","yahoo","Giovani Bernard","CIN",34,122,0,0,0,125,509,4.1,56.6,71.3,441,1.4,0,0.1,0.5,NA,NA,NA,NA,NA,NA,NA,NA,NA,NA,NA,127.59
"ERICDECKER","WR","yahoo","Eric Decker","NYJ",28,123,0,0,0,0,0,0,75.3,117,986,4.9,0,0.1,0.2,NA,NA,NA,NA,NA,NA,NA,NA,NA,NA,NA,127.54
"JOHNBROWN","WR","yahoo","John Brown","ARZ",29,124,0,0,0,3.9,25.5,0.1,66.4,110,936,5.2,0,0.1,0.3,NA,NA,NA,NA,NA,NA,NA,NA,NA,NA,NA,127.3
"MIKENUGENT","K","yahoo","Mike Nugent","CIN",23,125,NA,NA,NA,NA,NA,NA,NA,NA,NA,NA,NA,NA,NA,NA,NA,NA,NA,NA,NA,37.3,5.3,8.4,8.9,2,126.52
"CAIROSANTOS","K","yahoo","Cairo Santos","KC",24,126,NA,NA,NA,NA,NA,NA,NA,NA,NA,NA,NA,NA,NA,NA,NA,NA,NA,NA,NA,35,7.2,9.7,7.9,1.6,126.37
"BALTIMORERAVENS","DST","yahoo","Baltimore Ravens","BAL",7,127,NA,NA,NA,NA,NA,NA,NA,NA,NA,NA,NA,NA,NA,49,0.1,11.9,10.8,0.8,2,NA,NA,NA,NA,NA,125.23
"CONNORBARTH","K","yahoo","Connor Barth","TB",25,128,NA,NA,NA,NA,NA,NA,NA,NA,NA,NA,NA,NA,NA,NA,NA,NA,NA,NA,NA,34.4,4.4,7.7,7.3,4.7,124.77
"SAMMYWATKINS","WR","yahoo","Sammy Watkins","BUF",30,129,0,0,0,4.7,31,0.1,65.3,118,897,5.3,0,0.1,0.5,NA,NA,NA,NA,NA,NA,NA,NA,NA,NA,NA,124.37
"ARIZONACARDINALS","DST","yahoo","Arizona Cardinals","ARZ",8,130,NA,NA,NA,NA,NA,NA,NA,NA,NA,NA,NA,NA,NA,44.8,0.5,14.2,7.6,0.8,3.7,NA,NA,NA,NA,NA,124.14
"RASHADJENNINGS","RB","yahoo","Rashad Jennings","NYG",35,131,0,0,0,175,702,6.1,17.9,23.2,140,0.7,0,0.2,0.6,NA,NA,NA,NA,NA,NA,NA,NA,NA,NA,NA,124.08
"DANCARPENTER","K","yahoo","Dan Carpenter","BUF",26,132,NA,NA,NA,NA,NA,NA,NA,NA,NA,NA,NA,NA,NA,NA,NA,NA,NA,NA,NA,31.5,7.6,8.6,6.8,3.2,123.96
"JOSHSCOBEE","K","yahoo","Josh Scobee","JAC",27,133,NA,NA,NA,NA,NA,NA,NA,NA,NA,NA,NA,NA,NA,NA,NA,NA,NA,NA,NA,28.1,3.9,10.4,8.8,3.3,123.53
"KAIFORBATH","K","yahoo","Kai Forbath","WAS",28,134,NA,NA,NA,NA,NA,NA,NA,NA,NA,NA,NA,NA,NA,NA,NA,NA,NA,NA,NA,33.7,7.2,8.1,9.2,1.4,123.35
"ROBBIEGOULD","K","yahoo","Robbie Gould","CHI",29,135,NA,NA,NA,NA,NA,NA,NA,NA,NA,NA,NA,NA,NA,NA,NA,NA,NA,NA,NA,33.3,10,6.8,7.6,1.9,123.16
"MICHAELFLOYD","WR","yahoo","Michael Floyd","ARZ",31,136,0,0,0,0,0,0,62.4,104,885,5.9,0,0.2,0.8,NA,NA,NA,NA,NA,NA,NA,NA,NA,NA,NA,122.84
"JIMMYGRAHAM","TE","yahoo","Jimmy Graham","SEA",2,137,0,0,0,0,0,0,61.8,99.1,737,8.3,0,0.2,0.6,NA,NA,NA,NA,NA,NA,NA,NA,NA,NA,NA,122.46
"TORREYSMITH","WR","yahoo","Torrey Smith","SF",32,138,0,0,0,0,0,0,58.3,100,965,4.2,0,0.1,0.2,NA,NA,NA,NA,NA,NA,NA,NA,NA,NA,NA,121.72
"LARRYFITZGERALD","WR","yahoo","Larry Fitzgerald","ARZ",33,139,0,0,0,0,0,0,69.5,110,874,5.8,0,0.2,0.5,NA,NA,NA,NA,NA,NA,NA,NA,NA,NA,NA,121.57
"SHANEVEREEN","RB","yahoo","Shane Vereen","NYG",36,140,0,0,0,104,438,3.4,47.9,63.8,441,2.3,0,0.1,0.4,NA,NA,NA,NA,NA,NA,NA,NA,NA,NA,NA,121.03
"RYANSUCCOP","K","yahoo","Ryan Succop","TEN",30,141,NA,NA,NA,NA,NA,NA,NA,NA,NA,NA,NA,NA,NA,NA,NA,NA,NA,NA,NA,31.9,7.5,9.6,7.3,1.7,120.93
"BISHOPSANKEY","RB","yahoo","Bishop Sankey","TEN",37,142,0,0,0,183,769,4.9,19.5,24.4,145,0.5,0,0.1,1.6,NA,NA,NA,NA,NA,NA,NA,NA,NA,NA,NA,120.8
"CHARLESJOHNSON","WR","yahoo","Charles Johnson","MIN",34,143,0,0,0,0,0,0,60.9,102,891,5.4,0,0.1,0.4,NA,NA,NA,NA,NA,NA,NA,NA,NA,NA,NA,120.74
"VICTORCRUZ","WR","yahoo","Victor Cruz","NYG",35,144,0,0,0,0,0,0,67.9,104,907,5.1,0,0.1,0.4,NA,NA,NA,NA,NA,NA,NA,NA,NA,NA,NA,120.68
"PIERREGARCON","WR","yahoo","Pierre Garcon","WAS",36,145,0,0,0,0,0,0,72.4,112,928,4.6,0,0.1,0.2,NA,NA,NA,NA,NA,NA,NA,NA,NA,NA,NA,119.96
"STEVESMITH","WR","yahoo","Steve Smith Sr.","BAL",37,146,0,0,0,0,0,0,68.1,104,906,5.1,0,0.1,0.9,NA,NA,NA,NA,NA,NA,NA,NA,NA,NA,NA,119.47
"CAROLINAPANTHERS","DST","yahoo","Carolina Panthers","CAR",9,147,NA,NA,NA,NA,NA,NA,NA,NA,NA,NA,NA,NA,NA,41,0.1,15.1,12.5,0.1,3.6,NA,NA,NA,NA,NA,119.27
"NEWYORKJETS","DST","yahoo","New York Jets","NYJ",10,148,NA,NA,NA,NA,NA,NA,NA,NA,NA,NA,NA,NA,NA,49.2,0.5,13.8,9.8,0.1,3,NA,NA,NA,NA,NA,118.56
"MARQUESCOLSTON","WR","yahoo","Marques Colston","NO",38,149,0,0,0,0,0,0,57.5,87.8,852,5.6,0,0.2,0.5,NA,NA,NA,NA,NA,NA,NA,NA,NA,NA,NA,118.21
"TRAVISCOONS","K","yahoo","Travis Coons","CLE",31,150,NA,NA,NA,NA,NA,NA,NA,NA,NA,NA,NA,NA,NA,NA,NA,NA,NA,NA,NA,27.1,7.1,9.1,6.3,3,116.21
"TRAVISKELCE","TE","yahoo","Travis Kelce","KC",3,151,0,0,0,0,0,0,76.6,109,830,5.8,0,0.2,1,NA,NA,NA,NA,NA,NA,NA,NA,NA,NA,NA,116.14
"ANQUANBOLDIN","WR","yahoo","Anquan Boldin","SF",39,152,0,0,0,0,0,0,77.2,115,947,3.6,0,0.1,0.3,NA,NA,NA,NA,NA,NA,NA,NA,NA,NA,NA,115.86
"GREGOLSEN","TE","yahoo","Greg Olsen","CAR",4,153,0,0,0,0,0,0,70.4,105,857,5.1,0,0.1,0.5,NA,NA,NA,NA,NA,NA,NA,NA,NA,NA,NA,115.84
"DENVERBRONCOS","DST","yahoo","Denver Broncos","DEN",11,154,NA,NA,NA,NA,NA,NA,NA,NA,NA,NA,NA,NA,NA,44.9,0.1,14.3,6.5,0.1,4.2,NA,NA,NA,NA,NA,115.4
"DEVINFUNCHESS","WR","yahoo","Devin Funchess","CAR",40,155,0,0,0,0,0,0,61.9,105,786,6.2,0,0.2,0.4,NA,NA,NA,NA,NA,NA,NA,NA,NA,NA,NA,115.18
"BRESHADPERRIMAN","WR","yahoo","Breshad Perriman","BAL",41,156,0,0,0,0,0,0,57.6,99.6,798,5.9,0,0.2,0.4,NA,NA,NA,NA,NA,NA,NA,NA,NA,NA,NA,114.54
"CLEVELANDBROWNS","DST","yahoo","Cleveland Browns","CLE",12,157,NA,NA,NA,NA,NA,NA,NA,NA,NA,NA,NA,NA,NA,36.2,0.1,14.5,7.2,0.5,4.6,NA,NA,NA,NA,NA,114.5
"GREENBAYPACKERS","DST","yahoo","Green Bay Packers","GB",13,158,NA,NA,NA,NA,NA,NA,NA,NA,NA,NA,NA,NA,NA,44.6,0.1,13.8,9.3,0.2,2.5,NA,NA,NA,NA,NA,114.44
"NELSONAGHOLOR","WR","yahoo","Nelson Agholor","PHI",42,159,0,0,0,0,0,0,60.7,98.7,817,5.4,0,0.1,0.4,NA,NA,NA,NA,NA,NA,NA,NA,NA,NA,NA,113.65
"MIAMIDOLPHINS","DST","yahoo","Miami Dolphins","MIA",14,160,NA,NA,NA,NA,NA,NA,NA,NA,NA,NA,NA,NA,NA,42.8,0.5,13.3,11.2,0.1,3.3,NA,NA,NA,NA,NA,112.81
"TERRANCEWILLIAMS","WR","yahoo","Terrance Williams","DAL",43,161,0,0,0,0,0,0,46.1,74.2,758,6.2,0,0.2,0.3,NA,NA,NA,NA,NA,NA,NA,NA,NA,NA,NA,112.77
"SANFRANCISCO49ERS","DST","yahoo","San Francisco 49ers","SF",15,162,NA,NA,NA,NA,NA,NA,NA,NA,NA,NA,NA,NA,NA,39.7,0.5,13.9,8,0.1,3.4,NA,NA,NA,NA,NA,112.29
"RUEBENRANDLE","WR","yahoo","Rueben Randle","NYG",44,163,0,0,0,0,0,0,57.5,92.9,824,4.9,0,0.1,0.2,NA,NA,NA,NA,NA,NA,NA,NA,NA,NA,NA,111.99
"DANNYWOODHEAD","RB","yahoo","Danny Woodhead","SD",38,164,0,0,0,76.2,330,1.3,56.1,70,527,3.3,0,0.1,0.8,NA,NA,NA,NA,NA,NA,NA,NA,NA,NA,NA,111.87
"MIKEWALLACE","WR","yahoo","Mike Wallace","MIN",45,165,0,0,0,0,0,0,54.8,92.3,829,4.8,0,0.1,0.7,NA,NA,NA,NA,NA,NA,NA,NA,NA,NA,NA,110.68
"INDIANAPOLISCOLTS","DST","yahoo","Indianapolis Colts","IND",16,166,NA,NA,NA,NA,NA,NA,NA,NA,NA,NA,NA,NA,NA,44.1,1,15.2,11.2,0.1,1.3,NA,NA,NA,NA,NA,110.2
"DOUGBALDWIN","WR","yahoo","Doug Baldwin","SEA",46,167,0,0,0,2.2,14.7,0,59.5,84.6,798,4.7,0.1,0.1,0.2,NA,NA,NA,NA,NA,NA,NA,NA,NA,NA,NA,109.65
"JASONWITTEN","TE","yahoo","Jason Witten","DAL",5,168,0,0,0,0,0,0,61.9,89.1,720,6.3,0,0.2,0.2,NA,NA,NA,NA,NA,NA,NA,NA,NA,NA,NA,109.55
"DUKEJOHNSON","RB","yahoo","Duke Johnson Jr.","CLE",39,169,0,0,0,110,499,3.1,43.7,54.1,360,1.2,0,0.1,1.1,NA,NA,NA,NA,NA,NA,NA,NA,NA,NA,NA,109.45
"DEVANTEPARKER","WR","yahoo","DeVante Parker","MIA",47,170,0,0,0,0,0,0,57.1,89,792,5.1,0,0.1,0.4,NA,NA,NA,NA,NA,NA,NA,NA,NA,NA,NA,109.25
"TAMPABAYBUCCANEERS","DST","yahoo","Tampa Bay Buccaneers","TB",17,171,NA,NA,NA,NA,NA,NA,NA,NA,NA,NA,NA,NA,NA,37.7,0.5,14.7,11.3,0.1,3.5,NA,NA,NA,NA,NA,108.69
"RODDYWHITE","WR","yahoo","Roddy White","ATL",48,172,0,0,0,0,0,0,63.7,95.1,801,5,0,0.1,0.9,NA,NA,NA,NA,NA,NA,NA,NA,NA,NA,NA,108.36
"BRANDONLAFELL","WR","yahoo","Brandon LaFell","NE",49,173,0,0,0,0,0,0,58.8,87.8,769,5.1,0,0.1,0.4,NA,NA,NA,NA,NA,NA,NA,NA,NA,NA,NA,107.38
"DETROITLIONS","DST","yahoo","Detroit Lions","DET",18,174,NA,NA,NA,NA,NA,NA,NA,NA,NA,NA,NA,NA,NA,39.2,0.5,13.8,6,0.2,2.9,NA,NA,NA,NA,NA,107.38
"CINCINNATIBENGALS","DST","yahoo","Cincinnati Bengals","CIN",19,175,NA,NA,NA,NA,NA,NA,NA,NA,NA,NA,NA,NA,NA,35,0.1,14.2,7.3,0.1,3.7,NA,NA,NA,NA,NA,106.77
"KENDALLWRIGHT","WR","yahoo","Kendall Wright","TEN",50,176,0,0,0,3.8,25.2,0.1,75,112,820,3.8,0,0.1,0.8,NA,NA,NA,NA,NA,NA,NA,NA,NA,NA,NA,106.7
"MARTELLUSBENNETT","TE","yahoo","Martellus Bennett","CHI",6,177,0,0,0,0,0,0,69.7,105,753,5.2,0,0.1,0.2,NA,NA,NA,NA,NA,NA,NA,NA,NA,NA,NA,106.46
"MINNESOTAVIKINGS","DST","yahoo","Minnesota Vikings","MIN",20,178,NA,NA,NA,NA,NA,NA,NA,NA,NA,NA,NA,NA,NA,40.1,0.1,14.6,6.5,0.1,3,NA,NA,NA,NA,NA,105.74
"RYANMATHEWS","RB","yahoo","Ryan Mathews","PHI",40,179,0,0,0,158,714,4,12.2,15.6,97.1,0.5,0.1,0.1,1.9,NA,NA,NA,NA,NA,NA,NA,NA,NA,NA,NA,105.43
"NEWYORKGIANTS","DST","yahoo","New York Giants","NYG",21,180,NA,NA,NA,NA,NA,NA,NA,NA,NA,NA,NA,NA,NA,48.1,0.1,14,9.3,0.1,2.3,NA,NA,NA,NA,NA,104.87
"MALCOMFLOYD","WR","yahoo","Malcom Floyd","SD",51,181,0,0,0,0,0,0,43.2,70,743,4.9,0,0.1,0.1,NA,NA,NA,NA,NA,NA,NA,NA,NA,NA,NA,104.04
"MARTAVISBRYANT","WR","yahoo","Martavis Bryant","PIT",52,182,0,0,0,3.2,21.4,0,44.8,73.5,676,5.6,0,0.2,0.3,NA,NA,NA,NA,NA,NA,NA,NA,NA,NA,NA,103.36
"ZACHERTZ","TE","yahoo","Zach Ertz","PHI",7,183,0,0,0,0,0,0,55.2,83.1,692,5.7,0,0.2,0.4,NA,NA,NA,NA,NA,NA,NA,NA,NA,NA,NA,103.17
"EDDIEROYAL","WR","yahoo","Eddie Royal","CHI",53,184,0,0,0,0,0,0,64.8,102,774,4.2,0.2,0.1,0.5,NA,NA,NA,NA,NA,NA,NA,NA,NA,NA,NA,103.05
"JACKSONVILLEJAGUARS","DST","yahoo","Jacksonville Jaguars","JAC",22,185,NA,NA,NA,NA,NA,NA,NA,NA,NA,NA,NA,NA,NA,42.6,1.5,9.4,12.3,0.1,2.6,NA,NA,NA,NA,NA,102.87
"KANSASCITYCHIEFS","DST","yahoo","Kansas City Chiefs","KC",23,186,NA,NA,NA,NA,NA,NA,NA,NA,NA,NA,NA,NA,NA,41.3,0.1,6.2,5.8,0.1,3.1,NA,NA,NA,NA,NA,102.71
"STEVEJOHNSON","WR","yahoo","Stevie Johnson","SD",54,187,0,0,0,0,0,0,55.1,85.9,735,4.8,0,0.1,0.4,NA,NA,NA,NA,NA,NA,NA,NA,NA,NA,NA,101.93
"KENNYSTILLS","WR","yahoo","Kenny Stills","MIA",55,188,0,0,0,4,26.6,0.1,52.1,79,754,3.5,0,0.1,0.4,NA,NA,NA,NA,NA,NA,NA,NA,NA,NA,NA,98.99
"NEWORLEANSSAINTS","DST","yahoo","New Orleans Saints","NO",24,189,NA,NA,NA,NA,NA,NA,NA,NA,NA,NA,NA,NA,NA,41.6,0.1,13.8,9.5,0.1,1.5,NA,NA,NA,NA,NA,98.94
"BRIANQUICK","WR","yahoo","Brian Quick","STL",56,190,0,0,0,0,0,0,51.4,85,731,4.4,0,0.1,0.4,NA,NA,NA,NA,NA,NA,NA,NA,NA,NA,NA,98.92
"CODYLATIMER","WR","yahoo","Cody Latimer","DEN",57,191,0,0,0,0,0,0,51.5,81.2,686,5,0,0.1,0.4,NA,NA,NA,NA,NA,NA,NA,NA,NA,NA,NA,98.25
"PITTSBURGHSTEELERS","DST","yahoo","Pittsburgh Steelers","PIT",25,192,NA,NA,NA,NA,NA,NA,NA,NA,NA,NA,NA,NA,NA,36.9,0.5,9.8,7.2,0.1,4,NA,NA,NA,NA,NA,98.17
"MICHAELCRABTREE","WR","yahoo","Michael Crabtree","OAK",58,193,0,0,0,0,0,0,64.8,103,765,3.6,0,0.1,0.2,NA,NA,NA,NA,NA,NA,NA,NA,NA,NA,NA,98.03
"BRANDONMCMANUS","K","yahoo","Brandon McManus","DEN",32,194,NA,NA,NA,NA,NA,NA,NA,NA,NA,NA,NA,NA,NA,NA,NA,NA,NA,NA,NA,37.4,5.2,5,4.8,1.2,97.19
"DALLASCOWBOYS","DST","yahoo","Dallas Cowboys","DAL",26,195,NA,NA,NA,NA,NA,NA,NA,NA,NA,NA,NA,NA,NA,29.3,0.1,13.5,11.3,0.1,2.8,NA,NA,NA,NA,NA,96.19
"GENOSMITH","QB","yahoo","Geno Smith","NYJ",33,196,1442,8.1,6.5,21.2,106,0.8,0,0,0,0,0,0.2,1.8,NA,NA,NA,NA,NA,NA,NA,NA,NA,NA,NA,95.67
"ATLANTAFALCONS","DST","yahoo","Atlanta Falcons","ATL",27,197,NA,NA,NA,NA,NA,NA,NA,NA,NA,NA,NA,NA,NA,29.9,0.1,16.5,9,0.8,2.4,NA,NA,NA,NA,NA,95.63
"LARRYDONNELL","TE","yahoo","Larry Donnell","NYG",8,198,0,0,0,0,0,0,53.5,81.3,633,5.5,0,0.1,0.7,NA,NA,NA,NA,NA,NA,NA,NA,NA,NA,NA,95.26
"DELANIEWALKER","TE","yahoo","Delanie Walker","TEN",9,199,0,0,0,0,0,0,62.6,96.6,712,4.2,0,0.1,0.9,NA,NA,NA,NA,NA,NA,NA,NA,NA,NA,NA,95.15
"JORDANCAMERON","TE","yahoo","Jordan Cameron","MIA",10,200,0,0,0,0,0,0,51.5,76.6,632,5.3,0,0.1,0.3,NA,NA,NA,NA,NA,NA,NA,NA,NA,NA,NA,94.66
"BRANDONCOLEMAN","WR","yahoo","Brandon Coleman","NO",59,201,0,0,0,0,0,0,41,64.4,662,4.7,0,0.1,0.3,NA,NA,NA,NA,NA,NA,NA,NA,NA,NA,NA,93.99
"JULIUSTHOMAS","TE","yahoo","Julius Thomas","JAC",11,202,0,0,0,0,0,0,61.6,91.5,696,4.2,0,0.1,0.7,NA,NA,NA,NA,NA,NA,NA,NA,NA,NA,NA,93.86
"HEATHMILLER","TE","yahoo","Heath Miller","PIT",12,203,0,0,0,0,0,0,59.2,81.9,664,4.6,0,0.1,0.7,NA,NA,NA,NA,NA,NA,NA,NA,NA,NA,NA,92.96
"NATEWASHINGTON","WR","yahoo","Nate Washington","HOU",60,204,0,0,0,0,0,0,48.5,82.2,734,3.2,0,0.1,0.2,NA,NA,NA,NA,NA,NA,NA,NA,NA,NA,NA,92.59
"TYMONTGOMERY","WR","yahoo","Ty Montgomery","GB",61,205,0,0,0,6.1,40.5,0.1,40.8,61.9,555,4.2,1.1,0.1,0.3,NA,NA,NA,NA,NA,NA,NA,NA,NA,NA,NA,91.5
"CHICAGOBEARS","DST","yahoo","Chicago Bears","CHI",28,206,NA,NA,NA,NA,NA,NA,NA,NA,NA,NA,NA,NA,NA,40.4,0.1,13,8.3,0.1,3.3,NA,NA,NA,NA,NA,91.49
"CHARLESSIMS","RB","yahoo","Charles Sims","TB",41,207,0,0,0,96.7,373,2.2,46,57.4,376,1,0,0.1,1.6,NA,NA,NA,NA,NA,NA,NA,NA,NA,NA,NA,91.16
"MARKUSWHEATON","WR","yahoo","Markus Wheaton","PIT",62,208,0,0,0,4.4,28.8,0.1,48.5,77.6,665,3.3,0.2,0.1,0.3,NA,NA,NA,NA,NA,NA,NA,NA,NA,NA,NA,90.62
"ALFREDBLUE","RB","yahoo","Alfred Blue","HOU",42,209,0,0,0,146,568,3.1,15.7,19.8,129,0.4,0,0.1,0.5,NA,NA,NA,NA,NA,NA,NA,NA,NA,NA,NA,90.06
"LORENZOTALIAFERRO","RB","yahoo","Lorenzo Taliaferro","BAL",43,210,0,0,0,118,486,4,16.4,20.8,131,0.6,0,0.1,0.5,NA,NA,NA,NA,NA,NA,NA,NA,NA,NA,NA,88.8
"KENNYBRITT","WR","yahoo","Kenny Britt","STL",63,211,0,0,0,0,0,0,44.4,75.6,658,3.7,0,0.1,0.2,NA,NA,NA,NA,NA,NA,NA,NA,NA,NA,NA,87.7
"OWENDANIELS","TE","yahoo","Owen Daniels","DEN",13,212,0,0,0,0,0,0,50,75.4,563,5.1,0,0.1,0.2,NA,NA,NA,NA,NA,NA,NA,NA,NA,NA,NA,87.05
"PERCYHARVIN","WR","yahoo","Percy Harvin","BUF",64,213,0,0,0,18.8,122,0.5,47.2,74.5,524,2.7,0.7,0.1,0.4,NA,NA,NA,NA,NA,NA,NA,NA,NA,NA,NA,86.96
"SANDIEGOCHARGERS","DST","yahoo","San Diego Chargers","SD",29,214,NA,NA,NA,NA,NA,NA,NA,NA,NA,NA,NA,NA,NA,33,0.1,9.7,9,0.1,1.9,NA,NA,NA,NA,NA,86.66
"TREMASON","RB","yahoo","Tre Mason","STL",44,215,0,0,0,129,567,2.7,16.9,21.5,127,0.4,0,0.1,0.7,NA,NA,NA,NA,NA,NA,NA,NA,NA,NA,NA,86.37
"TYLEREIFERT","TE","yahoo","Tyler Eifert","CIN",14,216,0,0,0,0,0,0,53.9,76,627,4,0,0.1,0.4,NA,NA,NA,NA,NA,NA,NA,NA,NA,NA,NA,86.33
"RYANMALLETT","QB","yahoo","Ryan Mallett","HOU",34,217,1478,7.2,6.3,11.3,33.8,0.3,0,0,0,0,0,0.2,0.7,NA,NA,NA,NA,NA,NA,NA,NA,NA,NA,NA,85.7
"TENNESSEETITANS","DST","yahoo","Tennessee Titans","TEN",30,218,NA,NA,NA,NA,NA,NA,NA,NA,NA,NA,NA,NA,NA,40.2,0.1,12.8,6.4,0.1,3.4,NA,NA,NA,NA,NA,85.62
"JONASGRAY","RB","yahoo","Jonas Gray","NE",45,219,0,0,0,113,488,5,7,9.1,56.2,0.3,0,0.1,0.4,NA,NA,NA,NA,NA,NA,NA,NA,NA,NA,NA,85.51
"LANCEDUNBAR","RB","yahoo","Lance Dunbar","DAL",46,220,0,0,0,65.5,267,1.7,40.7,49.5,360,2,0,0.1,0.4,NA,NA,NA,NA,NA,NA,NA,NA,NA,NA,NA,84.63
"REGGIEBUSH","RB","yahoo","Reggie Bush","SF",47,221,0,0,0,71,308,1.4,39.7,52.5,339,1.2,0.9,0.1,0.7,NA,NA,NA,NA,NA,NA,NA,NA,NA,NA,NA,84.06
"JERMAINEKEARSE","WR","yahoo","Jermaine Kearse","SEA",65,222,0,0,0,0,0,0,38.6,59.9,571,4.5,0,0.1,0.3,NA,NA,NA,NA,NA,NA,NA,NA,NA,NA,NA,83.74
"ERICEBRON","TE","yahoo","Eric Ebron","DET",15,223,0,0,0,0,0,0,52.5,83.3,584,4.2,0,0.1,0.4,NA,NA,NA,NA,NA,NA,NA,NA,NA,NA,NA,82.97
"ROYHELU","RB","yahoo","Roy Helu Jr.","OAK",48,224,0,0,0,77.5,320,2,43.4,54.4,340,1.2,0,0.1,1.3,NA,NA,NA,NA,NA,NA,NA,NA,NA,NA,NA,82.61
"ALLENHURNS","WR","yahoo","Allen Hurns","JAC",66,225,0,0,0,3.7,24.6,0.1,46.2,76.3,616,3.1,0,0.1,0.2,NA,NA,NA,NA,NA,NA,NA,NA,NA,NA,NA,82.5
"MARVINJONES","WR","yahoo","Marvin Jones","CIN",67,226,0,0,0,2.3,15.3,0.1,46,76,597,3.6,0,0.1,0.3,NA,NA,NA,NA,NA,NA,NA,NA,NA,NA,NA,82.45
"KYLERUDOLPH","TE","yahoo","Kyle Rudolph","MIN",16,227,0,0,0,0,0,0,50.6,72.8,562,4.2,0,0.1,0.2,NA,NA,NA,NA,NA,NA,NA,NA,NA,NA,NA,81.36
"JAREDCOOK","TE","yahoo","Jared Cook","STL",17,228,0,0,0,0,0,0,51.4,80.3,603,3.4,0,0.1,0.2,NA,NA,NA,NA,NA,NA,NA,NA,NA,NA,NA,80.64
"JORDANREED","TE","yahoo","Jordan Reed","WAS",18,229,0,0,0,0,0,0,55,81.5,571,4,0,0.1,0.5,NA,NA,NA,NA,NA,NA,NA,NA,NA,NA,NA,80.33
"AUSTINSEFERIANJENKINS","TE","yahoo","Austin Seferian-Jenkins","TB",19,230,0,0,0,0,0,0,48.3,73.1,590,3.6,0,0.1,0.3,NA,NA,NA,NA,NA,NA,NA,NA,NA,NA,NA,80.13
"TYLERLOCKETT","WR","yahoo","Tyler Lockett","SEA",68,231,0,0,0,2.2,14.7,0,36,55.7,513,3.3,1.2,0.1,0.3,NA,NA,NA,NA,NA,NA,NA,NA,NA,NA,NA,79.73
"COBYFLEENER","TE","yahoo","Coby Fleener","IND",20,232,0,0,0,0,0,0,39.4,63.3,475,5.3,0,0.1,0.1,NA,NA,NA,NA,NA,NA,NA,NA,NA,NA,NA,79.48
"ANTONIOGATES","TE","yahoo","Antonio Gates","SD",21,233,0,0,0,0,0,0,42.4,63.2,514,4.6,0,0.1,0.3,NA,NA,NA,NA,NA,NA,NA,NA,NA,NA,NA,78.75
"VERNONDAVIS","TE","yahoo","Vernon Davis","SF",22,234,0,0,0,0,0,0,44.9,71.6,584,3.5,0,0.1,0.4,NA,NA,NA,NA,NA,NA,NA,NA,NA,NA,NA,78.66
"DWAYNEBOWE","WR","yahoo","Dwayne Bowe","CLE",69,235,0,0,0,0,0,0,49.3,90.2,621,2.8,0,0.1,0.7,NA,NA,NA,NA,NA,NA,NA,NA,NA,NA,NA,77.99
"DARRENSPROLES","RB","yahoo","Darren Sproles","PHI",49,236,0,0,0,51,235,1.6,39.8,51.9,324,1.3,1,0.1,0.7,NA,NA,NA,NA,NA,NA,NA,NA,NA,NA,NA,77.94
"LEONARDHANKERSON","WR","yahoo","Leonard Hankerson","ATL",70,237,0,0,0,0,0,0,44.4,67.1,569,3.5,0,0.1,0.2,NA,NA,NA,NA,NA,NA,NA,NA,NA,NA,NA,77.94
"DARRENMCFADDEN","RB","yahoo","Darren McFadden","DAL",50,238,0,0,0,117,460,4,8.1,9.9,65.7,0.4,0,0.1,0.6,NA,NA,NA,NA,NA,NA,NA,NA,NA,NA,NA,77.9
"CHARLESCLAY","TE","yahoo","Charles Clay","BUF",23,239,0,0,0,0,0,0,50.1,78.9,547,3.8,0,0.1,0.2,NA,NA,NA,NA,NA,NA,NA,NA,NA,NA,NA,77.69
"JAMESWHITE","RB","yahoo","James White","NE",51,240,0,0,0,66.1,279,1.8,37.7,49.1,301,1.6,0,0.1,0.6,NA,NA,NA,NA,NA,NA,NA,NA,NA,NA,NA,77.66
"WASHINGTONREDSKINS","DST","yahoo","Washington Redskins","WAS",31,241,NA,NA,NA,NA,NA,NA,NA,NA,NA,NA,NA,NA,NA,40.8,0.2,10.7,9.9,0.5,3.2,NA,NA,NA,NA,NA,77.58
"RICHARDRODGERS","TE","yahoo","Richard Rodgers","GB",24,242,0,0,0,0,0,0,41.4,60.6,474,5,0,0.1,0.3,NA,NA,NA,NA,NA,NA,NA,NA,NA,NA,NA,77.33
"ANDREWILLIAMS","RB","yahoo","Andre Williams","NYG",52,243,0,0,0,117,476,3.4,8.8,11.6,69.5,0.4,0,0.1,0.4,NA,NA,NA,NA,NA,NA,NA,NA,NA,NA,NA,76.92
"KNILEDAVIS","RB","yahoo","Knile Davis","KC",53,244,0,0,0,86,340,3.7,15.5,19.8,113,0.6,1.2,0.1,1.3,NA,NA,NA,NA,NA,NA,NA,NA,NA,NA,NA,76.34
"DEXTERMCCLUSTER","RB","yahoo","Dexter McCluster","TEN",54,245,0,0,0,45.8,188,1,38.8,48.9,355,1.4,1.3,0.1,0.3,NA,NA,NA,NA,NA,NA,NA,NA,NA,NA,NA,75.8
"COLEBEASLEY","WR","yahoo","Cole Beasley","DAL",71,246,0,0,0,0,0,0,44.2,69.3,525,3.6,0.1,0.1,0.4,NA,NA,NA,NA,NA,NA,NA,NA,NA,NA,NA,73.78
"PHILLIPDORSETT","WR","yahoo","Phillip Dorsett","IND",72,247,0,0,0,3.9,25.7,0.1,36.8,57.6,449,3.4,0.9,0.1,0.3,NA,NA,NA,NA,NA,NA,NA,NA,NA,NA,NA,73.08
"TAVONAUSTIN","WR","yahoo","Tavon Austin","STL",73,248,0,0,0,22.3,167,0.5,32.3,52,341,1.5,1.7,0.1,0.2,NA,NA,NA,NA,NA,NA,NA,NA,NA,NA,NA,72.57
"BENJAMINWATSON","TE","yahoo","Benjamin Watson","NO",25,249,0,0,0,0,0,0,41.4,64.4,472,4.2,0,0.1,0.3,NA,NA,NA,NA,NA,NA,NA,NA,NA,NA,NA,71.85
"KAMARAIKEN","WR","yahoo","Kamar Aiken","BAL",74,250,0,0,0,0,0,0,38.7,59.9,506,3.4,0,0.1,0.3,NA,NA,NA,NA,NA,NA,NA,NA,NA,NA,NA,70.82
"JACOBTAMME","TE","yahoo","Jacob Tamme","ATL",26,251,0,0,0,0,0,0,45.1,67.1,492,3.5,0,0.1,0.2,NA,NA,NA,NA,NA,NA,NA,NA,NA,NA,NA,69.71
"DWAYNEALLEN","TE","yahoo","Dwayne Allen","IND",27,252,0,0,0,0,0,0,38.2,57.6,419,4.6,0,0.1,0.3,NA,NA,NA,NA,NA,NA,NA,NA,NA,NA,NA,69.24
"ANDREWHAWKINS","WR","yahoo","Andrew Hawkins","CLE",75,253,0,0,0,6.8,44.9,0.2,50.4,81.1,518,1.8,0,0.1,0.2,NA,NA,NA,NA,NA,NA,NA,NA,NA,NA,NA,68.04
"JACEAMARO","TE","yahoo","Jace Amaro","NYJ",28,254,0,0,0,0,0,0,44.8,66.2,493,3.2,0,0.1,0.3,NA,NA,NA,NA,NA,NA,NA,NA,NA,NA,NA,67.99
"DAVIDJOHNSON","RB","yahoo","David Johnson","ARZ",55,255,0,0,0,61.7,251,2,29.3,35.7,236,1.1,0,0.1,0.6,NA,NA,NA,NA,NA,NA,NA,NA,NA,NA,NA,65.97
"ROBERTWOODS","WR","yahoo","Robert Woods","BUF",76,256,0,0,0,0,0,0,37.1,65.7,492,2.8,0.1,0.1,0.2,NA,NA,NA,NA,NA,NA,NA,NA,NA,NA,NA,65.86
"RONNIEHILLMAN","RB","yahoo","Ronnie Hillman","DEN",56,257,0,0,0,85.7,352,2.8,14,17.4,115,0.6,0,0.1,0.7,NA,NA,NA,NA,NA,NA,NA,NA,NA,NA,NA,65.74
"REGGIEWAYNE","WR","yahoo","Reggie Wayne","NE",77,258,0,0,0,0,0,0,39.7,61.8,504,2.6,0,0.1,0.3,NA,NA,NA,NA,NA,NA,NA,NA,NA,NA,NA,65.7
"DENARDROBINSON","RB","yahoo","Denard Robinson","JAC",57,259,0,0,0,74.1,304,1.6,29,35.6,200,0.8,0.4,0.1,0.9,NA,NA,NA,NA,NA,NA,NA,NA,NA,NA,NA,65.64
"DORIALGREENBECKHAM","WR","yahoo","Dorial Green-Beckham","TEN",78,260,0,0,0,0,0,0,31.8,55.3,449,3.3,0,0.1,0.2,NA,NA,NA,NA,NA,NA,NA,NA,NA,NA,NA,64.52
"JIMMYGAROPPOLO","QB","yahoo","Jimmy Garoppolo","NE",35,261,971,6.1,4.2,12.5,37.6,0.4,0,0,0,0,0,0.2,0.5,NA,NA,NA,NA,NA,NA,NA,NA,NA,NA,NA,64.44
"ANDREROBERTS","WR","yahoo","Andre Roberts","WAS",79,262,0,0,0,1.9,12.6,0,34.9,56,433,2.3,1,0.1,0.4,NA,NA,NA,NA,NA,NA,NA,NA,NA,NA,NA,64.21
"MAXXWILLIAMS","TE","yahoo","Maxx Williams","BAL",29,263,0,0,0,0,0,0,37.2,54.6,435,3.5,0,0.1,0.3,NA,NA,NA,NA,NA,NA,NA,NA,NA,NA,NA,64.14
"BILALPOWELL","RB","yahoo","Bilal Powell","NYJ",58,264,0,0,0,60.4,246,1.3,31.4,40.7,249,0.9,0,0.1,0.3,NA,NA,NA,NA,NA,NA,NA,NA,NA,NA,NA,62.77
"COREYBROWN","WR","yahoo","Corey Brown","CAR",80,265,0,0,0,6.8,44.9,0.1,29.1,49.9,428,2.5,0,0.1,0.3,NA,NA,NA,NA,NA,NA,NA,NA,NA,NA,NA,62.49
"CECILSHORTS","WR","yahoo","Cecil Shorts III","HOU",81,266,0,0,0,0,0,0,35.2,62,449,2.6,0.4,0.1,0.3,NA,NA,NA,NA,NA,NA,NA,NA,NA,NA,NA,62.38
"FREDJACKSON","RB","yahoo","Fred Jackson","BUF",59,267,0,0,0,69,294,2.3,20,26.3,157,0.7,0,0.1,0.7,NA,NA,NA,NA,NA,NA,NA,NA,NA,NA,NA,62.18
"MATTJONES","RB","yahoo","Matt Jones","WAS",60,268,0,0,0,55.5,205,1.9,31.6,40.8,245,1,0,0.1,0.6,NA,NA,NA,NA,NA,NA,NA,NA,NA,NA,NA,61.92
"GREGJENNINGS","WR","yahoo","Greg Jennings","MIA",82,269,0,0,0,0,0,0,32.5,48.7,452,2.8,0,0.1,0.3,NA,NA,NA,NA,NA,NA,NA,NA,NA,NA,NA,61.5
"BRIANHARTLINE","WR","yahoo","Brian Hartline","CLE",83,270,0,0,0,0,0,0,34.6,63.1,470,2.2,0,0.1,0.2,NA,NA,NA,NA,NA,NA,NA,NA,NA,NA,NA,59.71
"LADARIUSGREEN","TE","yahoo","Ladarius Green","SD",30,271,0,0,0,0,0,0,33.9,49.6,420,3,0,0.1,0.2,NA,NA,NA,NA,NA,NA,NA,NA,NA,NA,NA,59.66
"OAKLANDRAIDERS","DST","yahoo","Oakland Raiders","OAK",32,272,NA,NA,NA,NA,NA,NA,NA,NA,NA,NA,NA,NA,NA,30.1,0.2,8.7,4.6,0.5,2.3,NA,NA,NA,NA,NA,59.6
"TEDGINN","WR","yahoo","Ted Ginn Jr.","CAR",84,273,0,0,0,4.5,29.9,0.1,24.1,43,347,2.1,1.3,0.1,0.2,NA,NA,NA,NA,NA,NA,NA,NA,NA,NA,NA,58.13
"BENNYCUNNINGHAM","RB","yahoo","Benny Cunningham","STL",61,274,0,0,0,35.3,149,0.8,36.7,44.6,300,1.1,0.4,0,0.5,NA,NA,NA,NA,NA,NA,NA,NA,NA,NA,NA,58.07
"JOSHHILL","TE","yahoo","Josh Hill","NO",31,275,0,0,0,0,0,0,31.2,46.8,333,3.9,0,0.1,0.2,NA,NA,NA,NA,NA,NA,NA,NA,NA,NA,NA,56.18
"DAVIDCOBB","RB","yahoo","David Cobb","TEN",62,276,0,0,0,83.9,352,2.6,5.8,7.3,46.2,0.2,0,0.1,0.6,NA,NA,NA,NA,NA,NA,NA,NA,NA,NA,NA,55.71
"JERICKMCKINNON","RB","yahoo","Jerick McKinnon","MIN",63,277,0,0,0,59,273,1.3,23,29.1,176,0.5,0,0,0.2,NA,NA,NA,NA,NA,NA,NA,NA,NA,NA,NA,55.61
"DEANTHONYTHOMAS","RB","yahoo","De'Anthony Thomas","KC",64,278,0,0,0,15,89.8,0.4,28.8,44.6,218,1.9,2,0.1,0.3,NA,NA,NA,NA,NA,NA,NA,NA,NA,NA,NA,55.59
"DANIELHERRON","RB","yahoo","Daniel Herron","IND",65,279,0,0,0,50.6,210,1.3,23.9,28.8,200,1.1,0.3,0.1,0.8,NA,NA,NA,NA,NA,NA,NA,NA,NA,NA,NA,55.15
"KEVINWHITE","WR","yahoo","Kevin White","CHI",85,280,0,0,0,0,0,0,27.9,48.5,390,2.6,0,0.1,0.2,NA,NA,NA,NA,NA,NA,NA,NA,NA,NA,NA,54.36
"TERRANCEWEST","RB","yahoo","Terrance West","CLE",66,281,0,0,0,76.3,327,2.6,7,9,56.4,0.2,0,0.1,0.7,NA,NA,NA,NA,NA,NA,NA,NA,NA,NA,NA,54.09
"MYCHALRIVERA","TE","yahoo","Mychal Rivera","OAK",32,282,0,0,0,0,0,0,36,54.4,414,2.3,0,0.1,0.5,NA,NA,NA,NA,NA,NA,NA,NA,NA,NA,NA,54.06
"DEANGELOWILLIAMS","RB","yahoo","DeAngelo Williams","PIT",67,283,0,0,0,83.3,383,1.3,7.8,9.9,63.9,0.3,0,0,0.5,NA,NA,NA,NA,NA,NA,NA,NA,NA,NA,NA,53.65
"MARQISELEE","WR","yahoo","Marqise Lee","JAC",86,284,0,0,0,0,0,0,34.2,55.9,399,2.3,0,0.1,0.2,NA,NA,NA,NA,NA,NA,NA,NA,NA,NA,NA,53.28
"HARRYDOUGLAS","WR","yahoo","Harry Douglas","TEN",87,285,0,0,0,0,0,0,32.3,52,397,2.2,0,0.1,0.1,NA,NA,NA,NA,NA,NA,NA,NA,NA,NA,NA,53.07
"MIKETOLBERT","RB","yahoo","Mike Tolbert","CAR",68,286,0,0,0,45.3,172,2.2,22.1,28.7,161,1.1,0,0.1,0.2,NA,NA,NA,NA,NA,NA,NA,NA,NA,NA,NA,52.84
"DONTEMONCRIEF","WR","yahoo","Donte Moncrief","IND",88,287,0,0,0,3.9,25.7,0.1,24.9,40.3,341,2.6,0,0.1,0.2,NA,NA,NA,NA,NA,NA,NA,NA,NA,NA,NA,52.59
"JAMESSTARKS","RB","yahoo","James Starks","GB",69,288,0,0,0,65.5,287,1.2,15.5,20.2,123,0.8,0,0.1,0.4,NA,NA,NA,NA,NA,NA,NA,NA,NA,NA,NA,52.48
"CHRISCONLEY","WR","yahoo","Chris Conley","KC",89,289,0,0,0,0,0,0,31,49.2,378,2.2,0,0.1,0.2,NA,NA,NA,NA,NA,NA,NA,NA,NA,NA,NA,50.71
"JERRICHOCOTCHERY","WR","yahoo","Jerricho Cotchery","CAR",90,290,0,0,0,0,0,0,29.6,47.8,382,2.1,0,0.1,0.1,NA,NA,NA,NA,NA,NA,NA,NA,NA,NA,NA,50.68
"TAYLORGABRIEL","WR","yahoo","Taylor Gabriel","CLE",91,291,0,0,0,2.3,15,0.1,27.6,49.6,382,1.8,0,0.1,0.2,NA,NA,NA,NA,NA,NA,NA,NA,NA,NA,NA,50.45
"RODSTREATER","WR","yahoo","Rod Streater","OAK",92,292,0,0,0,0,0,0,29.4,48.9,399,1.7,0,0,0.3,NA,NA,NA,NA,NA,NA,NA,NA,NA,NA,NA,49.6
"JARIUSWRIGHT","WR","yahoo","Jarius Wright","MIN",93,293,0,0,0,3.9,26,0.1,26.9,43.7,352,1.8,0,0.1,0.1,NA,NA,NA,NA,NA,NA,NA,NA,NA,NA,NA,49.22
"MOHAMEDSANU","WR","yahoo","Mohamed Sanu","CIN",94,294,0,0,0,9.3,61.1,0.2,25.5,42.7,281,2.2,0,0.1,0.1,NA,NA,NA,NA,NA,NA,NA,NA,NA,NA,NA,48.42
"ROBHOUSLER","TE","yahoo","Rob Housler","CLE",33,295,0,0,0,0,0,0,31.8,49.6,369,1.9,0,0.1,0.3,NA,NA,NA,NA,NA,NA,NA,NA,NA,NA,NA,48.06
"JAELENSTRONG","WR","yahoo","Jaelen Strong","HOU",95,296,0,0,0,0,0,0,28.2,46.9,365,2,0,0.1,0.2,NA,NA,NA,NA,NA,NA,NA,NA,NA,NA,NA,48.02
"MONTEEBALL","RB","yahoo","Montee Ball","DEN",70,297,0,0,0,58.7,245,2.6,7,8.7,56.9,0.3,0,0.1,0.5,NA,NA,NA,NA,NA,NA,NA,NA,NA,NA,NA,46.96
"HAKEEMNICKS","WR","yahoo","Hakeem Nicks","TEN",96,298,0,0,0,0,0,0,24.9,41.8,340,2.1,0,0.1,0.1,NA,NA,NA,NA,NA,NA,NA,NA,NA,NA,NA,46.69
"CHRISJOHNSON","RB","yahoo","Chris Johnson","ARZ",71,299,0,0,0,69.4,297,1.4,8.7,11,70.5,0.3,0,0,0.3,NA,NA,NA,NA,NA,NA,NA,NA,NA,NA,NA,46.4
"ROBERTTURBIN","RB","yahoo","Robert Turbin","SEA",72,300,0,0,0,66.9,269,1.3,10,12.4,81.2,0.5,0,0,0.3,NA,NA,NA,NA,NA,NA,NA,NA,NA,NA,NA,45.42
"RILEYCOOPER","WR","yahoo","Riley Cooper","PHI",97,301,0,0,0,0,0,0,21.7,36.4,312,2.3,0,0.1,0.2,NA,NA,NA,NA,NA,NA,NA,NA,NA,NA,NA,44.97
"KIRKCOUSINS","QB","yahoo","Kirk Cousins","WAS",36,302,786,3.8,4,4,11.9,0.2,0,0,0,0,0,0.1,0.7,NA,NA,NA,NA,NA,NA,NA,NA,NA,NA,NA,43.57
"CAMERONARTISPAYNE","RB","yahoo","Cameron Artis-Payne","CAR",73,303,0,0,0,67.9,284,1.7,5.7,7.2,46,0.2,0,0,0.5,NA,NA,NA,NA,NA,NA,NA,NA,NA,NA,NA,43.35
"ALBERTWILSON","WR","yahoo","Albert Wilson","KC",98,304,0,0,0,0,0,0,28.4,45,330,1.8,0,0.1,0.2,NA,NA,NA,NA,NA,NA,NA,NA,NA,NA,NA,43.31
"JEFFJANIS","WR","yahoo","Jeff Janis","GB",99,305,0,0,0,0,0,0,18,28.9,285,2.4,0,0.1,0.1,NA,NA,NA,NA,NA,NA,NA,NA,NA,NA,NA,42.52
"JOSHROBINSON","RB","yahoo","Josh Robinson","IND",74,306,0,0,0,46.7,195,1.3,14.1,17.3,117,0.7,0,0.1,0.4,NA,NA,NA,NA,NA,NA,NA,NA,NA,NA,NA,42.36
"NICKTOON","WR","yahoo","Nick Toon","NO",100,307,0,0,0,0,0,0,19.2,29.3,317,1.8,0,0,0.1,NA,NA,NA,NA,NA,NA,NA,NA,NA,NA,NA,42.34
"BRENTCELEK","TE","yahoo","Brent Celek","PHI",34,308,0,0,0,0,0,0,24.3,36.4,269,2.6,0,0.1,0.2,NA,NA,NA,NA,NA,NA,NA,NA,NA,NA,NA,42.12
"DANNYAMENDOLA","WR","yahoo","Danny Amendola","NE",101,309,0,0,0,0,0,0,28.2,40.3,292,1.9,0.3,0,0.2,NA,NA,NA,NA,NA,NA,NA,NA,NA,NA,NA,42.04
"ANDREHOLMES","WR","yahoo","Andre Holmes","OAK",102,310,0,0,0,0,0,0,22.3,38,325,1.5,0,0,0.1,NA,NA,NA,NA,NA,NA,NA,NA,NA,NA,NA,41.56
"KHIRYROBINSON","RB","yahoo","Khiry Robinson","NO",75,311,0,0,0,48.9,212,1.8,9.6,11.7,78,0.4,0,0.1,0.4,NA,NA,NA,NA,NA,NA,NA,NA,NA,NA,NA,41.48
"DAMIENWILLIAMS","RB","yahoo","Damien Williams","MIA",76,312,0,0,0,48.4,189,1.4,13.1,16.4,105,0.5,0,0,0.2,NA,NA,NA,NA,NA,NA,NA,NA,NA,NA,NA,40.51
"CORDARRELLEPATTERSON","WR","yahoo","Cordarrelle Patterson","MIN",103,313,0,0,0,7.9,52,0.2,17.6,29.1,212,1.3,0.9,0,0.1,NA,NA,NA,NA,NA,NA,NA,NA,NA,NA,NA,40.4
"THEORIDDICK","RB","yahoo","Theo Riddick","DET",77,314,0,0,0,17.8,69.1,0.4,27.7,36.1,237,1.2,0,0,0.1,NA,NA,NA,NA,NA,NA,NA,NA,NA,NA,NA,39.84
"GARRETTGRAHAM","TE","yahoo","Garrett Graham","HOU",35,315,0,0,0,0,0,0,26.4,40.3,289,1.8,0,0.1,0.2,NA,NA,NA,NA,NA,NA,NA,NA,NA,NA,NA,39.67
"PATRICKMURRAY","K","yahoo","Patrick Murray","TB",33,316,NA,NA,NA,NA,NA,NA,NA,NA,NA,NA,NA,NA,NA,NA,NA,NA,NA,NA,NA,10.2,1.2,2.6,2.4,1.7,39.66
"LANCEKENDRICKS","TE","yahoo","Lance Kendricks","STL",36,317,0,0,0,0,0,0,25.6,37.8,276,2,0,0.1,0.1,NA,NA,NA,NA,NA,NA,NA,NA,NA,NA,NA,39.57
"LOUISMURPHY","WR","yahoo","Louis Murphy","TB",104,318,0,0,0,0,0,0,19.7,36.1,287,1.8,0,0.1,0.2,NA,NA,NA,NA,NA,NA,NA,NA,NA,NA,NA,39.29
"MATTCASSEL","QB","yahoo","Matt Cassel","BUF",37,319,630,3.7,3.2,8.8,26.4,0.3,0,0,0,0,0,0.1,1.1,NA,NA,NA,NA,NA,NA,NA,NA,NA,NA,NA,38.9
"GAVINESCOBAR","TE","yahoo","Gavin Escobar","DAL",37,320,0,0,0,0,0,0,16.6,24.7,202,3.1,0,0.1,0.1,NA,NA,NA,NA,NA,NA,NA,NA,NA,NA,NA,38.77
"CLIVEWALFORD","TE","yahoo","Clive Walford","OAK",38,321,0,0,0,0,0,0,25,38,294,1.6,0,0,0.2,NA,NA,NA,NA,NA,NA,NA,NA,NA,NA,NA,38.57
"BRANDENOLIVER","RB","yahoo","Branden Oliver","SD",78,322,0,0,0,52.1,213,1.3,8.6,10.6,71.6,0.3,0,0,0.2,NA,NA,NA,NA,NA,NA,NA,NA,NA,NA,NA,37.82
"JONATHANGRIMES","RB","yahoo","Jonathan Grimes","HOU",79,323,0,0,0,52.3,203,0.9,11.5,14.4,93.9,0.3,0,0,0.2,NA,NA,NA,NA,NA,NA,NA,NA,NA,NA,NA,36.99
"QUINTONPATTON","WR","yahoo","Quinton Patton","SF",105,324,0,0,0,2.1,13.8,0,20.6,32.9,279,1.2,0,0,0.2,NA,NA,NA,NA,NA,NA,NA,NA,NA,NA,NA,36.14
"DEVINHESTER","WR","yahoo","Devin Hester","ATL",106,325,0,0,0,7.7,50.6,0.2,11,16.8,146,0.9,1.7,0,0.2,NA,NA,NA,NA,NA,NA,NA,NA,NA,NA,NA,36.11
"STEDMANBAILEY","WR","yahoo","Stedman Bailey","STL",107,326,0,0,0,0,0,0,22.3,35.4,288,1.2,0,0,0.1,NA,NA,NA,NA,NA,NA,NA,NA,NA,NA,NA,36.04
"JERMAINEGRESHAM","TE","yahoo","Jermaine Gresham","ARZ",39,327,0,0,0,0,0,0,24.2,32.9,252,1.9,0,0.1,0.3,NA,NA,NA,NA,NA,NA,NA,NA,NA,NA,NA,35.83
"JAVORIUSALLEN","RB","yahoo","Javorius Allen","BAL",80,328,0,0,0,38.1,164,1.1,12.4,15.6,98.8,0.5,0,0,0.4,NA,NA,NA,NA,NA,NA,NA,NA,NA,NA,NA,35.28
"JEREMYKERLEY","WR","yahoo","Jeremy Kerley","NYJ",108,329,0,0,0,1.7,11.5,0,20.5,30.9,239,1,0.6,0,0.1,NA,NA,NA,NA,NA,NA,NA,NA,NA,NA,NA,34.89
"CROCKETTGILLMORE","TE","yahoo","Crockett Gillmore","BAL",40,330,0,0,0,0,0,0,20.1,28.7,229,2,0,0.1,0.1,NA,NA,NA,NA,NA,NA,NA,NA,NA,NA,NA,34.62
"MARQUESSWILSON","WR","yahoo","Marquess Wilson","CHI",109,331,0,0,0,0,0,0,20.3,34,252,1.6,0,0,0.1,NA,NA,NA,NA,NA,NA,NA,NA,NA,NA,NA,34.49
"JAMISONCROWDER","WR","yahoo","Jamison Crowder","WAS",110,332,0,0,0,0,0,0,23.2,35.7,275,1.1,0,0,0.2,NA,NA,NA,NA,NA,NA,NA,NA,NA,NA,NA,34.17
"DARRENFELLS","TE","yahoo","Darren Fells","ARZ",41,333,0,0,0,0,0,0,19.8,27.4,226,1.9,0,0.1,0.1,NA,NA,NA,NA,NA,NA,NA,NA,NA,NA,NA,34.04
"DIONSIMS","TE","yahoo","Dion Sims","MIA",42,334,0,0,0,0,0,0,20.1,30.1,219,1.8,0,0,0.1,NA,NA,NA,NA,NA,NA,NA,NA,NA,NA,NA,32.23
"JEREMYLANGFORD","RB","yahoo","Jeremy Langford","CHI",81,335,0,0,0,57.7,232,1.3,2.2,2.8,17.8,0.1,0,0,0.4,NA,NA,NA,NA,NA,NA,NA,NA,NA,NA,NA,32.16
"ANDREWQUARLESS","TE","yahoo","Andrew Quarless","GB",43,336,0,0,0,0,0,0,17.1,25.2,188,2.1,0,0.1,0.1,NA,NA,NA,NA,NA,NA,NA,NA,NA,NA,NA,31.47
"MARLONBROWN","WR","yahoo","Marlon Brown","BAL",111,337,0,0,0,0,0,0,17.6,27.4,220,1.6,0,0,0.1,NA,NA,NA,NA,NA,NA,NA,NA,NA,NA,NA,31.44
"MARCEDESLEWIS","TE","yahoo","Marcedes Lewis","JAC",44,338,0,0,0,0,0,0,19.3,30.5,219,1.5,0,0,0.1,NA,NA,NA,NA,NA,NA,NA,NA,NA,NA,NA,30.95
"VIRGILGREEN","TE","yahoo","Virgil Green","DEN",45,339,0,0,0,0,0,0,20.5,29,190,2,0,0.1,0.1,NA,NA,NA,NA,NA,NA,NA,NA,NA,NA,NA,30.87
"TOBYGERHART","RB","yahoo","Toby Gerhart","JAC",82,340,0,0,0,27.9,114,0.6,16.4,20.3,128,0.6,0,0,0.3,NA,NA,NA,NA,NA,NA,NA,NA,NA,NA,NA,30.63
"JAYAJAYI","RB","yahoo","Jay Ajayi","MIA",83,341,0,0,0,36.3,152,1.2,8.7,10.9,69.7,0.3,0,0,0.3,NA,NA,NA,NA,NA,NA,NA,NA,NA,NA,NA,30.59
"JUSTINHARDY","WR","yahoo","Justin Hardy","ATL",112,342,0,0,0,0,0,0,18.8,28,226,1.3,0,0,0.1,NA,NA,NA,NA,NA,NA,NA,NA,NA,NA,NA,29.9
"CHRISMATTHEWS","WR","yahoo","Chris Matthews","SEA",113,343,0,0,0,0,0,0,13.6,22.7,198,1.7,0,0,0.1,NA,NA,NA,NA,NA,NA,NA,NA,NA,NA,NA,29.9
"STEVANRIDLEY","RB","yahoo","Stevan Ridley","NYJ",84,344,0,0,0,52.3,217,1.2,1.2,1.6,9.7,0,0,0,0.4,NA,NA,NA,NA,NA,NA,NA,NA,NA,NA,NA,29.46
"COREYFULLER","WR","yahoo","Corey Fuller","DET",114,345,0,0,0,4,26.4,0.1,13.2,22.2,199,1.1,0,0,0.1,NA,NA,NA,NA,NA,NA,NA,NA,NA,NA,NA,29.36
"JACQUIZZRODGERS","RB","yahoo","Jacquizz Rodgers","CHI",85,346,0,0,0,30.8,122,0.6,13.3,16.6,111,0.5,0,0,0.2,NA,NA,NA,NA,NA,NA,NA,NA,NA,NA,NA,29.35
"MATTASIATA","RB","yahoo","Matt Asiata","MIN",86,347,0,0,0,19.7,78.8,1,15.4,19.4,114,0.6,0,0,0.1,NA,NA,NA,NA,NA,NA,NA,NA,NA,NA,NA,28.2
"DRIARCHER","WR","yahoo","Dri Archer","PIT",115,348,0,0,0,16,62.3,0.2,19.6,26.1,161,0.8,0,0,0.3,NA,NA,NA,NA,NA,NA,NA,NA,NA,NA,NA,28.2
"JUSTINHUNTER","WR","yahoo","Justin Hunter","TEN",116,349,0,0,0,0,0,0,13.4,23.1,201,1.3,0,0,0.1,NA,NA,NA,NA,NA,NA,NA,NA,NA,NA,NA,27.6
"BOBBYRAINEY","RB","yahoo","Bobby Rainey","TB",87,350,0,0,0,34,133,1.1,8.3,10.4,67.9,0.2,0,0,0.4,NA,NA,NA,NA,NA,NA,NA,NA,NA,NA,NA,27.29
"JEROMESIMPSON","WR","yahoo","Jerome Simpson","SF",117,351,0,0,0,0,0,0,15.8,26.7,220,0.9,0,0,0.2,NA,NA,NA,NA,NA,NA,NA,NA,NA,NA,NA,27.17
"JOSHHUFF","WR","yahoo","Josh Huff","PHI",118,352,0,0,0,0,0,0,12.8,20.8,156,1,0.8,0,0.1,NA,NA,NA,NA,NA,NA,NA,NA,NA,NA,NA,25.98
"BRANDONBOLDEN","RB","yahoo","Brandon Bolden","NE",88,353,0,0,0,27.3,118,1.2,6.4,8.3,50.7,0.3,0,0,0.2,NA,NA,NA,NA,NA,NA,NA,NA,NA,NA,NA,25.68
"DANIELFELLS","TE","yahoo","Daniel Fells","NYG",46,354,0,0,0,0,0,0,15.2,23.2,171,1.5,0,0,0.2,NA,NA,NA,NA,NA,NA,NA,NA,NA,NA,NA,25.56
"RASHADGREENE","WR","yahoo","Rashad Greene","JAC",119,355,0,0,0,0,0,0,15.6,25.4,191,0.9,0.1,0,0.1,NA,NA,NA,NA,NA,NA,NA,NA,NA,NA,NA,24.96
"MARCELREECE","RB","yahoo","Marcel Reece","OAK",89,356,0,0,0,11.1,35.4,0.4,15.2,21.7,151,0.7,0,0,0.2,NA,NA,NA,NA,NA,NA,NA,NA,NA,NA,NA,24.63
"JARONBROWN","WR","yahoo","Jaron Brown","ARZ",120,357,0,0,0,0,0,0,13.6,21.9,171,1.2,0,0,0.1,NA,NA,NA,NA,NA,NA,NA,NA,NA,NA,NA,24.17
"KENNYBELL","WR","yahoo","Kenny Bell","TB",121,358,0,0,0,0,0,0,14.8,24.9,188,0.9,0,0,0.1,NA,NA,NA,NA,NA,NA,NA,NA,NA,NA,NA,23.89
"EDDICKSON","TE","yahoo","Ed Dickson","CAR",47,359,0,0,0,0,0,0,14.7,23.9,177,1,0,0,0.1,NA,NA,NA,NA,NA,NA,NA,NA,NA,NA,NA,23.76
"SAMMIECOATES","WR","yahoo","Sammie Coates","PIT",122,360,0,0,0,0,0,0,11.9,20.1,169,1.1,0,0,0.1,NA,NA,NA,NA,NA,NA,NA,NA,NA,NA,NA,23.64
"QUINCYENUNWA","WR","yahoo","Quincy Enunwa","NYJ",123,361,0,0,0,0,0,0,14,23,175,1,0,0,0.1,NA,NA,NA,NA,NA,NA,NA,NA,NA,NA,NA,23.49
"KYLEJUSZCZYK","RB","yahoo","Kyle Juszczyk","BAL",90,362,0,0,0,0,0,0,20,26.1,171,1.1,0,0,0.1,NA,NA,NA,NA,NA,NA,NA,NA,NA,NA,NA,23.42
"ZACSTACY","RB","yahoo","Zac Stacy","NYJ",91,363,0,0,0,36.3,145,1.1,2.8,3.5,22.2,0.1,0,0,0.3,NA,NA,NA,NA,NA,NA,NA,NA,NA,NA,NA,23.02
"ROBERTHUGHES","RB","yahoo","Robert Hughes","ARZ",92,364,0,0,0,30.9,98.7,1.3,4.2,5.5,36.9,0.3,0,0,0.2,NA,NA,NA,NA,NA,NA,NA,NA,NA,NA,NA,22.63
"DEREKCARRIER","TE","yahoo","Derek Carrier","WAS",48,365,0,0,0,0,0,0,13.9,20.4,159,1.1,0,0,0.1,NA,NA,NA,NA,NA,NA,NA,NA,NA,NA,NA,22.19
"JACKDOYLE","TE","yahoo","Jack Doyle","IND",49,366,0,0,0,0,0,0,11.7,17.3,131,1.5,0,0,0.1,NA,NA,NA,NA,NA,NA,NA,NA,NA,NA,NA,22.15
"CHRISTINEMICHAEL","RB","yahoo","Christine Michael","SEA",93,367,0,0,0,35.7,155,0.9,1.7,2.1,13.5,0.1,0,0,0.5,NA,NA,NA,NA,NA,NA,NA,NA,NA,NA,NA,21.87
"CJFIEDOROWICZ","TE","yahoo","C.J. Fiedorowicz","HOU",50,368,0,0,0,0,0,0,13.7,20.1,155,0.9,0,0,0.1,NA,NA,NA,NA,NA,NA,NA,NA,NA,NA,NA,21.01
"SCOTTCHANDLER","TE","yahoo","Scott Chandler","NE",51,369,0,0,0,0,0,0,11.7,17.3,132,1.2,0,0,0.1,NA,NA,NA,NA,NA,NA,NA,NA,NA,NA,NA,20.32
"ERIKLORIG","RB","yahoo","Erik Lorig","NO",94,370,0,0,0,4.1,13.1,0.2,14,17.6,120,0.9,0,0,0.1,NA,NA,NA,NA,NA,NA,NA,NA,NA,NA,NA,20.19
"MICHAELCAMPANARO","WR","yahoo","Michael Campanaro","BAL",124,371,0,0,0,4.2,27.9,0.1,7,11.1,93.6,0.6,0.7,0,0.1,NA,NA,NA,NA,NA,NA,NA,NA,NA,NA,NA,20.07
"LEVINETOILOLO","TE","yahoo","Levine Toilolo","ATL",52,372,0,0,0,0,0,0,11.7,16.8,131,1.1,0,0,0.1,NA,NA,NA,NA,NA,NA,NA,NA,NA,NA,NA,19.76
"TROYNIKLAS","TE","yahoo","Troy Niklas","ARZ",53,373,0,0,0,0,0,0,11.7,16.5,133,1.1,0,0,0.1,NA,NA,NA,NA,NA,NA,NA,NA,NA,NA,NA,19.52
"MYCOLEPRUITT","TE","yahoo","MyCole Pruitt","MIN",54,374,0,0,0,0,0,0,12.1,17,140,0.9,0,0,0.1,NA,NA,NA,NA,NA,NA,NA,NA,NA,NA,NA,19.49
"ANTONESMITH","RB","yahoo","Antone Smith","ATL",95,375,0,0,0,21.1,101,0.8,4.6,5.6,38.3,0.2,0,0,0.2,NA,NA,NA,NA,NA,NA,NA,NA,NA,NA,NA,19.42
"LUKEWILLSON","TE","yahoo","Luke Willson","SEA",55,376,0,0,0,0,0,0,10.9,16.5,124,1.1,0,0,0.1,NA,NA,NA,NA,NA,NA,NA,NA,NA,NA,NA,18.67
"BRUCEELLINGTON","WR","yahoo","Bruce Ellington","SF",125,377,0,0,0,6.3,41.3,0.1,7.6,12,104,0.4,0.1,0,0.1,NA,NA,NA,NA,NA,NA,NA,NA,NA,NA,NA,18.43
"JOSEPHFAURIA","TE","yahoo","Joseph Fauria","DET",56,378,0,0,0,0,0,0,10.9,16.7,122,1,0,0,0.1,NA,NA,NA,NA,NA,NA,NA,NA,NA,NA,NA,18.3
"KARLOSWILLIAMS","RB","yahoo","Karlos Williams","BUF",96,379,0,0,0,28.2,113,0.9,1.7,2.2,13.2,0.1,0,0,0.2,NA,NA,NA,NA,NA,NA,NA,NA,NA,NA,NA,17.96
"JACOBYJONES","WR","yahoo","Jacoby Jones","SD",126,380,0,0,0,0,0,0,3.3,5.3,47.7,0.3,1.9,0,0,NA,NA,NA,NA,NA,NA,NA,NA,NA,NA,NA,17.58
"MILESAUSTIN","WR","yahoo","Miles Austin","PHI",127,381,0,0,0,0,0,0,9.4,15.6,124,0.9,0,0,0.1,NA,NA,NA,NA,NA,NA,NA,NA,NA,NA,NA,17.55
"JAMESCASEY","TE","yahoo","James Casey","DEN",57,382,0,0,0,0,0,0,13.6,17.4,116,1,0,0,0.1,NA,NA,NA,NA,NA,NA,NA,NA,NA,NA,NA,17.45
"JAMESOSHAUGHNESSY","TE","yahoo","James O'Shaughnessy","KC",58,383,0,0,0,0,0,0,10.5,14.9,121,0.8,0,0,0.1,NA,NA,NA,NA,NA,NA,NA,NA,NA,NA,NA,17.05
"BRANDONMYERS","TE","yahoo","Brandon Myers","TB",59,384,0,0,0,0,0,0,10.6,15.7,121,0.8,0,0,0,NA,NA,NA,NA,NA,NA,NA,NA,NA,NA,NA,16.69
"JEFFCUMBERLAND","TE","yahoo","Jeff Cumberland","NYJ",60,385,0,0,0,0,0,0,10.4,15.3,119,0.8,0,0,0.1,NA,NA,NA,NA,NA,NA,NA,NA,NA,NA,NA,16.6
"BRUCEMILLER","RB","yahoo","Bruce Miller","SF",97,386,0,0,0,8.4,26.7,0.3,11,14.3,94,0.5,0,0,0.2,NA,NA,NA,NA,NA,NA,NA,NA,NA,NA,NA,16.55
"COLTMCCOY","QB","yahoo","Colt McCoy","WAS",38,387,255,1.3,0.9,4,12,0.2,0,0,0,0,0,0,0.4,NA,NA,NA,NA,NA,NA,NA,NA,NA,NA,NA,15.91
"SEANTAVIUSJONES","WR","yahoo","Seantavius Jones","NO",128,388,0,0,0,0,0,0,7.8,11.7,118,0.7,0,0,0.1,NA,NA,NA,NA,NA,NA,NA,NA,NA,NA,NA,15.67
"DREWSTANTON","QB","yahoo","Drew Stanton","ARZ",39,389,239,1.5,0.9,1.9,5.6,0,0,0,0,0,0,0,0.2,NA,NA,NA,NA,NA,NA,NA,NA,NA,NA,NA,14.87
"JIMMYCLAUSEN","QB","yahoo","Jimmy Clausen","CHI",40,390,236,1.4,1,3.1,9.3,0.1,0,0,0,0,0,0,0.5,NA,NA,NA,NA,NA,NA,NA,NA,NA,NA,NA,14.69
"CHRISTHOMPSON","RB","yahoo","Chris Thompson","WAS",98,391,0,0,0,11.4,44.5,0.4,8.1,10.2,67.3,0.3,0,0,0.2,NA,NA,NA,NA,NA,NA,NA,NA,NA,NA,NA,14.67
"JOHNKUHN","RB","yahoo","John Kuhn","GB",99,392,0,0,0,16.4,47.5,0.7,3.8,5,32.5,0.3,0,0,0.2,NA,NA,NA,NA,NA,NA,NA,NA,NA,NA,NA,14.29
"DARRELYOUNG","RB","yahoo","Darrel Young","WAS",100,393,0,0,0,7.6,24.4,0.4,7.9,10.2,68.7,0.4,0,0,0.1,NA,NA,NA,NA,NA,NA,NA,NA,NA,NA,NA,14
"REXBURKHEAD","RB","yahoo","Rex Burkhead","CIN",101,394,0,0,0,4.6,18,0.1,11.3,14.3,91.9,0.4,0,0,0.1,NA,NA,NA,NA,NA,NA,NA,NA,NA,NA,NA,13.95
"MARQUEISGRAY","TE","yahoo","MarQueis Gray","BUF",61,395,0,0,0,0,0,0,8.6,13.1,97.1,0.7,0,0,0.1,NA,NA,NA,NA,NA,NA,NA,NA,NA,NA,NA,13.79
"GARYBARNIDGE","TE","yahoo","Gary Barnidge","CLE",62,396,0,0,0,0,0,0,8.8,13.5,98.8,0.6,0,0,0.1,NA,NA,NA,NA,NA,NA,NA,NA,NA,NA,NA,13.53
"JUWANTHOMPSON","RB","yahoo","Juwan Thompson","DEN",102,397,0,0,0,15.8,68,0.7,2.3,2.9,18.8,0.1,0,0,0.1,NA,NA,NA,NA,NA,NA,NA,NA,NA,NA,NA,13.49
"TONYMOEAKI","TE","yahoo","Tony Moeaki","ATL",63,398,0,0,0,0,0,0,7.8,11.2,89.8,0.7,0,0,0,NA,NA,NA,NA,NA,NA,NA,NA,NA,NA,NA,13.42
"JOHNNYMANZIEL","QB","yahoo","Johnny Manziel","CLE",41,399,184,1.1,1.2,6.6,19.9,0.3,0,0,0,0,0,0,0.4,NA,NA,NA,NA,NA,NA,NA,NA,NA,NA,NA,13.4
"CHRISPOLK","RB","yahoo","Chris Polk","HOU",103,400,0,0,0,20.1,88.6,0.6,1.3,1.6,10.2,0,0,0,0.1,NA,NA,NA,NA,NA,NA,NA,NA,NA,NA,NA,13.33
"DEVINSTREET","WR","yahoo","Devin Street","DAL",129,401,0,0,0,0,0,0,6.2,9.9,92.1,0.7,0,0,0,NA,NA,NA,NA,NA,NA,NA,NA,NA,NA,NA,13.24
"COREYWASHINGTON","WR","yahoo","Corey Washington","NYG",130,402,0,0,0,0,0,0,7.2,11.6,95.7,0.6,0,0,0,NA,NA,NA,NA,NA,NA,NA,NA,NA,NA,NA,13.21
"JEREMYROSS","WR","yahoo","Jeremy Ross","DET",131,403,0,0,0,0,0,0,1.7,2.8,22.5,0.1,1.7,0,0,NA,NA,NA,NA,NA,NA,NA,NA,NA,NA,NA,13.11
"TRENTRICHARDSON","RB","yahoo","Trent Richardson","OAK",104,404,0,0,0,18.4,63.9,0.4,4.3,5.4,34.4,0.1,0,0,0.1,NA,NA,NA,NA,NA,NA,NA,NA,NA,NA,NA,12.84
"KADEEMCAREY","RB","yahoo","Ka'Deem Carey","CHI",105,405,0,0,0,19.2,81.2,0.4,2.2,2.8,18,0.1,0,0,0.1,NA,NA,NA,NA,NA,NA,NA,NA,NA,NA,NA,12.78
"EJMANUEL","QB","yahoo","EJ Manuel","BUF",42,406,185,1.1,0.8,3.6,10.9,0.1,0,0,0,0,0,0,0.2,NA,NA,NA,NA,NA,NA,NA,NA,NA,NA,NA,12.44
"DANTEROSARIO","TE","yahoo","Dante Rosario","CHI",64,407,0,0,0,0,0,0,7.5,11.1,85.3,0.7,0,0,0.1,NA,NA,NA,NA,NA,NA,NA,NA,NA,NA,NA,12.35
"CHARCANDRICKWEST","RB","yahoo","Charcandrick West","KC",106,408,0,0,0,16.8,69.1,0.6,2,2.5,15.9,0.1,0,0,0.1,NA,NA,NA,NA,NA,NA,NA,NA,NA,NA,NA,12.23
"DONTRELLEINMAN","WR","yahoo","Dontrelle Inman","SD",132,409,0,0,0,0,0,0,6.3,9.9,89.6,0.5,0,0,0,NA,NA,NA,NA,NA,NA,NA,NA,NA,NA,NA,12.06
"DWAYNEHARRIS","WR","yahoo","Dwayne Harris","NYG",133,410,0,0,0,0,0,0,1.8,2.9,24.5,0.2,1.4,0,0,NA,NA,NA,NA,NA,NA,NA,NA,NA,NA,NA,12.01
"FOZZYWHITTAKER","RB","yahoo","Fozzy Whittaker","CAR",107,411,0,0,0,15.8,58.4,0.3,3.8,4.8,30.8,0.1,0,0,0.1,NA,NA,NA,NA,NA,NA,NA,NA,NA,NA,NA,11.7
"JIMDRAY","TE","yahoo","Jim Dray","CLE",65,412,0,0,0,0,0,0,7.4,11.3,82.5,0.5,0,0,0.1,NA,NA,NA,NA,NA,NA,NA,NA,NA,NA,NA,11.28
"JERONHAMM","TE","yahoo","Je'Ron Hamm","WAS",66,413,0,0,0,0,0,0,6.9,10.2,79.2,0.6,0,0,0,NA,NA,NA,NA,NA,NA,NA,NA,NA,NA,NA,11.19
"LEESMITH","TE","yahoo","Lee Smith","OAK",67,414,0,0,0,0,0,0,7.3,10.9,82.3,0.5,0,0,0,NA,NA,NA,NA,NA,NA,NA,NA,NA,NA,NA,11.04
"LAMICHAELJAMES","RB","yahoo","LaMichael James","MIA",108,415,0,0,0,12.1,46,0.4,4.4,5.5,35.8,0.2,0,0,0.2,NA,NA,NA,NA,NA,NA,NA,NA,NA,NA,NA,10.93
"TYLERKROFT","TE","yahoo","Tyler Kroft","CIN",68,416,0,0,0,0,0,0,6.8,9.5,78.5,0.5,0,0,0,NA,NA,NA,NA,NA,NA,NA,NA,NA,NA,NA,10.91
"ANTHONYFASANO","TE","yahoo","Anthony Fasano","TEN",69,417,0,0,0,0,0,0,6.6,9.8,75.4,0.6,0,0,0,NA,NA,NA,NA,NA,NA,NA,NA,NA,NA,NA,10.82
"CRAIGSTEVENS","TE","yahoo","Craig Stevens","TEN",70,418,0,0,0,0,0,0,6.6,9.8,75.6,0.6,0,0,0,NA,NA,NA,NA,NA,NA,NA,NA,NA,NA,NA,10.81
"JASONAVANT","WR","yahoo","Jason Avant","KC",134,419,0,0,0,0,0,0,6.4,10,79.6,0.4,0,0,0.1,NA,NA,NA,NA,NA,NA,NA,NA,NA,NA,NA,10.54
"STEFONDIGGS","WR","yahoo","Stefon Diggs","MIN",135,420,0,0,0,0,0,0,5.9,9.7,79.8,0.4,0,0,0,NA,NA,NA,NA,NA,NA,NA,NA,NA,NA,NA,10.48
"CHRISHOGAN","WR","yahoo","Chris Hogan","BUF",136,421,0,0,0,0,0,0,5.8,10.3,77.8,0.4,0,0,0.1,NA,NA,NA,NA,NA,NA,NA,NA,NA,NA,NA,10.28
"ANTHONYSHERMAN","RB","yahoo","Anthony Sherman","KC",109,422,0,0,0,1.9,6,0.1,7.6,9.9,66.3,0.4,0,0,0.1,NA,NA,NA,NA,NA,NA,NA,NA,NA,NA,NA,10.26
"DEREKANDERSON","QB","yahoo","Derek Anderson","CAR",43,423,155,1,0.7,2.7,8.2,0.1,0,0,0,0,0,0,0.3,NA,NA,NA,NA,NA,NA,NA,NA,NA,NA,NA,10.09
"TERRELLEPRYOR","QB","yahoo","Terrelle Pryor","CLE",44,424,0,0,0,4.5,29.9,0.1,3.8,6.8,48.6,0.2,0,0,0.1,NA,NA,NA,NA,NA,NA,NA,NA,NA,NA,NA,9.83
"VANCEMCDONALD","TE","yahoo","Vance McDonald","SF",71,425,0,0,0,0,0,0,6.4,9.6,72.6,0.4,0,0,0,NA,NA,NA,NA,NA,NA,NA,NA,NA,NA,NA,9.69
"BLAKEBELL","TE","yahoo","Blake Bell","SF",72,426,0,0,0,0,0,0,6.4,9.6,72.2,0.4,0,0,0,NA,NA,NA,NA,NA,NA,NA,NA,NA,NA,NA,9.66
"WILLJOHNSON","RB","yahoo","Will Johnson","PIT",110,427,0,0,0,2.6,8.4,0.1,6.5,8.5,56.3,0.4,0,0,0.1,NA,NA,NA,NA,NA,NA,NA,NA,NA,NA,NA,9.46
"RISHARDMATTHEWS","WR","yahoo","Rishard Matthews","MIA",137,428,0,0,0,0,0,0,5.1,7.8,68.8,0.4,0,0,0,NA,NA,NA,NA,NA,NA,NA,NA,NA,NA,NA,9.18
"BRANDONPETTIGREW","TE","yahoo","Brandon Pettigrew","DET",73,429,0,0,0,0,0,0,5.5,8.3,61.2,0.5,0,0,0,NA,NA,NA,NA,NA,NA,NA,NA,NA,NA,NA,9.18
"JORVORSKIELANE","RB","yahoo","Jorvorskie Lane","TB",111,430,0,0,0,3.8,12.1,0.1,6,7.8,52.2,0.3,0,0,0.1,NA,NA,NA,NA,NA,NA,NA,NA,NA,NA,NA,8.97
"MARKSANCHEZ","QB","yahoo","Mark Sanchez","PHI",45,431,120,0.9,0.6,2.8,8.4,0.1,0,0,0,0,0,0,0.2,NA,NA,NA,NA,NA,NA,NA,NA,NA,NA,NA,8.79
"JALSTONFOWLER","RB","yahoo","Jalston Fowler","TEN",112,432,0,0,0,7.6,24.4,0.3,3.7,4.9,32.4,0.2,0,0,0.1,NA,NA,NA,NA,NA,NA,NA,NA,NA,NA,NA,8.79
"KENDALLHUNTER","RB","yahoo","Kendall Hunter","SF",113,433,0,0,0,12.5,48.4,0.3,1.9,2.4,15.7,0,0,0,0.1,NA,NA,NA,NA,NA,NA,NA,NA,NA,NA,NA,8.6
"CORYHARKEY","TE","yahoo","Cory Harkey","STL",74,434,0,0,0,0,0,0,7.4,9.5,63.1,0.4,0,0,0,NA,NA,NA,NA,NA,NA,NA,NA,NA,NA,NA,8.48
"COLLINMOONEY","RB","yahoo","Collin Mooney","ATL",114,435,0,0,0,0,0,0,6.7,8.4,59.5,0.4,0,0,0,NA,NA,NA,NA,NA,NA,NA,NA,NA,NA,NA,8.43
"LUCKYWHITEHEAD","WR","yahoo","Lucky Whitehead","DAL",138,436,0,0,0,0,0,0,1.5,2.5,23.5,0.2,0.8,0,0,NA,NA,NA,NA,NA,NA,NA,NA,NA,NA,NA,8.3
"JEROMEFELTON","RB","yahoo","Jerome Felton","BUF",115,437,0,0,0,4.7,15,0.2,4.9,6.6,41.8,0.3,0,0,0.1,NA,NA,NA,NA,NA,NA,NA,NA,NA,NA,NA,8.27
"BRANDONWEEDEN","QB","yahoo","Brandon Weeden","DAL",46,438,117,0.9,0.4,0.4,1.3,0,0,0,0,0,0,0,0.1,NA,NA,NA,NA,NA,NA,NA,NA,NA,NA,NA,7.94
"JOSHMORGAN","WR","yahoo","Josh Morgan","NO",139,439,0,0,0,0,0,0,3.9,5.9,59.4,0.3,0,0,0,NA,NA,NA,NA,NA,NA,NA,NA,NA,NA,NA,7.89
"PAULRICHARDSON","WR","yahoo","Paul Richardson","SEA",140,440,0,0,0,0,0,0,4,6.2,54.6,0.4,0,0,0,NA,NA,NA,NA,NA,NA,NA,NA,NA,NA,NA,7.73
"JARRETTBOYKIN","WR","yahoo","Jarrett Boykin","CAR",141,441,0,0,0,0,0,0,4.2,7.2,56.1,0.4,0,0,0,NA,NA,NA,NA,NA,NA,NA,NA,NA,NA,NA,7.68
"BLAINEGABBERT","QB","yahoo","Blaine Gabbert","SF",47,442,119,0.5,0.5,2.6,7.8,0.1,0,0,0,0,0,0,0.2,NA,NA,NA,NA,NA,NA,NA,NA,NA,NA,NA,7.26
"JOSHHARRIS","RB","yahoo","Josh Harris","PIT",116,443,0,0,0,12.5,47.5,0.3,0.6,0.7,4.5,0,0,0,0.1,NA,NA,NA,NA,NA,NA,NA,NA,NA,NA,NA,7.21
"ANDRECALDWELL","WR","yahoo","Andre Caldwell","DEN",142,444,0,0,0,0,0,0,3.6,5.8,48.2,0.3,0,0,0,NA,NA,NA,NA,NA,NA,NA,NA,NA,NA,NA,7.16
"JAREDABBREDERIS","WR","yahoo","Jared Abbrederis","GB",143,445,0,0,0,0,0,0,3.2,5,50,0.4,0,0,0,NA,NA,NA,NA,NA,NA,NA,NA,NA,NA,NA,7.14
"ROBERTHERRON","WR","yahoo","Robert Herron","TB",144,446,0,0,0,0,0,0,4,6.8,54.7,0.3,0,0,0,NA,NA,NA,NA,NA,NA,NA,NA,NA,NA,NA,7.02
"MATTSPAETH","TE","yahoo","Matt Spaeth","PIT",75,447,0,0,0,0,0,0,4,5.6,45.7,0.4,0,0,0,NA,NA,NA,NA,NA,NA,NA,NA,NA,NA,NA,6.88
"JESSEJAMES","TE","yahoo","Jesse James","PIT",76,448,0,0,0,0,0,0,4,5.6,45.7,0.4,0,0,0,NA,NA,NA,NA,NA,NA,NA,NA,NA,NA,NA,6.88
"MICHAELHOOMANAWANUI","TE","yahoo","Michael Hoomanawanui","NE",77,449,0,0,0,0,0,0,3.9,5.8,44.5,0.4,0,0,0,NA,NA,NA,NA,NA,NA,NA,NA,NA,NA,NA,6.85
"JAMESDEVELIN","RB","yahoo","James Develin","NE",117,450,0,0,0,2.3,7.2,0.1,4.3,5.8,36,0.3,0,0,0,NA,NA,NA,NA,NA,NA,NA,NA,NA,NA,NA,6.78
"JJNELSON","WR","yahoo","J.J. Nelson","ARZ",145,451,0,0,0,0,0,0,3.3,5.5,43.6,0.3,0.1,0,0,NA,NA,NA,NA,NA,NA,NA,NA,NA,NA,NA,6.71
"ZACHZENNER","RB","yahoo","Zach Zenner","DET",118,452,0,0,0,11.7,47.7,0.3,0,0,0,0,0,0,0.1,NA,NA,NA,NA,NA,NA,NA,NA,NA,NA,NA,6.7
"CHASEDANIEL","QB","yahoo","Chase Daniel","KC",48,453,106,0.6,0.5,1.3,3.9,0,0,0,0,0,0,0,0.1,NA,NA,NA,NA,NA,NA,NA,NA,NA,NA,NA,6.65
"JAMESJONES","WR","yahoo","James Jones","NYG",146,454,0,0,0,0,0,0,3.6,5.8,48.5,0.3,0,0,0,NA,NA,NA,NA,NA,NA,NA,NA,NA,NA,NA,6.64
"RICARDOLOCKETTE","WR","yahoo","Ricardo Lockette","SEA",147,455,0,0,0,0,0,0,3.4,5.2,45.7,0.3,0,0,0,NA,NA,NA,NA,NA,NA,NA,NA,NA,NA,NA,6.47
"JAMESHANNA","TE","yahoo","James Hanna","DAL",78,456,0,0,0,0,0,0,3.4,5,39,0.4,0,0,0,NA,NA,NA,NA,NA,NA,NA,NA,NA,NA,NA,6.47
"RYANHEWITT","TE","yahoo","Ryan Hewitt","CIN",79,457,0,0,0,0,0,0,5.5,7.1,46.3,0.3,0,0,0,NA,NA,NA,NA,NA,NA,NA,NA,NA,NA,NA,6.35
"ANTONIOANDREWS","RB","yahoo","Antonio Andrews","TEN",119,458,0,0,0,11.4,44.6,0.3,0,0,0,0,0,0,0.1,NA,NA,NA,NA,NA,NA,NA,NA,NA,NA,NA,6.27
"JOHNPHILLIPS","TE","yahoo","John Phillips","SD",80,459,0,0,0,0,0,0,3.7,5.3,42,0.4,0,0,0,NA,NA,NA,NA,NA,NA,NA,NA,NA,NA,NA,6.27
"MIKEDAVIS","RB","yahoo","Mike Davis","SF",120,460,0,0,0,8.4,32.3,0.2,1.9,2.4,15.4,0,0,0,0.1,NA,NA,NA,NA,NA,NA,NA,NA,NA,NA,NA,6.25
"LANCEMOORE","WR","yahoo","Lance Moore","DET",148,461,0,0,0,0,0,0,3.4,5.6,45.6,0.3,0,0,0,NA,NA,NA,NA,NA,NA,NA,NA,NA,NA,NA,6.21
"JOSHUABELLAMY","WR","yahoo","Joshua Bellamy","CHI",149,462,0,0,0,0,0,0,3.5,5.9,46.2,0.3,0,0,0,NA,NA,NA,NA,NA,NA,NA,NA,NA,NA,NA,6.2
"AUSTINDAVIS","QB","yahoo","Austin Davis","STL",49,463,108,0.6,0.4,0.2,0.7,0,0,0,0,0,0,0,0.1,NA,NA,NA,NA,NA,NA,NA,NA,NA,NA,NA,6.09
"MICHAELVICK","QB","yahoo","Michael Vick","PIT",50,464,80.4,0.5,0.3,2.7,8.2,0.1,0,0,0,0,0,0,0.2,NA,NA,NA,NA,NA,NA,NA,NA,NA,NA,NA,5.86
"DARRIUSHEYWARDBEY","WR","yahoo","Darrius Heyward-Bey","PIT",150,465,0,0,0,0,0,0,3.1,4.9,41.5,0.3,0,0,0,NA,NA,NA,NA,NA,NA,NA,NA,NA,NA,NA,5.75
"RYANGRANT","WR","yahoo","Ryan Grant","WAS",151,466,0,0,0,0,0,0,3.2,5.1,43.3,0.2,0,0,0,NA,NA,NA,NA,NA,NA,NA,NA,NA,NA,NA,5.62
"RHETTELLISON","TE","yahoo","Rhett Ellison","MIN",81,467,0,0,0,0,0,0,3.4,4.9,39.3,0.3,0,0,0,NA,NA,NA,NA,NA,NA,NA,NA,NA,NA,NA,5.51
"LUKESTOCKER","TE","yahoo","Luke Stocker","TB",82,468,0,0,0,0,0,0,3.5,5.2,40.1,0.3,0,0,0,NA,NA,NA,NA,NA,NA,NA,NA,NA,NA,NA,5.49
"KELLENDAVIS","TE","yahoo","Kellen Davis","NYJ",83,469,0,0,0,0,0,0,3.5,5.1,39.1,0.3,0,0,0,NA,NA,NA,NA,NA,NA,NA,NA,NA,NA,NA,5.44
"KENBRELLTHOMPKINS","WR","yahoo","Kenbrell Thompkins","OAK",152,470,0,0,0,0,0,0,3.2,5.4,43.2,0.2,0,0,0,NA,NA,NA,NA,NA,NA,NA,NA,NA,NA,NA,5.42
"CLAYHARBOR","TE","yahoo","Clay Harbor","JAC",84,471,0,0,0,0,0,0,3.5,5.1,39.8,0.2,0,0,0,NA,NA,NA,NA,NA,NA,NA,NA,NA,NA,NA,5.32
"NEALSTERLING","WR","yahoo","Neal Sterling","JAC",153,472,0,0,0,0,0,0,3.1,5.1,40.8,0.2,0,0,0,NA,NA,NA,NA,NA,NA,NA,NA,NA,NA,NA,5.18
"KEITHMUMPHERY","WR","yahoo","Keith Mumphery","HOU",154,473,0,0,0,0,0,0,3,5,40.1,0.2,0,0,0,NA,NA,NA,NA,NA,NA,NA,NA,NA,NA,NA,5.09
"CHRISGIVENS","WR","yahoo","Chris Givens","STL",155,474,0,0,0,0,0,0,2.9,4.7,39.1,0.2,0,0,0,NA,NA,NA,NA,NA,NA,NA,NA,NA,NA,NA,5.04
"MARCUSMURPHY","RB","yahoo","Marcus Murphy","NO",121,475,0,0,0,4.1,15.9,0.2,2.4,2.9,20,0.1,0,0,0,NA,NA,NA,NA,NA,NA,NA,NA,NA,NA,NA,5.01
"KENNYHILLIARD","RB","yahoo","Kenny Hilliard","HOU",122,476,0,0,0,7.1,27.6,0.2,1.3,1.6,10.2,0,0,0,0.1,NA,NA,NA,NA,NA,NA,NA,NA,NA,NA,NA,4.93
"VICKBALLARD","RB","yahoo","Vick Ballard","IND",123,477,0,0,0,3.9,15.1,0.1,2.4,2.9,19.3,0.1,0,0,0,NA,NA,NA,NA,NA,NA,NA,NA,NA,NA,NA,4.72
"MICHAELBURTON","RB","yahoo","Michael Burton","DET",124,478,0,0,0,4,12.8,0.2,2.1,2.8,17.9,0.1,0,0,0,NA,NA,NA,NA,NA,NA,NA,NA,NA,NA,NA,4.7
"KERWYNNWILLIAMS","RB","yahoo","Kerwynn Williams","ARZ",125,479,0,0,0,3.9,14.9,0.1,2.2,2.7,18,0.1,0,0,0,NA,NA,NA,NA,NA,NA,NA,NA,NA,NA,NA,4.33
"BRANDONTATE","WR","yahoo","Brandon Tate","CIN",156,480,0,0,0,0,0,0,1.4,2.4,18.1,0.1,0.3,0,0,NA,NA,NA,NA,NA,NA,NA,NA,NA,NA,NA,4.33
"TOMMYBOHANON","RB","yahoo","Tommy Bohanon","NYJ",126,481,0,0,0,3.9,12.6,0.1,1.9,2.5,16.4,0.1,0,0,0,NA,NA,NA,NA,NA,NA,NA,NA,NA,NA,NA,4.28
"DERRICKCOLEMAN","RB","yahoo","Derrick Coleman","SEA",127,482,0,0,0,0,0,0,3.2,4.1,28.2,0.2,0,0,0,NA,NA,NA,NA,NA,NA,NA,NA,NA,NA,NA,4.27
"ALANBONNER","WR","yahoo","Alan Bonner","HOU",157,483,0,0,0,2.3,15.1,0,1.5,2.5,20.3,0.1,0,0,0,NA,NA,NA,NA,NA,NA,NA,NA,NA,NA,NA,4.25
"DONALDBROWN","RB","yahoo","Donald Brown","SD",128,484,0,0,0,4,15.3,0.1,2.2,2.6,17.7,0.1,0,0,0,NA,NA,NA,NA,NA,NA,NA,NA,NA,NA,NA,4.22
"TRAVARISCADET","RB","yahoo","Travaris Cadet","NE",129,485,0,0,0,2.8,11,0.1,2.5,3.2,19.5,0.1,0,0,0.1,NA,NA,NA,NA,NA,NA,NA,NA,NA,NA,NA,4.07
"MALCOLMJOHNSON","RB","yahoo","Malcolm Johnson","CLE",130,486,0,0,0,0,0,0,3.4,4.5,29.3,0.2,0,0,0,NA,NA,NA,NA,NA,NA,NA,NA,NA,NA,NA,3.83
"GUSJOHNSON","RB","yahoo","Gus Johnson","DAL",131,487,0,0,0,2.3,8.8,0.1,2,2.5,16.7,0.1,0,0,0,NA,NA,NA,NA,NA,NA,NA,NA,NA,NA,NA,3.58
"MYLESWHITE","WR","yahoo","Myles White","GB",158,488,0,0,0,0,0,0,1.6,2.5,25.1,0.2,0,0,0,NA,NA,NA,NA,NA,NA,NA,NA,NA,NA,NA,3.55
"DURONCARTER","WR","yahoo","Duron Carter","IND",159,489,0,0,0,0,0,0,1.8,2.9,23,0.2,0,0,0,NA,NA,NA,NA,NA,NA,NA,NA,NA,NA,NA,3.47
"KENNARDBACKMAN","TE","yahoo","Kennard Backman","GB",85,490,0,0,0,0,0,0,1.8,2.5,20.2,0.2,0,0,0,NA,NA,NA,NA,NA,NA,NA,NA,NA,NA,NA,3.37
"JAYPROSCH","RB","yahoo","Jay Prosch","HOU",132,491,0,0,0,2.3,7.3,0.1,1.9,2.5,16.6,0.1,0,0,0,NA,NA,NA,NA,NA,NA,NA,NA,NA,NA,NA,3.34
"ADRIENROBINSON","TE","yahoo","Adrien Robinson","NYG",86,492,0,0,0,0,0,0,1.9,2.9,21.8,0.2,0,0,0,NA,NA,NA,NA,NA,NA,NA,NA,NA,NA,NA,3.32
"ERICWEEMS","WR","yahoo","Eric Weems","ATL",160,493,0,0,0,0,0,0,1.8,2.8,24.5,0.1,0,0,0,NA,NA,NA,NA,NA,NA,NA,NA,NA,NA,NA,3.29
"TREMCBRIDE","WR","yahoo","Tre McBride","TEN",161,494,0,0,0,0,0,0,1.5,2.4,19.7,0.1,0.1,0,0,NA,NA,NA,NA,NA,NA,NA,NA,NA,NA,NA,3.23
"IFEANYIMOMAH","TE","yahoo","Ifeanyi Momah","ARZ",87,495,0,0,0,0,0,0,1.9,2.7,22.2,0.2,0,0,0,NA,NA,NA,NA,NA,NA,NA,NA,NA,NA,NA,3.23
"TREYBURTON","TE","yahoo","Trey Burton","PHI",88,496,0,0,0,0,0,0,1.8,2.6,20.1,0.2,0,0,0,NA,NA,NA,NA,NA,NA,NA,NA,NA,NA,NA,3.07
"BEARPASCOE","TE","yahoo","Bear Pascoe","CHI",89,497,0,0,0,0,0,0,1.9,2.8,21,0.2,0,0,0,NA,NA,NA,NA,NA,NA,NA,NA,NA,NA,NA,3.04
"NICKBOYLE","TE","yahoo","Nick Boyle","BAL",90,498,0,0,0,0,0,0,1.8,2.6,20.4,0.2,0,0,0,NA,NA,NA,NA,NA,NA,NA,NA,NA,NA,NA,3.04
"SEYIAJIROTUTU","WR","yahoo","Seyi Ajirotutu","PHI",162,499,0,0,0,0,0,0,1.6,2.6,20.6,0.1,0,0,0,NA,NA,NA,NA,NA,NA,NA,NA,NA,NA,NA,2.9
"DARRENWALLER","WR","yahoo","Darren Waller","BAL",163,500,0,0,0,0,0,0,1.7,2.6,21,0.1,0,0,0,NA,NA,NA,NA,NA,NA,NA,NA,NA,NA,NA,2.88
"TIMWRIGHT","TE","yahoo","Tim Wright","TB",91,501,0,0,0,0,0,0,1.8,2.6,20.3,0.1,0,0,0,NA,NA,NA,NA,NA,NA,NA,NA,NA,NA,NA,2.77
"CHASEFORD","TE","yahoo","Chase Ford","MIN",92,502,0,0,0,0,0,0,1.7,2.4,19.5,0.1,0,0,0,NA,NA,NA,NA,NA,NA,NA,NA,NA,NA,NA,2.72
"CJUZOMAH","TE","yahoo","C.J. Uzomah","CIN",93,503,0,0,0,0,0,0,1.7,2.4,19.5,0.1,0,0,0,NA,NA,NA,NA,NA,NA,NA,NA,NA,NA,NA,2.7
"BRANDONWILLIAMS","TE","yahoo","Brandon Williams","CAR",94,504,0,0,0,0,0,0,1.6,2.4,17.9,0.2,0,0,0,NA,NA,NA,NA,NA,NA,NA,NA,NA,NA,NA,2.66
"SHAUNDRAUGHN","RB","yahoo","Shaun Draughn","CLE",133,505,0,0,0,4.5,17.8,0.2,0,0,0,0,0,0,0,NA,NA,NA,NA,NA,NA,NA,NA,NA,NA,NA,2.63
"BROCKOSWEILER","QB","yahoo","Brock Osweiler","DEN",51,506,19.8,0.1,0.1,2.3,7,0.1,0,0,0,0,0,0,0,NA,NA,NA,NA,NA,NA,NA,NA,NA,NA,NA,2.56
"BRENTONBERSIN","WR","yahoo","Brenton Bersin","CAR",164,507,0,0,0,0,0,0,1.4,2.4,18.7,0.1,0,0,0,NA,NA,NA,NA,NA,NA,NA,NA,NA,NA,NA,2.55
"ANTHONYMCCOY","TE","yahoo","Anthony McCoy","SEA",95,508,0,0,0,0,0,0,1.4,2.1,15.8,0.2,0,0,0,NA,NA,NA,NA,NA,NA,NA,NA,NA,NA,NA,2.54
"CHRISHARPER","WR","yahoo","Chris Harper","NE",165,509,0,0,0,0,0,0,1.4,2.2,18.4,0.1,0,0,0,NA,NA,NA,NA,NA,NA,NA,NA,NA,NA,NA,2.53
"MARCMARIANI","WR","yahoo","Marc Mariani","CHI",166,510,0,0,0,0,0,0,0.6,1,8.2,0,0.2,0,0,NA,NA,NA,NA,NA,NA,NA,NA,NA,NA,NA,2.53
"BOOBIEDIXON","RB","yahoo","Boobie Dixon","BUF",134,511,0,0,0,4.7,18.3,0.1,0,0,0,0,0,0,0,NA,NA,NA,NA,NA,NA,NA,NA,NA,NA,NA,2.52
"AARONDOBSON","WR","yahoo","Aaron Dobson","NE",167,512,0,0,0,0,0,0,1.4,2.2,18.3,0.1,0,0,0,NA,NA,NA,NA,NA,NA,NA,NA,NA,NA,NA,2.52
"JORDANTODMAN","RB","yahoo","Jordan Todman","CAR",135,513,0,0,0,4.5,17.6,0.1,0,0,0,0,0,0,0,NA,NA,NA,NA,NA,NA,NA,NA,NA,NA,NA,2.43
"THOMASRAWLS","RB","yahoo","Thomas Rawls","SEA",136,514,0,0,0,4.5,17.6,0.1,0,0,0,0,0,0,0,NA,NA,NA,NA,NA,NA,NA,NA,NA,NA,NA,2.42
"HENRYHYNOSKI","RB","yahoo","Henry Hynoski","NYG",137,515,0,0,0,4.2,13.4,0.2,0,0,0,0,0,0,0,NA,NA,NA,NA,NA,NA,NA,NA,NA,NA,NA,2.41
"DENARIUSMOORE","WR","yahoo","Denarius Moore","CIN",168,516,0,0,0,0,0,0,1.4,2.4,18.2,0.1,0,0,0,NA,NA,NA,NA,NA,NA,NA,NA,NA,NA,NA,2.41
"FITZGERALDTOUSSAINT","RB","yahoo","Fitzgerald Toussaint","BAL",138,517,0,0,0,4.2,16.5,0.1,0,0,0,0,0,0,0,NA,NA,NA,NA,NA,NA,NA,NA,NA,NA,NA,2.3
"NICKOLEARY","TE","yahoo","Nick O'Leary","BUF",96,518,0,0,0,0,0,0,1.4,2.2,16.2,0.1,0,0,0,NA,NA,NA,NA,NA,NA,NA,NA,NA,NA,NA,2.28
"BRUCEGRADKOWSKI","QB","yahoo","Bruce Gradkowski","PIT",52,519,38.3,0.2,0.2,0.2,0.7,0,0,0,0,0,0,0,0.1,NA,NA,NA,NA,NA,NA,NA,NA,NA,NA,NA,2.27
"EJBIBBS","TE","yahoo","E.J. Bibbs","CLE",97,520,0,0,0,0,0,0,1.5,2.3,16.7,0.1,0,0,0,NA,NA,NA,NA,NA,NA,NA,NA,NA,NA,NA,2.27
"JOHNCROCKETT","RB","yahoo","John Crockett","GB",139,521,0,0,0,4.1,16.1,0.1,0,0,0,0,0,0,0,NA,NA,NA,NA,NA,NA,NA,NA,NA,NA,NA,2.18
"VINCEMAYLE","WR","yahoo","Vince Mayle","CLE",169,522,0,0,0,0,0,0,1.3,2.3,16.3,0.1,0,0,0,NA,NA,NA,NA,NA,NA,NA,NA,NA,NA,NA,2.1
"MIKEJAMES","RB","yahoo","Mike James","TB",140,523,0,0,0,3.8,14.6,0.1,0,0,0,0,0,0,0,NA,NA,NA,NA,NA,NA,NA,NA,NA,NA,NA,1.99
"MARQUISEGOODWIN","WR","yahoo","Marquise Goodwin","BUF",170,524,0,0,0,0,0,0,1.1,2,15,0.1,0,0,0,NA,NA,NA,NA,NA,NA,NA,NA,NA,NA,NA,1.96
"COREYGRANT","RB","yahoo","Corey Grant","JAC",141,525,0,0,0,3.7,14.3,0.1,0,0,0,0,0,0,0,NA,NA,NA,NA,NA,NA,NA,NA,NA,NA,NA,1.89
"BRANDONGIBSON","WR","yahoo","Brandon Gibson","NE",171,526,0,0,0,0,0,0,0.9,1.5,12.4,0.1,0,0,0,NA,NA,NA,NA,NA,NA,NA,NA,NA,NA,NA,1.7
"MATTHASSELBECK","QB","yahoo","Matt Hasselbeck","IND",53,527,23.2,0.2,0.1,0.1,0.2,0,0,0,0,0,0,0,0,NA,NA,NA,NA,NA,NA,NA,NA,NA,NA,NA,1.55
"CHASEREYNOLDS","RB","yahoo","Chase Reynolds","STL",142,528,0,0,0,2.5,9.7,0.1,0.2,0.3,2,0,0,0,0,NA,NA,NA,NA,NA,NA,NA,NA,NA,NA,NA,1.55
"MARCUSEASLEY","WR","yahoo","Marcus Easley","BUF",172,529,0,0,0,0,0,0,0.9,1.5,11.6,0.1,0,0,0,NA,NA,NA,NA,NA,NA,NA,NA,NA,NA,NA,1.54
"RICHARDGORDON","TE","yahoo","Richard Gordon","KC",98,530,0,0,0,0,0,0,0.9,1.3,10.3,0.1,0,0,0,NA,NA,NA,NA,NA,NA,NA,NA,NA,NA,NA,1.45
"DEMETRIUSHARRIS","TE","yahoo","Demetrius Harris","KC",99,531,0,0,0,0,0,0,0.9,1.2,9.7,0.1,0,0,0,NA,NA,NA,NA,NA,NA,NA,NA,NA,NA,NA,1.37
"KENJONBARNER","RB","yahoo","Kenjon Barner","PHI",143,532,0,0,0,2.3,9.1,0.1,0,0,0,0,0,0,0,NA,NA,NA,NA,NA,NA,NA,NA,NA,NA,NA,1.36
"SCOTTTOLZIEN","QB","yahoo","Scott Tolzien","GB",54,533,20.1,0.2,0.1,0.2,0.5,0,0,0,0,0,0,0,0,NA,NA,NA,NA,NA,NA,NA,NA,NA,NA,NA,1.34
"LUKEMCCOWN","QB","yahoo","Luke McCown","NO",55,534,21.4,0.1,0.1,0.2,0.5,0,0,0,0,0,0,0,0,NA,NA,NA,NA,NA,NA,NA,NA,NA,NA,NA,1.32
"CEDRICPEERMAN","RB","yahoo","Cedric Peerman","CIN",144,535,0,0,0,2.3,9,0.1,0,0,0,0,0,0,0,NA,NA,NA,NA,NA,NA,NA,NA,NA,NA,NA,1.31
"KEVINNORWOOD","WR","yahoo","Kevin Norwood","SEA",173,536,0,0,0,0,0,0,0.7,1,9.3,0.1,0,0,0,NA,NA,NA,NA,NA,NA,NA,NA,NA,NA,NA,1.29
"DANORLOVSKY","QB","yahoo","Dan Orlovsky","DET",56,537,21.3,0.1,0.1,0,0.1,0,0,0,0,0,0,0,0,NA,NA,NA,NA,NA,NA,NA,NA,NA,NA,NA,1.28
"KELLENCLEMENS","QB","yahoo","Kellen Clemens","SD",57,538,21.1,0.1,0.1,0.1,0.3,0,0,0,0,0,0,0,0,NA,NA,NA,NA,NA,NA,NA,NA,NA,NA,NA,1.26
"MATTMOORE","QB","yahoo","Matt Moore","MIA",58,539,20.8,0.1,0.1,0.1,0.3,0,0,0,0,0,0,0,0,NA,NA,NA,NA,NA,NA,NA,NA,NA,NA,NA,1.25
"MIKEGLENNON","QB","yahoo","Mike Glennon","TB",59,540,21.8,0.1,0.1,0.1,0.2,0,0,0,0,0,0,0,0,NA,NA,NA,NA,NA,NA,NA,NA,NA,NA,NA,1.23
"TARVARISJACKSON","QB","yahoo","Tarvaris Jackson","SEA",60,541,17.6,0.1,0.1,0.1,0.4,0,0,0,0,0,0,0,0,NA,NA,NA,NA,NA,NA,NA,NA,NA,NA,NA,1.19
"RYANNASSIB","QB","yahoo","Ryan Nassib","NYG",61,542,20.2,0.1,0.1,0.1,0.3,0,0,0,0,0,0,0,0,NA,NA,NA,NA,NA,NA,NA,NA,NA,NA,NA,1.18
"TJYATES","QB","yahoo","T.J. Yates","ATL",62,543,20,0.1,0.1,0.1,0.3,0,0,0,0,0,0,0,0,NA,NA,NA,NA,NA,NA,NA,NA,NA,NA,NA,1.17
"MATTSCHAUB","QB","yahoo","Matt Schaub","BAL",63,544,19.5,0.1,0.1,0,0.1,0,0,0,0,0,0,0,0,NA,NA,NA,NA,NA,NA,NA,NA,NA,NA,NA,1.15
"SHAUNHILL","QB","yahoo","Shaun Hill","MIN",64,545,19.9,0.1,0.1,0.1,0.3,0,0,0,0,0,0,0,0,NA,NA,NA,NA,NA,NA,NA,NA,NA,NA,NA,1.13
"JARRYDHAYNE","RB","yahoo","Jarryd Hayne","SF",145,546,0,0,0,2.1,8.1,0.1,0,0,0,0,0,0,0,NA,NA,NA,NA,NA,NA,NA,NA,NA,NA,NA,1.12
"TREYWILLIAMS","RB","yahoo","Trey Williams","WAS",146,547,0,0,0,1.9,7.4,0.1,0,0,0,0,0,0,0,NA,NA,NA,NA,NA,NA,NA,NA,NA,NA,NA,1.09
"CHADHENNE","QB","yahoo","Chad Henne","JAC",65,548,19.1,0.1,0.1,0.1,0.3,0,0,0,0,0,0,0,0,NA,NA,NA,NA,NA,NA,NA,NA,NA,NA,NA,1.07
"CHRISTIANPONDER","QB","yahoo","Christian Ponder","OAK",66,549,19.3,0.1,0.1,0.2,0.7,0,0,0,0,0,0,0,0,NA,NA,NA,NA,NA,NA,NA,NA,NA,NA,NA,1.05
"ZACHMETTENBERGER","QB","yahoo","Zach Mettenberger","TEN",67,550,19.3,0.1,0.1,0,0.1,0,0,0,0,0,0,0,0,NA,NA,NA,NA,NA,NA,NA,NA,NA,NA,NA,1.04
"SENORISEPERRY","RB","yahoo","Senorise Perry","CHI",147,551,0,0,0,1.9,7.5,0,0,0,0,0,0,0,0,NA,NA,NA,NA,NA,NA,NA,NA,NA,NA,NA,0.98
"AJMCCARRON","QB","yahoo","AJ McCarron","CIN",68,552,16.2,0.1,0.1,0.1,0.3,0,0,0,0,0,0,0,0,NA,NA,NA,NA,NA,NA,NA,NA,NA,NA,NA,0.93
"BRYCEPETTY","QB","yahoo","Bryce Petty","NYJ",69,553,4.7,0,0,0,0.1,0,0,0,0,0,0,0,0,NA,NA,NA,NA,NA,NA,NA,NA,NA,NA,NA,0.27
"RYANLINDLEY","QB","yahoo","Ryan Lindley","NE",70,554,4.6,0,0,0,0,0,0,0,0,0,0,0,0,NA,NA,NA,NA,NA,NA,NA,NA,NA,NA,NA,0.26
"PATDEVLIN","QB","yahoo","Pat Devlin","CLE",71,555,0,0,0,0,0,0,0,0,0,0,0,0,0,NA,NA,NA,NA,NA,NA,NA,NA,NA,NA,NA,0
"DUSTINVAUGHAN","QB","yahoo","Dustin Vaughan","DAL",72,556,0,0,0,0,0,0,0,0,0,0,0,0,0,NA,NA,NA,NA,NA,NA,NA,NA,NA,NA,NA,0
"CHARLIEWHITEHURST","QB","yahoo","Charlie Whitehurst","TEN",73,557,0,0,0,0,0,0,0,0,0,0,0,0,0,NA,NA,NA,NA,NA,NA,NA,NA,NA,NA,NA,0
"GARRETTGRAYSON","QB","yahoo","Garrett Grayson","NO",74,558,0,0,0,0,0,0,0,0,0,0,0,0,0,NA,NA,NA,NA,NA,NA,NA,NA,NA,NA,NA,0
"CHASERETTIG","QB","yahoo","Chase Rettig","SD",75,559,0,0,0,0,0,0,0,0,0,0,0,0,0,NA,NA,NA,NA,NA,NA,NA,NA,NA,NA,NA,0
"SEANMANNION","QB","yahoo","Sean Mannion","STL",76,560,0,0,0,0,0,0,0,0,0,0,0,0,0,NA,NA,NA,NA,NA,NA,NA,NA,NA,NA,NA,0
"STEPHENMORRIS","QB","yahoo","Stephen Morris","JAC",77,561,0,0,0,0,0,0,0,0,0,0,0,0,0,NA,NA,NA,NA,NA,NA,NA,NA,NA,NA,NA,0
"TAJHBOYD","QB","yahoo","Tajh Boyd","PIT",78,562,0,0,0,0,0,0,0,0,0,0,0,0,0,NA,NA,NA,NA,NA,NA,NA,NA,NA,NA,NA,0
"KEITHWENNING","QB","yahoo","Keith Wenning","CIN",79,563,0,0,0,0,0,0,0,0,0,0,0,0,0,NA,NA,NA,NA,NA,NA,NA,NA,NA,NA,NA,0
"GARRETTGILBERT","QB","yahoo","Garrett Gilbert","DET",80,564,0,0,0,0,0,0,0,0,0,0,0,0,0,NA,NA,NA,NA,NA,NA,NA,NA,NA,NA,NA,0
"BRYNRENNER","QB","yahoo","Bryn Renner","BAL",81,565,0,0,0,0,0,0,0,0,0,0,0,0,0,NA,NA,NA,NA,NA,NA,NA,NA,NA,NA,NA,0
"SETHLOBATO","QB","yahoo","Seth Lobato","TB",82,566,0,0,0,0,0,0,0,0,0,0,0,0,0,NA,NA,NA,NA,NA,NA,NA,NA,NA,NA,NA,0
"BRETTHUNDLEY","QB","yahoo","Brett Hundley","GB",83,567,0,0,0,0,0,0,0,0,0,0,0,0,0,NA,NA,NA,NA,NA,NA,NA,NA,NA,NA,NA,0
"CONNORSHAW","QB","yahoo","Connor Shaw","CLE",84,568,0,0,0,0,0,0,0,0,0,0,0,0,0,NA,NA,NA,NA,NA,NA,NA,NA,NA,NA,NA,0
"TREVORSIEMIAN","QB","yahoo","Trevor Siemian","DEN",85,569,0,0,0,0,0,0,0,0,0,0,0,0,0,NA,NA,NA,NA,NA,NA,NA,NA,NA,NA,NA,0
"DEVINGARDNER","QB","yahoo","Devin Gardner","PIT",86,570,0,0,0,0,0,0,0,0,0,0,0,0,0,NA,NA,NA,NA,NA,NA,NA,NA,NA,NA,NA,0
"CODYFAJARDO","QB","yahoo","Cody Fajardo","OAK",87,571,0,0,0,0,0,0,0,0,0,0,0,0,0,NA,NA,NA,NA,NA,NA,NA,NA,NA,NA,NA,0
"JERRYLOVELOCKE","QB","yahoo","Jerry Lovelocke","BAL",88,572,0,0,0,0,0,0,0,0,0,0,0,0,0,NA,NA,NA,NA,NA,NA,NA,NA,NA,NA,NA,0
"JAMEILLSHOWERS","QB","yahoo","Jameill Showers","DAL",89,573,0,0,0,0,0,0,0,0,0,0,0,0,0,NA,NA,NA,NA,NA,NA,NA,NA,NA,NA,NA,0
"PHILLIPSIMS","QB","yahoo","Phillip Sims","ARZ",90,574,0,0,0,0,0,0,0,0,0,0,0,0,0,NA,NA,NA,NA,NA,NA,NA,NA,NA,NA,NA,0
"HUTSONMASON","QB","yahoo","Hutson Mason","WAS",91,575,0,0,0,0,0,0,0,0,0,0,0,0,0,NA,NA,NA,NA,NA,NA,NA,NA,NA,NA,NA,0
"JAKEHEAPS","QB","yahoo","Jake Heaps","NYJ",92,576,0,0,0,0,0,0,0,0,0,0,0,0,0,NA,NA,NA,NA,NA,NA,NA,NA,NA,NA,NA,0
"ANTHONYBOONE","QB","yahoo","Anthony Boone","DET",93,577,0,0,0,0,0,0,0,0,0,0,0,0,0,NA,NA,NA,NA,NA,NA,NA,NA,NA,NA,NA,0
"CONNORHALLIDAY","QB","yahoo","Connor Halliday","WAS",94,578,0,0,0,0,0,0,0,0,0,0,0,0,0,NA,NA,NA,NA,NA,NA,NA,NA,NA,NA,NA,0
"SHANECARDEN","QB","yahoo","Shane Carden","CHI",95,579,0,0,0,0,0,0,0,0,0,0,0,0,0,NA,NA,NA,NA,NA,NA,NA,NA,NA,NA,NA,0
"COLESTOUDT","QB","yahoo","Cole Stoudt","SD",96,580,0,0,0,0,0,0,0,0,0,0,0,0,0,NA,NA,NA,NA,NA,NA,NA,NA,NA,NA,NA,0
"TYLERMURPHY","QB","yahoo","Tyler Murphy","PIT",97,581,0,0,0,0,0,0,0,0,0,0,0,0,0,NA,NA,NA,NA,NA,NA,NA,NA,NA,NA,NA,0
"BRYANBENNETT","QB","yahoo","Bryan Bennett","IND",98,582,0,0,0,0,0,0,0,0,0,0,0,0,0,NA,NA,NA,NA,NA,NA,NA,NA,NA,NA,NA,0
"DYLANTHOMPSON","QB","yahoo","Dylan Thompson","SF",99,583,0,0,0,0,0,0,0,0,0,0,0,0,0,NA,NA,NA,NA,NA,NA,NA,NA,NA,NA,NA,0
"JAKEWATERS","QB","yahoo","Jake Waters","SEA",100,584,0,0,0,0,0,0,0,0,0,0,0,0,0,NA,NA,NA,NA,NA,NA,NA,NA,NA,NA,NA,0
"TAYLORHEINICKE","QB","yahoo","Taylor Heinicke","MIN",101,585,0,0,0,0,0,0,0,0,0,0,0,0,0,NA,NA,NA,NA,NA,NA,NA,NA,NA,NA,NA,0
"DAVIDFALES","QB","yahoo","David Fales","CHI",102,586,0,0,0,0,0,0,0,0,0,0,0,0,0,NA,NA,NA,NA,NA,NA,NA,NA,NA,NA,NA,0
"AARONMURRAY","QB","yahoo","Aaron Murray","KC",103,587,0,0,0,0,0,0,0,0,0,0,0,0,0,NA,NA,NA,NA,NA,NA,NA,NA,NA,NA,NA,0
"ALEXTANNEY","QB","yahoo","Alex Tanney","TEN",104,588,0,0,0,0,0,0,0,0,0,0,0,0,0,NA,NA,NA,NA,NA,NA,NA,NA,NA,NA,NA,0
"CASEKEENUM","QB","yahoo","Case Keenum","STL",105,589,0,0,0,0,0,0,0,0,0,0,0,0,0,NA,NA,NA,NA,NA,NA,NA,NA,NA,NA,NA,0
"MATTBLANCHARD","QB","yahoo","Matt Blanchard","GB",106,590,0,0,0,0,0,0,0,0,0,0,0,0,0,NA,NA,NA,NA,NA,NA,NA,NA,NA,NA,NA,0
"MIKEKAFKA","QB","yahoo","Mike Kafka","MIN",107,591,0,0,0,0,0,0,0,0,0,0,0,0,0,NA,NA,NA,NA,NA,NA,NA,NA,NA,NA,NA,0
"TIMTEBOW","QB","yahoo","Tim Tebow","PHI",108,592,0,0,0,0,0,0,0,0,0,0,0,0,0,NA,NA,NA,NA,NA,NA,NA,NA,NA,NA,NA,0
"MATTBARKLEY","QB","yahoo","Matt Barkley","PHI",109,593,0,0,0,0,0,0,0,0,0,0,0,0,0,NA,NA,NA,NA,NA,NA,NA,NA,NA,NA,NA,0
"JOSHFREEMAN","QB","yahoo","Josh Freeman","MIA",110,594,0,0,0,0,0,0,0,0,0,0,0,0,0,NA,NA,NA,NA,NA,NA,NA,NA,NA,NA,NA,0
"KELLENMOORE","QB","yahoo","Kellen Moore","DET",111,595,0,0,0,0,0,0,0,0,0,0,0,0,0,NA,NA,NA,NA,NA,NA,NA,NA,NA,NA,NA,0
"JOEWEBB","QB","yahoo","Joe Webb","CAR",112,596,0,0,0,0,0,0,0,0,0,0,0,0,0,NA,NA,NA,NA,NA,NA,NA,NA,NA,NA,NA,0
"RICKYSTANZI","QB","yahoo","Ricky Stanzi","NYG",113,597,0,0,0,0,0,0,0,0,0,0,0,0,0,NA,NA,NA,NA,NA,NA,NA,NA,NA,NA,NA,0
"RJARCHER","QB","yahoo","R.J. Archer","SEA",114,598,0,0,0,0,0,0,0,0,0,0,0,0,0,NA,NA,NA,NA,NA,NA,NA,NA,NA,NA,NA,0
"THADDEUSLEWIS","QB","yahoo","Thaddeus Lewis","CLE",115,599,0,0,0,0,0,0,0,0,0,0,0,0,0,NA,NA,NA,NA,NA,NA,NA,NA,NA,NA,NA,0
"CHANDLERHARNISH","QB","yahoo","Chandler Harnish","ARZ",116,600,0,0,0,0,0,0,0,0,0,0,0,0,0,NA,NA,NA,NA,NA,NA,NA,NA,NA,NA,NA,0
"MATTSIMMS","QB","yahoo","Matt Simms","BUF",117,601,0,0,0,0,0,0,0,0,0,0,0,0,0,NA,NA,NA,NA,NA,NA,NA,NA,NA,NA,NA,0
"GJKINNE","QB","yahoo","G.J. Kinne","PHI",118,602,0,0,0,0,0,0,0,0,0,0,0,0,0,NA,NA,NA,NA,NA,NA,NA,NA,NA,NA,NA,0
"JASONCAMPBELL","QB","yahoo","Jason Campbell","CIN",119,603,0,0,0,0,0,0,0,0,0,0,0,0,0,NA,NA,NA,NA,NA,NA,NA,NA,NA,NA,NA,0
"LANDRYJONES","QB","yahoo","Landry Jones","PIT",120,604,0,0,0,0,0,0,0,0,0,0,0,0,0,NA,NA,NA,NA,NA,NA,NA,NA,NA,NA,NA,0
"MATTFLYNN","QB","yahoo","Matt Flynn","NYJ",121,605,0,0,0,0,0,0,0,0,0,0,0,0,0,NA,NA,NA,NA,NA,NA,NA,NA,NA,NA,NA,0
"REXGROSSMAN","QB","yahoo","Rex Grossman","ATL",122,606,0,0,0,0,0,0,0,0,0,0,0,0,0,NA,NA,NA,NA,NA,NA,NA,NA,NA,NA,NA,0
"KYLEORTON","QB","yahoo","Kyle Orton","BUF",123,607,0,0,0,0,0,0,0,0,0,0,0,0,0,NA,NA,NA,NA,NA,NA,NA,NA,NA,NA,NA,0
"JOSHJOHNSON","QB","yahoo","Josh Johnson","NYJ",124,608,0,0,0,0,0,0,0,0,0,0,0,0,0,NA,NA,NA,NA,NA,NA,NA,NA,NA,NA,NA,0
"LOGANTHOMAS","QB","yahoo","Logan Thomas","ARZ",125,609,0,0,0,0,0,0,0,0,0,0,0,0,0,NA,NA,NA,NA,NA,NA,NA,NA,NA,NA,NA,0
"MCLEODBETHELTHOMPSON","QB","yahoo","McLeod Bethel-Thompson","MIA",126,610,0,0,0,0,0,0,0,0,0,0,0,0,0,NA,NA,NA,NA,NA,NA,NA,NA,NA,NA,NA,0
"MATTMCGLOIN","QB","yahoo","Matt McGloin","OAK",127,611,0,0,0,0,0,0,0,0,0,0,0,0,0,NA,NA,NA,NA,NA,NA,NA,NA,NA,NA,NA,0
"TYLERBRAY","QB","yahoo","Tyler Bray","KC",128,612,0,0,0,0,0,0,0,0,0,0,0,0,0,NA,NA,NA,NA,NA,NA,NA,NA,NA,NA,NA,0
"ZACDYSERT","QB","yahoo","Zac Dysert","DEN",129,613,0,0,0,0,0,0,0,0,0,0,0,0,0,NA,NA,NA,NA,NA,NA,NA,NA,NA,NA,NA,0
"BRADSORENSEN","QB","yahoo","Brad Sorensen","SD",130,614,0,0,0,0,0,0,0,0,0,0,0,0,0,NA,NA,NA,NA,NA,NA,NA,NA,NA,NA,NA,0
"BJDANIELS","QB","yahoo","B.J. Daniels","SEA",131,615,0,0,0,0,0,0,0,0,0,0,0,0,0,NA,NA,NA,NA,NA,NA,NA,NA,NA,NA,NA,0
"SEANRENFREE","QB","yahoo","Sean Renfree","ATL",132,616,0,0,0,0,0,0,0,0,0,0,0,0,0,NA,NA,NA,NA,NA,NA,NA,NA,NA,NA,NA,0
"JEFFTUEL","QB","yahoo","Jeff Tuel","JAC",133,617,0,0,0,0,0,0,0,0,0,0,0,0,0,NA,NA,NA,NA,NA,NA,NA,NA,NA,NA,NA,0
"RYANGRIFFIN","QB","yahoo","Ryan Griffin","NO",134,618,0,0,0,0,0,0,0,0,0,0,0,0,0,NA,NA,NA,NA,NA,NA,NA,NA,NA,NA,NA,0
"TOMSAVAGE","QB","yahoo","Tom Savage","HOU",135,619,0,0,0,0,0,0,0,0,0,0,0,0,0,NA,NA,NA,NA,NA,NA,NA,NA,NA,NA,NA,0
"MICHAELDYER","RB","yahoo","Michael Dyer","OAK",148,620,0,0,0,0,0,0,0,0,0,0,0,0,0,NA,NA,NA,NA,NA,NA,NA,NA,NA,NA,NA,0
"MACKBROWN","RB","yahoo","Mack Brown","WAS",149,621,0,0,0,0,0,0,0,0,0,0,0,0,0,NA,NA,NA,NA,NA,NA,NA,NA,NA,NA,NA,0
"ABOUTOURE","RB","yahoo","Abou Toure","IND",150,622,0,0,0,0,0,0,0,0,0,0,0,0,0,NA,NA,NA,NA,NA,NA,NA,NA,NA,NA,NA,0
"MANASSEHGARNER","RB","yahoo","Manasseh Garner","CLE",151,623,0,0,0,0,0,0,0,0,0,0,0,0,0,NA,NA,NA,NA,NA,NA,NA,NA,NA,NA,NA,0
"LAVANCETAYLOR","RB","yahoo","LaVance Taylor","KC",152,624,0,0,0,0,0,0,0,0,0,0,0,0,0,NA,NA,NA,NA,NA,NA,NA,NA,NA,NA,NA,0
"BRAYLONHEARD","RB","yahoo","Braylon Heard","PIT",153,625,0,0,0,0,0,0,0,0,0,0,0,0,0,NA,NA,NA,NA,NA,NA,NA,NA,NA,NA,NA,0
"TONYCREECY","RB","yahoo","Tony Creecy","NE",154,626,0,0,0,0,0,0,0,0,0,0,0,0,0,NA,NA,NA,NA,NA,NA,NA,NA,NA,NA,NA,0
"COREYKNOX","RB","yahoo","Corey Knox","BUF",155,627,0,0,0,0,0,0,0,0,0,0,0,0,0,NA,NA,NA,NA,NA,NA,NA,NA,NA,NA,NA,0
"GLENNWINSTON","RB","yahoo","Glenn Winston","CLE",156,628,0,0,0,0,0,0,0,0,0,0,0,0,0,NA,NA,NA,NA,NA,NA,NA,NA,NA,NA,NA,0
"DEMITRIUSBRONSON","RB","yahoo","Demitrius Bronson","MIA",157,629,0,0,0,0,0,0,0,0,0,0,0,0,0,NA,NA,NA,NA,NA,NA,NA,NA,NA,NA,NA,0
"RICKYSEALE","RB","yahoo","Ricky Seale","BUF",158,630,0,0,0,0,0,0,0,0,0,0,0,0,0,NA,NA,NA,NA,NA,NA,NA,NA,NA,NA,NA,0
"BRONSONHILL","RB","yahoo","Bronson Hill","BUF",159,631,0,0,0,0,0,0,0,0,0,0,0,0,0,NA,NA,NA,NA,NA,NA,NA,NA,NA,NA,NA,0
"TERRELLWATSON","RB","yahoo","Terrell Watson","CIN",160,632,0,0,0,0,0,0,0,0,0,0,0,0,0,NA,NA,NA,NA,NA,NA,NA,NA,NA,NA,NA,0
"KESHAWNHILL","RB","yahoo","Keshawn Hill","KC",161,633,0,0,0,0,0,0,0,0,0,0,0,0,0,NA,NA,NA,NA,NA,NA,NA,NA,NA,NA,NA,0
"BRANDONCOTTOM","RB","yahoo","Brandon Cottom","SEA",162,634,0,0,0,0,0,0,0,0,0,0,0,0,0,NA,NA,NA,NA,NA,NA,NA,NA,NA,NA,NA,0
"CONNORNEIGHBORS","RB","yahoo","Connor Neighbors","TEN",163,635,0,0,0,0,0,0,0,0,0,0,0,0,0,NA,NA,NA,NA,NA,NA,NA,NA,NA,NA,NA,0
"KEVINMONANGAI","RB","yahoo","Kevin Monangai","PHI",164,636,0,0,0,0,0,0,0,0,0,0,0,0,0,NA,NA,NA,NA,NA,NA,NA,NA,NA,NA,NA,0
"JAWONCHISHOLM","RB","yahoo","Jawon Chisholm","PIT",165,637,0,0,0,0,0,0,0,0,0,0,0,0,0,NA,NA,NA,NA,NA,NA,NA,NA,NA,NA,NA,0
"DESMONDMARTIN","RB","yahoo","Desmond Martin","DET",166,638,0,0,0,0,0,0,0,0,0,0,0,0,0,NA,NA,NA,NA,NA,NA,NA,NA,NA,NA,NA,0
"ZACHLASKEY","RB","yahoo","Zach Laskey","STL",167,639,0,0,0,0,0,0,0,0,0,0,0,0,0,NA,NA,NA,NA,NA,NA,NA,NA,NA,NA,NA,0
"RODSMITH","RB","yahoo","Rod Smith","SEA",168,640,0,0,0,0,0,0,0,0,0,0,0,0,0,NA,NA,NA,NA,NA,NA,NA,NA,NA,NA,NA,0
"BRANDONWEGHER","RB","yahoo","Brandon Wegher","CAR",169,641,0,0,0,0,0,0,0,0,0,0,0,0,0,NA,NA,NA,NA,NA,NA,NA,NA,NA,NA,NA,0
"DREAMIUSSMITH","RB","yahoo","Dreamius Smith","SD",170,642,0,0,0,0,0,0,0,0,0,0,0,0,0,NA,NA,NA,NA,NA,NA,NA,NA,NA,NA,NA,0
"JAHWANEDWARDS","RB","yahoo","Jahwan Edwards","SD",171,643,0,0,0,0,0,0,0,0,0,0,0,0,0,NA,NA,NA,NA,NA,NA,NA,NA,NA,NA,NA,0
"ROSSSCHEUERMAN","RB","yahoo","Ross Scheuerman","PIT",172,644,0,0,0,0,0,0,0,0,0,0,0,0,0,NA,NA,NA,NA,NA,NA,NA,NA,NA,NA,NA,0
"TYLERVARGA","RB","yahoo","Tyler Varga","IND",173,645,0,0,0,0,0,0,0,0,0,0,0,0,0,NA,NA,NA,NA,NA,NA,NA,NA,NA,NA,NA,0
"DOMINIQUEBROWN","RB","yahoo","Dominique Brown","TB",174,646,0,0,0,0,0,0,0,0,0,0,0,0,0,NA,NA,NA,NA,NA,NA,NA,NA,NA,NA,NA,0
"AKEEMHUNT","RB","yahoo","Akeem Hunt","NYG",175,647,0,0,0,0,0,0,0,0,0,0,0,0,0,NA,NA,NA,NA,NA,NA,NA,NA,NA,NA,NA,0
"RASHAUNALLEN","TE","yahoo","RaShaun Allen","SEA",100,648,0,0,0,0,0,0,0,0,0,0,0,0,0,NA,NA,NA,NA,NA,NA,NA,NA,NA,NA,NA,0
"TYLEROTT","TE","yahoo","Tyler Ott","STL",101,649,0,0,0,0,0,0,0,0,0,0,0,0,0,NA,NA,NA,NA,NA,NA,NA,NA,NA,NA,NA,0
"JEROMECUNNINGHAM","TE","yahoo","Jerome Cunningham","NYG",102,650,0,0,0,0,0,0,0,0,0,0,0,0,0,NA,NA,NA,NA,NA,NA,NA,NA,NA,NA,NA,0
"CAMERONBRATE","TE","yahoo","Cameron Brate","TB",103,651,0,0,0,0,0,0,0,0,0,0,0,0,0,NA,NA,NA,NA,NA,NA,NA,NA,NA,NA,NA,0
"KEVINGREENE","TE","yahoo","Kevin Greene","CHI",104,652,0,0,0,0,0,0,0,0,0,0,0,0,0,NA,NA,NA,NA,NA,NA,NA,NA,NA,NA,NA,0
"ANTHONYDENHAM","TE","yahoo","Anthony Denham","HOU",105,653,0,0,0,0,0,0,0,0,0,0,0,0,0,NA,NA,NA,NA,NA,NA,NA,NA,NA,NA,NA,0
"RANDALLTELFER","TE","yahoo","Randall Telfer","CLE",106,654,0,0,0,0,0,0,0,0,0,0,0,0,0,NA,NA,NA,NA,NA,NA,NA,NA,NA,NA,NA,0
"SCOTTSIMONSON","TE","yahoo","Scott Simonson","CAR",107,655,0,0,0,0,0,0,0,0,0,0,0,0,0,NA,NA,NA,NA,NA,NA,NA,NA,NA,NA,NA,0
"DANLIGHT","TE","yahoo","Dan Light","DEN",108,656,0,0,0,0,0,0,0,0,0,0,0,0,0,NA,NA,NA,NA,NA,NA,NA,NA,NA,NA,NA,0
"JEFFHEUERMAN","TE","yahoo","Jeff Heuerman","DEN",109,657,0,0,0,0,0,0,0,0,0,0,0,0,0,NA,NA,NA,NA,NA,NA,NA,NA,NA,NA,NA,0
"JOEDONDUNCAN","TE","yahoo","Joe Don Duncan","DEN",110,658,0,0,0,0,0,0,0,0,0,0,0,0,0,NA,NA,NA,NA,NA,NA,NA,NA,NA,NA,NA,0
"JAKEMURPHY","TE","yahoo","Jake Murphy","DEN",111,659,0,0,0,0,0,0,0,0,0,0,0,0,0,NA,NA,NA,NA,NA,NA,NA,NA,NA,NA,NA,0
"TAYLORSLOAT","TE","yahoo","Taylor Sloat","TB",112,660,0,0,0,0,0,0,0,0,0,0,0,0,0,NA,NA,NA,NA,NA,NA,NA,NA,NA,NA,NA,0
"CHRISMANHERTZ","TE","yahoo","Chris Manhertz","NO",113,661,0,0,0,0,0,0,0,0,0,0,0,0,0,NA,NA,NA,NA,NA,NA,NA,NA,NA,NA,NA,0
"AJDERBY","TE","yahoo","A.J. Derby","NE",114,662,0,0,0,0,0,0,0,0,0,0,0,0,0,NA,NA,NA,NA,NA,NA,NA,NA,NA,NA,NA,0
"CAMERONCLEAR","TE","yahoo","Cameron Clear","PIT",115,663,0,0,0,0,0,0,0,0,0,0,0,0,0,NA,NA,NA,NA,NA,NA,NA,NA,NA,NA,NA,0
"MITCHELLHENRY","TE","yahoo","Mitchell Henry","GB",116,664,0,0,0,0,0,0,0,0,0,0,0,0,0,NA,NA,NA,NA,NA,NA,NA,NA,NA,NA,NA,0
"WESSAXTON","TE","yahoo","Wes Saxton","NYJ",117,665,0,0,0,0,0,0,0,0,0,0,0,0,0,NA,NA,NA,NA,NA,NA,NA,NA,NA,NA,NA,0
"GABEHOLMES","TE","yahoo","Gabe Holmes","OAK",118,666,0,0,0,0,0,0,0,0,0,0,0,0,0,NA,NA,NA,NA,NA,NA,NA,NA,NA,NA,NA,0
"MATTLENGEL","TE","yahoo","Matt Lengel","CIN",119,667,0,0,0,0,0,0,0,0,0,0,0,0,0,NA,NA,NA,NA,NA,NA,NA,NA,NA,NA,NA,0
"MIKEMCFARLAND","TE","yahoo","Mike McFarland","HOU",120,668,0,0,0,0,0,0,0,0,0,0,0,0,0,NA,NA,NA,NA,NA,NA,NA,NA,NA,NA,NA,0
"KHARILEE","TE","yahoo","Khari Lee","HOU",121,669,0,0,0,0,0,0,0,0,0,0,0,0,0,NA,NA,NA,NA,NA,NA,NA,NA,NA,NA,NA,0
"DEVINMAHINA","TE","yahoo","Devin Mahina","WAS",122,670,0,0,0,0,0,0,0,0,0,0,0,0,0,NA,NA,NA,NA,NA,NA,NA,NA,NA,NA,NA,0
"MATTLACOSSE","TE","yahoo","Matt LaCosse","NYJ",123,671,0,0,0,0,0,0,0,0,0,0,0,0,0,NA,NA,NA,NA,NA,NA,NA,NA,NA,NA,NA,0
"CASEYPIERCE","TE","yahoo","Casey Pierce","DET",124,672,0,0,0,0,0,0,0,0,0,0,0,0,0,NA,NA,NA,NA,NA,NA,NA,NA,NA,NA,NA,0
"JOHNPETERS","TE","yahoo","John Peters","CIN",125,673,0,0,0,0,0,0,0,0,0,0,0,0,0,NA,NA,NA,NA,NA,NA,NA,NA,NA,NA,NA,0
"RAYHAMILTON","TE","yahoo","Ray Hamilton","PIT",126,674,0,0,0,0,0,0,0,0,0,0,0,0,0,NA,NA,NA,NA,NA,NA,NA,NA,NA,NA,NA,0
"EARNESTPETTWAY","TE","yahoo","Earnest Pettway","KC",127,675,0,0,0,0,0,0,0,0,0,0,0,0,0,NA,NA,NA,NA,NA,NA,NA,NA,NA,NA,NA,0
"LOGANSTOKES","TE","yahoo","Logan Stokes","SD",128,676,0,0,0,0,0,0,0,0,0,0,0,0,0,NA,NA,NA,NA,NA,NA,NA,NA,NA,NA,NA,0
"TEVINWESTBROOK","TE","yahoo","Tevin Westbrook","TEN",129,677,0,0,0,0,0,0,0,0,0,0,0,0,0,NA,NA,NA,NA,NA,NA,NA,NA,NA,NA,NA,0
"JIMMAYMUNDINE","TE","yahoo","Jimmay Mundine","NE",130,678,0,0,0,0,0,0,0,0,0,0,0,0,0,NA,NA,NA,NA,NA,NA,NA,NA,NA,NA,NA,0
"TIMSEMISCH","TE","yahoo","Tim Semisch","MIA",131,679,0,0,0,0,0,0,0,0,0,0,0,0,0,NA,NA,NA,NA,NA,NA,NA,NA,NA,NA,NA,0
"CHRISHIGHLAND","TE","yahoo","Chris Highland","NO",132,680,0,0,0,0,0,0,0,0,0,0,0,0,0,NA,NA,NA,NA,NA,NA,NA,NA,NA,NA,NA,0
"KEVINHAPLEA","TE","yahoo","Kevin Haplea","CLE",133,681,0,0,0,0,0,0,0,0,0,0,0,0,0,NA,NA,NA,NA,NA,NA,NA,NA,NA,NA,NA,0
"WILLTYE","TE","yahoo","Will Tye","NYG",134,682,0,0,0,0,0,0,0,0,0,0,0,0,0,NA,NA,NA,NA,NA,NA,NA,NA,NA,NA,NA,0
"ERNSTBRUN","TE","yahoo","Ernst Brun","WAS",135,683,0,0,0,0,0,0,0,0,0,0,0,0,0,NA,NA,NA,NA,NA,NA,NA,NA,NA,NA,NA,0
"ANTHONYEZEAKUNNE","TE","yahoo","Anthony Ezeakunne","CLE",136,684,0,0,0,0,0,0,0,0,0,0,0,0,0,NA,NA,NA,NA,NA,NA,NA,NA,NA,NA,NA,0
"JUSTINTUKES","TE","yahoo","Justin Tukes","PHI",137,685,0,0,0,0,0,0,0,0,0,0,0,0,0,NA,NA,NA,NA,NA,NA,NA,NA,NA,NA,NA,0
"ERICFROHNAPFEL","TE","yahoo","Eric Frohnapfel","SD",138,686,0,0,0,0,0,0,0,0,0,0,0,0,0,NA,NA,NA,NA,NA,NA,NA,NA,NA,NA,NA,0
"BRIANPARKER","TE","yahoo","Brian Parker","SD",139,687,0,0,0,0,0,0,0,0,0,0,0,0,0,NA,NA,NA,NA,NA,NA,NA,NA,NA,NA,NA,0
"BRIANVOGLER","TE","yahoo","Brian Vogler","CHI",140,688,0,0,0,0,0,0,0,0,0,0,0,0,0,NA,NA,NA,NA,NA,NA,NA,NA,NA,NA,NA,0
"ERICTOMLINSON","TE","yahoo","Eric Tomlinson","PHI",141,689,0,0,0,0,0,0,0,0,0,0,0,0,0,NA,NA,NA,NA,NA,NA,NA,NA,NA,NA,NA,0
"ANDREWGLEICHERT","TE","yahoo","Andrew Gleichert","PHI",142,690,0,0,0,0,0,0,0,0,0,0,0,0,0,NA,NA,NA,NA,NA,NA,NA,NA,NA,NA,NA,0
"GEOFFSWAIM","TE","yahoo","Geoff Swaim","DAL",143,691,0,0,0,0,0,0,0,0,0,0,0,0,0,NA,NA,NA,NA,NA,NA,NA,NA,NA,NA,NA,0
"BUSTAANDERSON","TE","yahoo","Busta Anderson","SF",144,692,0,0,0,0,0,0,0,0,0,0,0,0,0,NA,NA,NA,NA,NA,NA,NA,NA,NA,NA,NA,0
"GERALDCHRISTIAN","TE","yahoo","Gerald Christian","ARZ",145,693,0,0,0,0,0,0,0,0,0,0,0,0,0,NA,NA,NA,NA,NA,NA,NA,NA,NA,NA,NA,0
"JEANSIFRIN","TE","yahoo","Jean Sifrin","IND",146,694,0,0,0,0,0,0,0,0,0,0,0,0,0,NA,NA,NA,NA,NA,NA,NA,NA,NA,NA,NA,0
"JUSTINSINZ","TE","yahoo","Justin Sinz","IND",147,695,0,0,0,0,0,0,0,0,0,0,0,0,0,NA,NA,NA,NA,NA,NA,NA,NA,NA,NA,NA,0
"XAVIERGRIMBLE","TE","yahoo","Xavier Grimble","SF",148,696,0,0,0,0,0,0,0,0,0,0,0,0,0,NA,NA,NA,NA,NA,NA,NA,NA,NA,NA,NA,0
"CONNORHAMLETT","TE","yahoo","Connor Hamlett","JAC",149,697,0,0,0,0,0,0,0,0,0,0,0,0,0,NA,NA,NA,NA,NA,NA,NA,NA,NA,NA,NA,0
"DEONBUTLER","TE","yahoo","Deon Butler","DET",150,698,0,0,0,0,0,0,0,0,0,0,0,0,0,NA,NA,NA,NA,NA,NA,NA,NA,NA,NA,NA,0
"BEAUGARDNER","TE","yahoo","Beau Gardner","ATL",151,699,0,0,0,0,0,0,0,0,0,0,0,0,0,NA,NA,NA,NA,NA,NA,NA,NA,NA,NA,NA,0
"GANNONSINCLAIR","TE","yahoo","Gannon Sinclair","ARZ",152,700,0,0,0,0,0,0,0,0,0,0,0,0,0,NA,NA,NA,NA,NA,NA,NA,NA,NA,NA,NA,0
"HAROLDSPEARS","TE","yahoo","Harold Spears","GB",153,701,0,0,0,0,0,0,0,0,0,0,0,0,0,NA,NA,NA,NA,NA,NA,NA,NA,NA,NA,NA,0
"JACKTABB","TE","yahoo","Jack Tabb","NO",154,702,0,0,0,0,0,0,0,0,0,0,0,0,0,NA,NA,NA,NA,NA,NA,NA,NA,NA,NA,NA,0
"CLAYBURTON","TE","yahoo","Clay Burton","BUF",155,703,0,0,0,0,0,0,0,0,0,0,0,0,0,NA,NA,NA,NA,NA,NA,NA,NA,NA,NA,NA,0
"BENKOYACK","TE","yahoo","Ben Koyack","JAC",156,704,0,0,0,0,0,0,0,0,0,0,0,0,0,NA,NA,NA,NA,NA,NA,NA,NA,NA,NA,NA,0
"NICKKASA","TE","yahoo","Nick Kasa","OAK",157,705,0,0,0,0,0,0,0,0,0,0,0,0,0,NA,NA,NA,NA,NA,NA,NA,NA,NA,NA,NA,0
"BRETTBRACKETT","TE","yahoo","Brett Brackett","TEN",158,706,0,0,0,0,0,0,0,0,0,0,0,0,0,NA,NA,NA,NA,NA,NA,NA,NA,NA,NA,NA,0
"PATRICKSCALES","TE","yahoo","Patrick Scales","BAL",159,707,0,0,0,0,0,0,0,0,0,0,0,0,0,NA,NA,NA,NA,NA,NA,NA,NA,NA,NA,NA,0
"MASONBRODINE","TE","yahoo","Mason Brodine","NE",160,708,0,0,0,0,0,0,0,0,0,0,0,0,0,NA,NA,NA,NA,NA,NA,NA,NA,NA,NA,NA,0
"KYLENELSON","TE","yahoo","Kyle Nelson","SF",161,709,0,0,0,0,0,0,0,0,0,0,0,0,0,NA,NA,NA,NA,NA,NA,NA,NA,NA,NA,NA,0
"ALLENREISNER","TE","yahoo","Allen Reisner","BAL",162,710,0,0,0,0,0,0,0,0,0,0,0,0,0,NA,NA,NA,NA,NA,NA,NA,NA,NA,NA,NA,0
"KYLEMILLER","TE","yahoo","Kyle Miller","SD",163,711,0,0,0,0,0,0,0,0,0,0,0,0,0,NA,NA,NA,NA,NA,NA,NA,NA,NA,NA,NA,0
"KONRADREULAND","TE","yahoo","Konrad Reuland","BAL",164,712,0,0,0,0,0,0,0,0,0,0,0,0,0,NA,NA,NA,NA,NA,NA,NA,NA,NA,NA,NA,0
"MICHAELEGNEW","TE","yahoo","Michael Egnew","NO",165,713,0,0,0,0,0,0,0,0,0,0,0,0,0,NA,NA,NA,NA,NA,NA,NA,NA,NA,NA,NA,0
"EVANRODRIGUEZ","TE","yahoo","Evan Rodriguez","TB",166,714,0,0,0,0,0,0,0,0,0,0,0,0,0,NA,NA,NA,NA,NA,NA,NA,NA,NA,NA,NA,0
"GERELLROBINSON","TE","yahoo","Gerell Robinson","MIA",167,715,0,0,0,0,0,0,0,0,0,0,0,0,0,NA,NA,NA,NA,NA,NA,NA,NA,NA,NA,NA,0
"SEANMCGRATH","TE","yahoo","Sean McGrath","IND",168,716,0,0,0,0,0,0,0,0,0,0,0,0,0,NA,NA,NA,NA,NA,NA,NA,NA,NA,NA,NA,0
"EMILIGWENAGU","TE","yahoo","Emil Igwenagu","DET",169,717,0,0,0,0,0,0,0,0,0,0,0,0,0,NA,NA,NA,NA,NA,NA,NA,NA,NA,NA,NA,0
"BRADSMELLEY","TE","yahoo","Brad Smelley","STL",170,718,0,0,0,0,0,0,0,0,0,0,0,0,0,NA,NA,NA,NA,NA,NA,NA,NA,NA,NA,NA,0
"COREYACOSTA","K","yahoo","Corey Acosta","SF",34,719,NA,NA,NA,NA,NA,NA,NA,NA,NA,NA,NA,NA,NA,NA,NA,NA,NA,NA,NA,0,0,0,0,0,0
"JASONMYERS","K","yahoo","Jason Myers","JAC",35,720,NA,NA,NA,NA,NA,NA,NA,NA,NA,NA,NA,NA,NA,NA,NA,NA,NA,NA,NA,0,0,0,0,0,0
"ANDREWFURNEY","K","yahoo","Andrew Furney","NYJ",36,721,NA,NA,NA,NA,NA,NA,NA,NA,NA,NA,NA,NA,NA,NA,NA,NA,NA,NA,NA,0,0,0,0,0,0
"JOSHLAMBO","K","yahoo","Josh Lambo","SD",37,722,NA,NA,NA,NA,NA,NA,NA,NA,NA,NA,NA,NA,NA,NA,NA,NA,NA,NA,NA,0,0,0,0,0,0
"MIKEMEYER","K","yahoo","Mike Meyer","TEN",38,723,NA,NA,NA,NA,NA,NA,NA,NA,NA,NA,NA,NA,NA,NA,NA,NA,NA,NA,NA,0,0,0,0,0,0
"TOMOBARSKI","K","yahoo","Tom Obarski","CIN",39,724,NA,NA,NA,NA,NA,NA,NA,NA,NA,NA,NA,NA,NA,NA,NA,NA,NA,NA,NA,0,0,0,0,0,0
"KASEYREDFERN","K","yahoo","Kasey Redfern","JAC",40,725,NA,NA,NA,NA,NA,NA,NA,NA,NA,NA,NA,NA,NA,NA,NA,NA,NA,NA,NA,0,0,0,0,0,0
"ANDREWFRANKS","K","yahoo","Andrew Franks","MIA",41,726,NA,NA,NA,NA,NA,NA,NA,NA,NA,NA,NA,NA,NA,NA,NA,NA,NA,NA,NA,0,0,0,0,0,0
"KYLEBRINDZA","K","yahoo","Kyle Brindza","DET",42,727,NA,NA,NA,NA,NA,NA,NA,NA,NA,NA,NA,NA,NA,NA,NA,NA,NA,NA,NA,0,0,0,0,0,0
"TYLONG","K","yahoo","Ty Long","WAS",43,728,NA,NA,NA,NA,NA,NA,NA,NA,NA,NA,NA,NA,NA,NA,NA,NA,NA,NA,NA,0,0,0,0,0,0
"TAYLORPONTIUS","K","yahoo","Taylor Pontius","IND",44,729,NA,NA,NA,NA,NA,NA,NA,NA,NA,NA,NA,NA,NA,NA,NA,NA,NA,NA,NA,0,0,0,0,0,0
"JEREMIAHDETMER","K","yahoo","Jeremiah Detmer","CHI",45,730,NA,NA,NA,NA,NA,NA,NA,NA,NA,NA,NA,NA,NA,NA,NA,NA,NA,NA,NA,0,0,0,0,0,0
"GIORGIOTAVECCHIO","K","yahoo","Giorgio Tavecchio","OAK",46,731,NA,NA,NA,NA,NA,NA,NA,NA,NA,NA,NA,NA,NA,NA,NA,NA,NA,NA,NA,0,0,0,0,0,0
"SHAUNSUISHAM","K","yahoo","Shaun Suisham","PIT",47,732,NA,NA,NA,NA,NA,NA,NA,NA,NA,NA,NA,NA,NA,NA,NA,NA,NA,NA,NA,0,0,0,0,0,0
"BILLYCUNDIFF","K","yahoo","Billy Cundiff","CLE",48,733,NA,NA,NA,NA,NA,NA,NA,NA,NA,NA,NA,NA,NA,NA,NA,NA,NA,NA,NA,0,0,0,0,0,0
"SHAYNEGRAHAM","K","yahoo","Shayne Graham","NO",49,734,NA,NA,NA,NA,NA,NA,NA,NA,NA,NA,NA,NA,NA,NA,NA,NA,NA,NA,NA,0,0,0,0,0,0
"JAYFEELY","K","yahoo","Jay Feely","CHI",50,735,NA,NA,NA,NA,NA,NA,NA,NA,NA,NA,NA,NA,NA,NA,NA,NA,NA,NA,NA,0,0,0,0,0,0
"DEREKDIMKE","K","yahoo","Derek Dimke","JAC",51,736,NA,NA,NA,NA,NA,NA,NA,NA,NA,NA,NA,NA,NA,NA,NA,NA,NA,NA,NA,0,0,0,0,0,0
"BRANDONBOGOTAY","K","yahoo","Brandon Bogotay","TB",52,737,NA,NA,NA,NA,NA,NA,NA,NA,NA,NA,NA,NA,NA,NA,NA,NA,NA,NA,NA,0,0,0,0,0,0
"CHRISBOSWELL","K","yahoo","Chris Boswell","NYG",53,738,NA,NA,NA,NA,NA,NA,NA,NA,NA,NA,NA,NA,NA,NA,NA,NA,NA,NA,NA,0,0,0,0,0,0
"CAREYSPEAR","K","yahoo","Carey Spear","CLE",54,739,NA,NA,NA,NA,NA,NA,NA,NA,NA,NA,NA,NA,NA,NA,NA,NA,NA,NA,NA,0,0,0,0,0,0
"ZACHHOCKER","K","yahoo","Zach Hocker","NO",55,740,NA,NA,NA,NA,NA,NA,NA,NA,NA,NA,NA,NA,NA,NA,NA,NA,NA,NA,NA,0,0,0,0,0,0
"JORDANGAY","K","yahoo","Jordan Gay","BUF",56,741,NA,NA,NA,NA,NA,NA,NA,NA,NA,NA,NA,NA,NA,NA,NA,NA,NA,NA,NA,0,0,0,0,0,0
"MICHAELPALARDY","K","yahoo","Michael Palardy","STL",57,742,NA,NA,NA,NA,NA,NA,NA,NA,NA,NA,NA,NA,NA,NA,NA,NA,NA,NA,NA,0,0,0,0,0,0
